# Params: coro_param=3.000000 diameter=25.600000 grid_size=512 mefs_x=1.500000 mefs_y=0.000000
# MEFS Point Source Coupling Data
# Input Scene File: scene.exozodi.txt
# Total Light in Focal Plane (before coupling): 1.856338222404571e+01
# Total Light Gathered:                         3.478443740760549e+00
# Average Coupling Efficiency:                  1.873820028472406e-01
# Format:
# Col 1: X coordinate (lambda/D)
# Col 2: Y coordinate (lambda/D)
# Col 3: Input flux
# Col 4: Light in focal plane (before coupling)
# Col 5: Coupling efficiency (0.0 to 1.0)
# Col 6: Coupled flux
# ----------------------------------------------------------------------
    0.0000    -1.5000   1.17964696e-02   8.08878812e-03   3.47291945e-03   2.80917096e-05
   -1.0000    -1.4000   1.20099803e-02   1.04663460e-02   6.92447977e-04   5.70244172e-06
   -0.9000    -1.4000   1.22737834e-02   1.02288406e-02   2.65740959e-03   2.23649720e-05
   -0.8000    -1.4000   1.25198380e-02   9.91806149e-03   5.81207626e-03   4.98955048e-05
   -0.7000    -1.4000   1.27452852e-02   9.56040171e-03   9.63552428e-03   8.42085750e-05
   -0.6000    -1.4000   1.29473446e-02   9.18421817e-03   1.32772391e-02   1.17874508e-04
   -0.5000    -1.4000   1.31233901e-02   8.81701489e-03   1.57842658e-02   1.42037112e-04
   -0.4000    -1.4000   1.32710283e-02   8.48332832e-03   1.63926401e-02   1.49171167e-04
   -0.3000    -1.4000   1.33881748e-02   8.20344550e-03   1.47953156e-02   1.35824157e-04
   -0.2000    -1.4000   1.34731251e-02   7.99287816e-03   1.12992876e-02   1.04388057e-04
   -0.1000    -1.4000   1.35246148e-02   7.86237403e-03   6.81309555e-03   6.31830799e-05
    0.0000    -1.4000   1.35418656e-02   7.81819013e-03   2.65463218e-03   2.46498489e-05
    0.1000    -1.4000   1.35246148e-02   7.86237403e-03   2.23623901e-04   2.07383658e-06
    0.2000    -1.4000   1.34731251e-02   7.99287816e-03   6.26388588e-04   5.78686816e-06
    0.3000    -1.4000   1.33881748e-02   8.20344550e-03   4.35861784e-03   4.00130424e-05
    0.4000    -1.4000   1.32710283e-02   8.48332832e-03   1.11386306e-02   1.01360275e-04
    0.5000    -1.4000   1.31233901e-02   8.81701489e-03   1.99421612e-02   1.79452565e-04
    0.6000    -1.4000   1.29473446e-02   9.18421817e-03   2.92324637e-02   2.59524006e-04
    0.7000    -1.4000   1.27452852e-02   9.56040171e-03   3.73236028e-02   3.26185406e-04
    0.8000    -1.4000   1.25198380e-02   9.91806149e-03   4.27772222e-02   3.67233842e-04
    0.9000    -1.4000   1.22737834e-02   1.02288406e-02   4.47251490e-02   3.76410438e-04
    1.0000    -1.4000   1.20099803e-02   1.04663460e-02   4.30340091e-02   3.54393307e-04
   -1.4000    -1.3000   1.21752553e-02   1.15507404e-02   3.05016386e-03   2.54643536e-05
   -1.3000    -1.3000   1.25642871e-02   1.16666776e-02   2.08921537e-03   1.79991697e-05
   -1.2000    -1.3000   1.29473446e-02   1.16378036e-02   8.76596465e-04   7.78236923e-06
   -1.1000    -1.3000   1.33209819e-02   1.14615451e-02   6.56331542e-05   5.99502397e-07
   -1.0000    -1.3000   1.36814724e-02   1.11497784e-02   2.92953485e-04   2.74829227e-06
   -0.9000    -1.3000   1.40248647e-02   1.07267756e-02   1.93237497e-03   1.85832424e-05
   -0.8000    -1.3000   1.43470576e-02   1.02255438e-02   4.91582938e-03   4.83605299e-05
   -0.7000    -1.3000   1.46438933e-02   9.68342056e-03   8.69027770e-03   8.72612876e-05
   -0.6000    -1.3000   1.49112677e-02   9.13781184e-03   1.23385862e-02   1.26157006e-04
   -0.5000    -1.3000   1.51452534e-02   8.62277862e-03   1.48391886e-02   1.54105488e-04
   -0.4000    -1.3000   1.53422292e-02   8.16685715e-03   1.53910601e-02   1.61915494e-04
   -0.3000    -1.3000   1.54990111e-02   7.79215567e-03   1.37033278e-02   1.45633552e-04
   -0.2000    -1.3000   1.56129744e-02   7.51448601e-03   1.01528245e-02   1.08693591e-04
   -0.1000    -1.3000   1.56821604e-02   7.34412160e-03   5.74839248e-03   6.18135538e-05
    0.0000    -1.3000   1.57053589e-02   7.28673362e-03   1.89785194e-03   2.04381509e-05
    0.1000    -1.3000   1.56821604e-02   7.34412160e-03   3.49604971e-05   3.75936852e-07
    0.2000    -1.3000   1.56129744e-02   7.51448601e-03   1.21004048e-03   1.29543896e-05
    0.3000    -1.3000   1.54990111e-02   7.79215567e-03   5.76403170e-03   6.12578511e-05
    0.4000    -1.3000   1.53422292e-02   8.16685715e-03   1.31854651e-02   1.38712414e-04
    0.5000    -1.3000   1.51452534e-02   8.62277862e-03   2.21985173e-02   2.30532372e-04
    0.6000    -1.3000   1.49112677e-02   9.13781184e-03   3.10630775e-02   3.17607285e-04
    0.7000    -1.3000   1.46438933e-02   9.68342056e-03   3.80051000e-02   3.81618871e-04
    0.8000    -1.3000   1.43470576e-02   1.02255438e-02   4.16567664e-02   4.09807407e-04
    0.9000    -1.3000   1.40248647e-02   1.07267756e-02   4.13832288e-02   3.97973782e-04
    1.0000    -1.3000   1.36814724e-02   1.11497784e-02   3.74068909e-02   3.50926255e-04
    1.1000    -1.3000   1.33209819e-02   1.14615451e-02   3.07007518e-02   2.80424954e-04
    1.2000    -1.3000   1.29473446e-02   1.16378036e-02   2.26905219e-02   2.01445051e-04
    1.3000    -1.3000   1.25642871e-02   1.16666776e-02   1.48599865e-02   1.28022905e-04
    1.4000    -1.3000   1.21752553e-02   1.15507404e-02   8.37876091e-03   6.99502518e-05
   -1.8000    -1.2000   1.17964696e-02   1.13011609e-02   1.49397232e-03   1.20844255e-05
   -1.7000    -1.2000   1.22737834e-02   1.18090977e-02   3.26624058e-03   2.74889424e-05
   -1.6000    -1.2000   1.27606041e-02   1.22586878e-02   4.87658163e-03   4.26695577e-05
   -1.5000    -1.2000   1.32544602e-02   1.26017591e-02   5.69242955e-03   5.17357938e-05
   -1.4000    -1.2000   1.37523609e-02   1.27954891e-02   5.37747540e-03   5.07092399e-05
   -1.3000    -1.2000   1.42507686e-02   1.28093945e-02   4.02826765e-03   3.93629841e-05
   -1.2000    -1.2000   1.47455870e-02   1.26303271e-02   2.16403999e-03   2.18805762e-05
   -1.1000    -1.2000   1.52321702e-02   1.22645285e-02   5.65307614e-04   5.90443065e-06
   -1.0000    -1.2000   1.57053589e-02   1.17364722e-02   8.55920003e-06   9.21748521e-08
   -0.9000    -1.2000   1.61595474e-02   1.10849341e-02   9.82797475e-04   1.08899186e-05
   -0.8000    -1.2000   1.65887853e-02   1.03572944e-02   3.48506899e-03   3.96421659e-05
   -0.7000    -1.2000   1.69869162e-02   9.60334263e-03   6.97123784e-03   8.11999668e-05
   -0.6000    -1.2000   1.73477494e-02   8.86979656e-03   1.04904431e-02   1.24786723e-04
   -0.5000    -1.2000   1.76652622e-02   8.19640122e-03   1.29715454e-02   1.57124250e-04
   -0.4000    -1.2000   1.79338220e-02   7.61397805e-03   1.35768255e-02   1.66956180e-04
   -0.3000    -1.2000   1.81484147e-02   7.14430008e-03   1.20102178e-02   1.49458626e-04
   -0.2000    -1.2000   1.83048666e-02   6.80130109e-03   8.67494983e-03   1.08884221e-04
   -0.1000    -1.2000   1.84000392e-02   6.59294940e-03   4.61789122e-03   5.82631357e-05
    0.0000    -1.2000   1.84319837e-02   6.52312198e-03   1.26301062e-03   1.59628521e-05
    0.1000    -1.2000   1.84000392e-02   6.59294940e-03   4.02173914e-06   5.07415878e-08
    0.2000    -1.2000   1.83048666e-02   6.80130109e-03   1.77484258e-03   2.22770570e-05
    0.3000    -1.2000   1.81484147e-02   7.14430008e-03   6.72954428e-03   8.37443967e-05
    0.4000    -1.2000   1.79338220e-02   7.61397805e-03   1.41355062e-02   1.73826357e-04
    0.5000    -1.2000   1.76652622e-02   8.19640122e-03   2.25219607e-02   2.72808372e-04
    0.6000    -1.2000   1.73477494e-02   8.86979656e-03   3.00493757e-02   3.57445637e-04
    0.7000    -1.2000   1.69869162e-02   9.60334263e-03   3.49968800e-02   4.07638581e-04
    0.8000    -1.2000   1.65887853e-02   1.03572944e-02   3.62267753e-02   4.12074436e-04
    0.9000    -1.2000   1.61595474e-02   1.10849341e-02   3.34896144e-02   3.71082733e-04
    1.0000    -1.2000   1.57053589e-02   1.17364722e-02   2.74797144e-02   2.95931699e-04
    1.1000    -1.2000   1.52321702e-02   1.22645285e-02   1.96254302e-02   2.04980419e-04
    1.2000    -1.2000   1.47455870e-02   1.26303271e-02   1.16782058e-02   1.18078165e-04
    1.3000    -1.2000   1.42507686e-02   1.28093945e-02   5.22464003e-03   5.10535646e-05
    1.4000    -1.2000   1.37523609e-02   1.27954891e-02   1.26779869e-03   1.19552584e-05
    1.5000    -1.2000   1.32544602e-02   1.26017591e-02   9.23179640e-07   8.39034214e-09
    1.6000    -1.2000   1.27606041e-02   1.22586878e-02   8.35793173e-04   7.31309917e-06
    1.7000    -1.2000   1.22737834e-02   1.18090977e-02   2.66842831e-03   2.24577065e-05
    1.8000    -1.2000   1.17964696e-02   1.13011609e-02   4.29151083e-03   3.47131218e-05
   -2.0000    -1.1000   1.20099803e-02   1.13949352e-02   2.02363122e-06   1.66649907e-08
   -1.9000    -1.1000   1.25642871e-02   1.20064939e-02   8.62805006e-04   7.43330437e-06
   -1.8000    -1.1000   1.31396319e-02   1.26290904e-02   3.01090327e-03   2.71276024e-05
   -1.7000    -1.1000   1.37345700e-02   1.32106648e-02   5.74074841e-03   5.40648484e-05
   -1.6000    -1.1000   1.43470576e-02   1.36909021e-02   8.14618173e-03   8.01398165e-05
   -1.5000    -1.1000   1.49743619e-02   1.40102768e-02   9.41597483e-03   9.66818658e-05
   -1.4000    -1.1000   1.56129744e-02   1.41197387e-02   9.10717742e-03   9.74991554e-05
   -1.3000    -1.1000   1.62585339e-02   1.39890528e-02   7.30421142e-03   8.14303166e-05
   -1.2000    -1.1000   1.69057685e-02   1.36120643e-02   4.60612396e-03   5.33951668e-05
   -1.1000    -1.1000   1.75484671e-02   1.30078466e-02   1.93966831e-03   2.33398503e-05
   -1.0000    -1.1000   1.81794908e-02   1.22176305e-02   2.54290996e-04   3.16988936e-06
   -0.9000    -1.1000   1.87908365e-02   1.12983542e-02   1.97231426e-04   2.54128654e-06
   -0.8000    -1.1000   1.93737639e-02   1.03143656e-02   1.87796338e-03   2.49478158e-05
   -0.7000    -1.1000   1.99189918e-02   9.32907913e-03   4.80606662e-03   6.56430190e-05
   -0.6000    -1.1000   2.04169666e-02   8.39818977e-03   8.03212258e-03   1.12448315e-04
   -0.5000    -1.1000   2.08581977e-02   7.56547709e-03   1.04542837e-02   1.49521094e-04
   -0.4000    -1.1000   2.12336452e-02   6.86149027e-03   1.11955524e-02   1.63005212e-04
   -0.3000    -1.1000   2.15351371e-02   6.30471617e-03   9.92813515e-03   1.46604307e-04
   -0.2000    -1.1000   2.17557840e-02   5.90437423e-03   7.03234645e-03   1.04907468e-04
   -0.1000    -1.1000   2.18903559e-02   5.66382238e-03   3.52655625e-03   5.29340406e-05
    0.0000    -1.1000   2.19355839e-02   5.58365539e-03   7.77118189e-04   1.16887395e-05
    0.1000    -1.1000   2.18903559e-02   5.66382238e-03   7.02902236e-05   1.05506485e-06
    0.2000    -1.1000   2.17557840e-02   5.90437423e-03   2.17792229e-03   3.24899114e-05
    0.3000    -1.1000   2.15351371e-02   6.30471617e-03   7.05786207e-03   1.04220275e-04
    0.4000    -1.1000   2.12336452e-02   6.86149027e-03   1.37939025e-02   2.00836718e-04
    0.5000    -1.1000   2.08581977e-02   7.56547709e-03   2.08084846e-02   2.97610767e-04
    0.6000    -1.1000   2.04169666e-02   8.39818977e-03   2.62959465e-02   3.68138666e-04
    0.7000    -1.1000   1.99189918e-02   9.32907913e-03   2.87517631e-02   3.92702116e-04
    0.8000    -1.1000   1.93737639e-02   1.03143656e-02   2.74375490e-02   3.64494286e-04
    0.9000    -1.1000   1.87908365e-02   1.12983542e-02   2.26352219e-02   2.91650199e-04
    1.0000    -1.1000   1.81794908e-02   1.22176305e-02   1.56039131e-02   1.94512110e-04
    1.1000    -1.1000   1.75484671e-02   1.30078466e-02   8.24239802e-03   9.91800166e-05
    1.2000    -1.1000   1.69057685e-02   1.36120643e-02   2.55075102e-03   2.95688472e-05
    1.3000    -1.1000   1.62585339e-02   1.39890528e-02   4.91959244e-05   5.48456154e-07
    1.4000    -1.1000   1.56129744e-02   1.41197387e-02   1.32903830e-03   1.42283504e-05
    1.5000    -1.1000   1.49743619e-02   1.40102768e-02   5.87390677e-03   6.03124240e-05
    1.6000    -1.1000   1.43470576e-02   1.36909021e-02   1.22096908e-02   1.20115462e-04
    1.7000    -1.1000   1.37345700e-02   1.32106648e-02   1.83425528e-02   1.72745305e-04
    1.8000    -1.1000   1.31396319e-02   1.26290904e-02   2.23564822e-02   2.01427182e-04
    1.9000    -1.1000   1.25642871e-02   1.20064939e-02   2.29921973e-02   1.98084156e-04
    2.0000    -1.1000   1.20099803e-02   1.13949352e-02   2.00333250e-02   1.64978268e-04
   -2.2000    -1.0000   1.20099803e-02   1.13191791e-02   2.29375525e-03   1.88895138e-05
   -2.1000    -1.0000   1.26240459e-02   1.19413800e-02   3.31484474e-04   2.86941368e-06
   -2.0000    -1.0000   1.32710283e-02   1.26389511e-02   1.84280841e-04   1.67693477e-06
   -1.9000    -1.0000   1.39511467e-02   1.33801473e-02   2.02575164e-03   1.93788281e-05
   -1.8000    -1.0000   1.46641196e-02   1.41118246e-02   5.42129085e-03   5.45117483e-05
   -1.7000    -1.0000   1.54090314e-02   1.47646199e-02   9.43973692e-03   9.97393740e-05
   -1.6000    -1.0000   1.61841808e-02   1.52622708e-02   1.29260160e-02   1.43445464e-04
   -1.5000    -1.0000   1.69869162e-02   1.55334683e-02   1.48531864e-02   1.73007759e-04
   -1.4000    -1.0000   1.78134608e-02   1.55239091e-02   1.46434966e-02   1.78864643e-04
   -1.3000    -1.0000   1.86587392e-02   1.52060247e-02   1.23543201e-02   1.58063849e-04
   -1.2000    -1.0000   1.95162180e-02   1.45842926e-02   8.66546025e-03   1.15962803e-04
   -1.1000    -1.0000   2.03777785e-02   1.36950023e-02   4.66724762e-03   6.52152387e-05
   -1.0000    -1.0000   2.12336452e-02   1.26006090e-02   1.51409902e-03   2.20450071e-05
   -0.9000    -1.0000   2.20723963e-02   1.13800359e-02   5.42548205e-05   8.21143810e-07
   -0.8000    -1.0000   2.28810832e-02   1.01171414e-02   5.57308058e-04   8.74386233e-06
   -0.7000    -1.0000   2.36454847e-02   8.88982635e-03   2.63200801e-03   4.26743422e-05
   -0.6000    -1.0000   2.43505106e-02   7.76187224e-03   5.36593741e-03   8.95952700e-05
   -0.5000    -1.0000   2.49807591e-02   6.77871836e-03   7.64518190e-03   1.30955837e-04
   -0.4000    -1.0000   2.55212082e-02   5.96730642e-03   8.55010894e-03   1.49625042e-04
   -0.3000    -1.0000   2.59580015e-02   5.33917753e-03   7.69401250e-03   1.36947954e-04
   -0.2000    -1.0000   2.62792639e-02   4.89544778e-03   5.38574883e-03   9.70489185e-05
   -0.1000    -1.0000   2.64758669e-02   4.63219373e-03   2.55252230e-03   4.63394784e-05
    0.0000    -1.0000   2.65420565e-02   4.54504395e-03   4.37933843e-04   7.97029666e-06
    0.1000    -1.0000   2.64758669e-02   4.63219373e-03   1.67879384e-04   3.04774736e-06
    0.2000    -1.0000   2.62792639e-02   4.89544778e-03   2.32691532e-03   4.19300310e-05
    0.3000    -1.0000   2.59580015e-02   5.33917753e-03   6.69233551e-03   1.19118816e-04
    0.4000    -1.0000   2.55212082e-02   5.96730642e-03   1.22287319e-02   2.14000142e-04
    0.5000    -1.0000   2.49807591e-02   6.77871836e-03   1.73645938e-02   2.97441573e-04
    0.6000    -1.0000   2.43505106e-02   7.76187224e-03   2.04795287e-02   3.41947504e-04
    0.7000    -1.0000   2.36454847e-02   8.88982635e-03   2.04559094e-02   3.31664065e-04
    0.8000    -1.0000   2.28810832e-02   1.01171414e-02   1.71175107e-02   2.68564494e-04
    0.9000    -1.0000   2.20723963e-02   1.13800359e-02   1.14023085e-02   1.72573331e-04
    1.0000    -1.0000   2.12336452e-02   1.26006090e-02   5.19190608e-03   7.55932108e-05
    1.1000    -1.0000   2.03777785e-02   1.36950023e-02   8.24357545e-04   1.15187105e-05
    1.2000    -1.0000   1.95162180e-02   1.45842926e-02   4.18694497e-04   5.60304774e-06
    1.3000    -1.0000   1.86587392e-02   1.52060247e-02   5.20605642e-03   6.66074141e-05
    1.4000    -1.0000   1.78134608e-02   1.55239091e-02   1.50716602e-02   1.84094496e-04
    1.5000    -1.0000   1.69869162e-02   1.55334683e-02   2.84587252e-02   3.31483101e-04
    1.6000    -1.0000   1.61841808e-02   1.52622708e-02   4.26839841e-02   4.73682216e-04
    1.7000    -1.0000   1.54090314e-02   1.47646199e-02   5.45940051e-02   5.76835132e-04
    1.8000    -1.0000   1.46641196e-02   1.41118246e-02   6.13882423e-02   6.17266349e-04
    1.9000    -1.0000   1.39511467e-02   1.33801473e-02   6.13801613e-02   5.87177409e-04
    2.0000    -1.0000   1.32710283e-02   1.26389511e-02   5.44793506e-02   4.95755915e-04
    2.1000    -1.0000   1.26240459e-02   1.19413800e-02   4.22529674e-02   3.65752403e-04
    2.2000    -1.0000   1.20099803e-02   1.13191791e-02   2.75426331e-02   2.26818859e-04
   -2.4000    -0.9000   1.17964696e-02   1.11622026e-02   8.71984936e-03   7.05330139e-05
   -2.3000    -0.9000   1.24464509e-02   1.17304736e-02   5.00745844e-03   4.27360415e-05
   -2.2000    -0.9000   1.31396319e-02   1.23970431e-02   1.73809569e-03   1.56598750e-05
   -2.1000    -0.9000   1.38781995e-02   1.31653407e-02   6.65137460e-05   6.32959528e-07
   -2.0000    -0.9000   1.46641196e-02   1.40153737e-02   7.53264302e-04   7.57416548e-06
   -1.9000    -0.9000   1.54990111e-02   1.49003702e-02   3.90658733e-03   4.15176664e-05
   -1.8000    -0.9000   1.63839855e-02   1.57486978e-02   8.91109215e-03   1.00111023e-04
   -1.7000    -0.9000   1.73194496e-02   1.64714823e-02   1.45742874e-02   1.73082366e-04
   -1.6000    -0.9000   1.83048666e-02   1.69750186e-02   1.94543094e-02   2.44182083e-04
   -1.5000    -0.9000   1.93384747e-02   1.71758149e-02   2.22734368e-02   2.95352641e-04
   -1.4000    -0.9000   2.04169666e-02   1.70152829e-02   2.22916189e-02   3.12078776e-04
   -1.3000    -0.9000   2.15351371e-02   1.64709312e-02   1.95232416e-02   2.88290930e-04
   -1.2000    -0.9000   2.26855184e-02   1.55615421e-02   1.47271868e-02   2.29086718e-04
   -1.1000    -0.9000   2.38580283e-02   1.43451014e-02   9.17091421e-03   1.50030166e-04
   -1.0000    -0.9000   2.50396760e-02   1.29098993e-02   4.24150299e-03   7.28248989e-05
   -0.9000    -0.9000   2.62143768e-02   1.13607983e-02   1.02674752e-03   1.84558737e-05
   -0.8000    -0.9000   2.73629449e-02   9.80373943e-03   4.50318532e-07   8.44917029e-09
   -0.7000    -0.9000   2.84633314e-02   8.33181685e-03   9.13300109e-04   1.78250455e-05
   -0.6000    -0.9000   2.94911739e-02   7.01563607e-03   2.92385476e-03   5.91261042e-05
   -0.5000    -0.9000   3.04206952e-02   5.89937270e-03   4.92448820e-03   1.02721569e-04
   -0.4000    -0.9000   3.12259489e-02   5.00240979e-03   5.95096733e-03   1.27419125e-04
   -0.3000    -0.9000   3.18823502e-02   4.32513179e-03   5.53420461e-03   1.20986510e-04
   -0.2000    -0.9000   3.23683616e-02   3.85677192e-03   3.86995289e-03   8.58930064e-05
   -0.1000    -0.9000   3.26671465e-02   3.58324478e-03   1.74252513e-03   3.90320767e-05
    0.0000    -0.9000   3.27679710e-02   3.49345116e-03   2.23111705e-04   5.01306475e-06
    0.1000    -0.9000   3.26671465e-02   3.58324478e-03   2.44111643e-04   5.46803270e-06
    0.2000    -0.9000   3.23683616e-02   3.85677192e-03   2.20032758e-03   4.88359307e-05
    0.3000    -0.9000   3.18823502e-02   4.32513179e-03   5.72749022e-03   1.25212040e-04
    0.4000    -0.9000   3.12259489e-02   5.00240979e-03   9.75587967e-03   2.08887998e-04
    0.5000    -0.9000   3.04206952e-02   5.89937270e-03   1.28467574e-02   2.67974869e-04
    0.6000    -0.9000   2.94911739e-02   7.01563607e-03   1.37201586e-02   2.77448641e-04
    0.7000    -0.9000   2.84633314e-02   8.33181685e-03   1.18071229e-02   2.30441781e-04
    0.8000    -0.9000   2.73629449e-02   9.80373943e-03   7.63442780e-03   1.43242119e-04
    0.9000    -0.9000   2.62143768e-02   1.13607983e-02   2.88698726e-03   5.18938405e-05
    1.0000    -0.9000   2.50396760e-02   1.29098993e-02   8.43141034e-05   1.44763921e-06
    1.1000    -0.9000   2.38580283e-02   1.43451014e-02   1.92684817e-03   3.15219773e-05
    1.2000    -0.9000   2.26855184e-02   1.55615421e-02   1.04790787e-02   1.63005861e-04
    1.3000    -0.9000   2.15351371e-02   1.64709312e-02   2.64234733e-02   3.90183548e-04
    1.4000    -0.9000   2.04169666e-02   1.70152829e-02   4.86185519e-02   6.80651247e-04
    1.5000    -0.9000   1.93384747e-02   1.71758149e-02   7.41223082e-02   9.82884667e-04
    1.6000    -0.9000   1.83048666e-02   1.69750186e-02   9.87168172e-02   1.23905082e-03
    1.7000    -0.9000   1.73194496e-02   1.64714823e-02   1.17826594e-01   1.39929351e-03
    1.8000    -0.9000   1.63839855e-02   1.57486978e-02   1.27604191e-01   1.43356009e-03
    1.9000    -0.9000   1.54990111e-02   1.49003702e-02   1.25897827e-01   1.33799236e-03
    2.0000    -0.9000   1.46641196e-02   1.40153737e-02   1.12836773e-01   1.13458767e-03
    2.1000    -0.9000   1.38781995e-02   1.31653407e-02   9.08667871e-02   8.64708457e-04
    2.2000    -0.9000   1.31396319e-02   1.23970431e-02   6.42138199e-02   5.78552952e-04
    2.3000    -0.9000   1.24464509e-02   1.17304736e-02   3.79083836e-02   3.23528247e-04
    2.4000    -0.9000   1.17964696e-02   1.11622026e-02   1.66215557e-02   1.34448242e-04
   -2.5000    -0.8000   1.20508770e-02   1.14594460e-02   1.23096454e-02   1.01717482e-04
   -2.4000    -0.8000   1.27606041e-02   1.20502432e-02   8.68892468e-03   7.60271439e-05
   -2.3000    -0.8000   1.35246148e-02   1.27438686e-02   4.50904715e-03   4.18158654e-05
   -2.2000    -0.8000   1.43470576e-02   1.35590077e-02   1.17892359e-03   1.15979146e-05
   -2.1000    -0.8000   1.52321702e-02   1.44929198e-02   9.47418888e-06   9.89544273e-08
   -2.0000    -0.8000   1.61841808e-02   1.55137384e-02   1.80900670e-03   2.00753120e-05
   -1.9000    -0.8000   1.72071679e-02   1.65575904e-02   6.60266913e-03   7.79041045e-05
   -1.8000    -0.8000   1.83048666e-02   1.75321732e-02   1.35691327e-02   1.70313888e-04
   -1.7000    -0.8000   1.94804085e-02   1.83271069e-02   2.12246046e-02   2.83510452e-04
   -1.6000    -0.8000   2.07359817e-02   1.88297816e-02   2.78088312e-02   3.95401894e-04
   -1.5000    -0.8000   2.20723963e-02   1.89439475e-02   3.17635753e-02   4.80740015e-04
   -1.4000    -0.8000   2.34885456e-02   1.86073366e-02   3.21621333e-02   5.18003128e-04
   -1.3000    -0.8000   2.49807591e-02   1.78044763e-02   2.89601668e-02   4.96064443e-04
   -1.2000    -0.8000   2.65420565e-02   1.65716711e-02   2.29910680e-02   4.18432226e-04
   -1.1000    -0.8000   2.81613332e-02   1.49927648e-02   1.57074361e-02   3.03312229e-04
   -1.0000    -0.8000   2.98225354e-02   1.31863866e-02   8.74939463e-03   1.78917976e-04
   -0.9000    -0.8000   3.15039247e-02   1.12873914e-02   3.47487657e-03   7.50646478e-05
   -0.8000    -0.8000   3.31775707e-02   9.42658371e-03   5.98487085e-04   1.36154116e-05
   -0.7000    -0.8000   3.48092545e-02   7.71312940e-03   4.96102057e-05   1.18412393e-06
   -0.6000    -0.8000   3.63589815e-02   6.22319723e-03   1.08806516e-03   2.71267660e-05
   -0.5000    -0.8000   3.77822869e-02   4.99656575e-03   2.63020740e-03   6.81411793e-05
   -0.4000    -0.8000   3.90324361e-02   4.04075828e-03   3.66820205e-03   9.81771261e-05
   -0.3000    -0.8000   4.00634816e-02   3.34044909e-03   3.63420258e-03   9.98364724e-05
   -0.2000    -0.8000   4.08339331e-02   2.86900444e-03   2.58074364e-03   7.22599217e-05
   -0.1000    -0.8000   4.13105938e-02   2.59926259e-03   1.11341881e-03   3.15392527e-05
    0.0000    -0.8000   4.14719633e-02   2.51169456e-03   1.00913499e-04   2.86969188e-06
    0.1000    -0.8000   4.13105938e-02   2.59926259e-03   2.70676502e-04   7.66731669e-06
    0.2000    -0.8000   4.08339331e-02   2.86900444e-03   1.84663060e-03   5.17050126e-05
    0.3000    -0.8000   4.00634816e-02   3.34044909e-03   4.37970100e-03   1.20316325e-04
    0.4000    -0.8000   3.90324361e-02   4.04075828e-03   6.86140676e-03   1.83641246e-04
    0.5000    -0.8000   3.77822869e-02   4.99656575e-03   8.11287077e-03   2.10181365e-04
    0.6000    -0.8000   3.63589815e-02   6.22319723e-03   7.33770896e-03   1.82937862e-04
    0.7000    -0.8000   3.48092545e-02   7.71312940e-03   4.65274871e-03   1.11054389e-04
    0.8000    -0.8000   3.31775707e-02   9.42658371e-03   1.39325691e-03   3.16961999e-05
    0.9000    -0.8000   3.15039247e-02   1.12873914e-02   4.00013901e-05   8.64114220e-07
    1.0000    -0.8000   2.98225354e-02   1.31863866e-02   3.72299671e-03   7.61322428e-05
    1.1000    -0.8000   2.81613332e-02   1.49927648e-02   1.53908088e-02   2.97198123e-04
    1.2000    -0.8000   2.65420565e-02   1.65716711e-02   3.68537578e-02   6.70730037e-04
    1.3000    -0.8000   2.49807591e-02   1.78044763e-02   6.79750909e-02   1.16435882e-03
    1.4000    -0.8000   2.34885456e-02   1.86073366e-02   1.06271413e-01   1.71160675e-03
    1.5000    -0.8000   2.20723963e-02   1.89439475e-02   1.47090505e-01   2.22620693e-03
    1.6000    -0.8000   2.07359817e-02   1.88297816e-02   1.84383856e-01   2.62167529e-03
    1.7000    -0.8000   1.94804085e-02   1.83271069e-02   2.11924296e-01   2.83080670e-03
    1.8000    -0.8000   1.83048666e-02   1.75321732e-02   2.24684277e-01   2.82013993e-03
    1.9000    -0.8000   1.72071679e-02   1.65575904e-02   2.20028521e-01   2.59609025e-03
    2.0000    -0.8000   1.61841808e-02   1.55137384e-02   1.98406665e-01   2.20180263e-03
    2.1000    -0.8000   1.52321702e-02   1.44929198e-02   1.63351400e-01   1.70614545e-03
    2.2000    -0.8000   1.43470576e-02   1.35590077e-02   1.20763956e-01   1.18804141e-03
    2.3000    -0.8000   1.35246148e-02   1.27438686e-02   7.76533764e-02   7.20139539e-04
    2.4000    -0.8000   1.27606041e-02   1.20502432e-02   4.06378437e-02   3.55576703e-04
    2.5000    -0.8000   1.20508770e-02   1.14594460e-02   1.45759403e-02   1.20444408e-04
   -2.6000    -0.7000   1.21752553e-02   1.16575707e-02   1.53388401e-02   1.28056611e-04
   -2.5000    -0.7000   1.29315744e-02   1.22653654e-02   1.27411619e-02   1.12977471e-04
   -2.4000    -0.7000   1.37523609e-02   1.29700446e-02   8.49295193e-03   8.00879790e-05
   -2.3000    -0.7000   1.46438933e-02   1.38041784e-02   3.93142873e-03   3.94764753e-05
   -2.2000    -0.7000   1.56129744e-02   1.47848596e-02   6.87461060e-04   7.35978555e-06
   -2.1000    -0.7000   1.66669115e-02   1.59022883e-02   2.24770673e-04   2.56877570e-06
   -2.0000    -0.7000   1.78134608e-02   1.71115191e-02   3.38989273e-03   4.14062276e-05
   -1.9000    -0.7000   1.90607228e-02   1.83301107e-02   1.01103084e-02   1.32140266e-04
   -1.8000    -0.7000   2.04169666e-02   1.94434628e-02   1.93404826e-02   2.70763383e-04
   -1.7000    -0.7000   2.18903559e-02   2.03180593e-02   2.92847515e-02   4.39567701e-04
   -1.6000    -0.7000   2.34885456e-02   2.08209712e-02   3.78430031e-02   6.09499183e-04
   -1.5000    -0.7000   2.52181060e-02   2.08422651e-02   4.31556424e-02   7.46245043e-04
   -1.4000    -0.7000   2.70837312e-02   2.03158536e-02   4.40908872e-02   8.18820561e-04
   -1.3000    -0.7000   2.90871852e-02   1.92341915e-02   4.05317416e-02   8.08403844e-04
   -1.2000    -0.7000   3.12259489e-02   1.76532034e-02   3.33788459e-02   7.14691091e-04
   -1.1000    -0.7000   3.34915540e-02   1.56858018e-02   2.42711778e-02   5.57387929e-04
   -1.0000    -0.7000   3.58676440e-02   1.34849055e-02   1.51125285e-02   3.71681882e-04
   -0.9000    -0.7000   3.83278795e-02   1.12193779e-02   7.55032638e-03   1.98432099e-04
   -0.8000    -0.7000   4.08339331e-02   9.04809410e-03   2.56556618e-03   7.18349582e-05
   -0.7000    -0.7000   4.33339698e-02   7.09784070e-03   2.93928906e-04   8.73377871e-06
   -0.6000    -0.7000   4.57621664e-02   5.44971522e-03   1.20891159e-04   3.79343393e-06
   -0.5000    -0.7000   4.80399213e-02   4.13632483e-03   1.00295622e-03   3.30381462e-05
   -0.4000    -0.7000   5.00793519e-02   3.14908648e-03   1.89324702e-03   6.50125783e-05
   -0.3000    -0.7000   5.17893786e-02   2.45231085e-03   2.11770793e-03   7.52035202e-05
   -0.2000    -0.7000   5.30841131e-02   1.99946986e-03   1.56955696e-03   5.71311616e-05
   -0.1000    -0.7000   5.38925006e-02   1.74752537e-03   6.57971131e-04   2.43145694e-05
    0.0000    -0.7000   5.41674623e-02   1.66700622e-03   3.94852674e-05   1.46657738e-06
    0.1000    -0.7000   5.38925006e-02   1.74752537e-03   2.45266787e-04   9.06355314e-06
    0.2000    -0.7000   5.30841131e-02   1.99946986e-03   1.36369268e-03   4.96377954e-05
    0.3000    -0.7000   5.17893786e-02   2.45231085e-03   2.92680840e-03   1.03936096e-04
    0.4000    -0.7000   5.00793519e-02   3.14908648e-03   4.08150232e-03   1.40155503e-04
    0.5000    -0.7000   4.80399213e-02   4.13632483e-03   4.02164807e-03   1.32476169e-04
    0.6000    -0.7000   4.57621664e-02   5.44971522e-03   2.55028257e-03   8.00251113e-05
    0.7000    -0.7000   4.33339698e-02   7.09784070e-03   5.68766532e-04   1.69002807e-05
    0.8000    -0.7000   4.08339331e-02   9.04809410e-03   2.81449539e-04   7.88048892e-06
    0.9000    -0.7000   3.83278795e-02   1.12193779e-02   4.96905923e-03   1.30593143e-04
    1.0000    -0.7000   3.58676440e-02   1.34849055e-02   1.83076535e-02   4.50263706e-04
    1.1000    -0.7000   3.34915540e-02   1.56858018e-02   4.33577268e-02   9.95710785e-04
    1.2000    -0.7000   3.12259489e-02   1.76532034e-02   8.14744638e-02   1.74449032e-03
    1.3000    -0.7000   2.90871852e-02   1.92341915e-02   1.31452869e-01   2.62182181e-03
    1.4000    -0.7000   2.70837312e-02   2.03158536e-02   1.89195031e-01   3.51357823e-03
    1.5000    -0.7000   2.52181060e-02   2.08422651e-02   2.48071380e-01   4.28963694e-03
    1.6000    -0.7000   2.34885456e-02   2.08209712e-02   2.99970872e-01   4.83132908e-03
    1.7000    -0.7000   2.18903559e-02   2.03180593e-02   3.36844331e-01   5.05607460e-03
    1.8000    -0.7000   2.04169666e-02   1.94434628e-02   3.52395161e-01   4.93347079e-03
    1.9000    -0.7000   1.90607228e-02   1.83301107e-02   3.43507561e-01   4.48959407e-03
    2.0000    -0.7000   1.78134608e-02   1.71115191e-02   3.11046595e-01   3.79931376e-03
    2.1000    -0.7000   1.66669115e-02   1.59022883e-02   2.59808889e-01   2.96920745e-03
    2.2000    -0.7000   1.56129744e-02   1.47848596e-02   1.97610804e-01   2.11557167e-03
    2.3000    -0.7000   1.46438933e-02   1.38041784e-02   1.33716984e-01   1.34268623e-03
    2.4000    -0.7000   1.37523609e-02   1.29700446e-02   7.69779135e-02   7.25896670e-04
    2.5000    -0.7000   1.29315744e-02   1.22653654e-02   3.41154439e-02   3.02505892e-04
    2.6000    -0.7000   1.21752553e-02   1.16575707e-02   8.55167703e-03   7.13938455e-05
   -2.7000    -0.6000   1.21613088e-02   1.17404336e-02   1.69514020e-02   1.41357010e-04
   -2.6000    -0.6000   1.29473446e-02   1.23639612e-02   1.62245593e-02   1.44040635e-04
   -2.5000    -0.6000   1.38060112e-02   1.30689769e-02   1.30000921e-02   1.23068259e-04
   -2.4000    -0.6000   1.47455870e-02   1.38969222e-02   8.18015231e-03   8.27093985e-05
   -2.3000    -0.6000   1.57753679e-02   1.48828173e-02   3.33632987e-03   3.60894189e-05
   -2.2000    -0.6000   1.69057685e-02   1.60419537e-02   3.16770281e-04   3.67206834e-06
   -2.1000    -0.6000   1.81484147e-02   1.73571621e-02   7.29854283e-04   9.08251793e-06
   -2.0000    -0.6000   1.95162180e-02   1.87699932e-02   5.45069763e-03   7.29422508e-05
   -1.9000    -0.6000   2.10234111e-02   2.01788645e-02   1.42995821e-02   2.06137942e-04
   -1.8000    -0.6000   2.26855184e-02   2.14461140e-02   2.59981604e-02   4.04410791e-04
   -1.7000    -0.6000   2.45192208e-02   2.24141030e-02   3.84311077e-02   6.46131590e-04
   -1.6000    -0.6000   2.65420565e-02   2.29283964e-02   4.91507154e-02   8.94531876e-04
   -1.5000    -0.6000   2.87718770e-02   2.28641012e-02   5.59874761e-02   1.10456300e-03
   -1.4000    -0.6000   3.12259489e-02   2.21501732e-02   5.75947966e-02   1.23319087e-03
   -1.3000    -0.6000   3.39195611e-02   2.07863324e-02   5.37726971e-02   1.25067207e-03
   -1.2000    -0.6000   3.68639674e-02   1.88483177e-02   4.54797286e-02   1.14961215e-03
   -1.1000    -0.6000   4.00634816e-02   1.64794667e-02   3.45351077e-02   9.48726235e-04
   -1.0000    -0.6000   4.35115681e-02   1.38695750e-02   2.31054581e-02   6.89367375e-04
   -0.9000    -0.6000   4.71858783e-02   1.12250177e-02   1.31333508e-02   4.24931568e-04
   -0.8000    -0.6000   5.10424164e-02   8.73641149e-03   5.87791437e-03   2.05724440e-04
   -0.7000    -0.6000   5.50094436e-02   6.55095301e-03   1.69685907e-03   6.40050785e-05
   -0.6000    -0.6000   5.89823478e-02   4.75557050e-03   1.17658570e-04   4.75857624e-06
   -0.5000    -0.6000   6.28214356e-02   3.37421343e-03   1.50262215e-04   6.47275323e-06
   -0.4000    -0.6000   6.63551413e-02   2.37866113e-03   7.16393138e-04   3.25954817e-05
   -0.3000    -0.6000   6.93909975e-02   1.70841401e-03   1.03739508e-03   4.93604057e-05
   -0.2000    -0.6000   7.17352879e-02   1.29306255e-03   8.45283311e-04   4.15782827e-05
   -0.1000    -0.6000   7.32194663e-02   1.07105598e-03   3.52740176e-04   1.77097689e-05
    0.0000    -0.6000   7.37279348e-02   1.00173942e-03   1.28619104e-05   6.50232925e-07
    0.1000    -0.6000   7.32194663e-02   1.07105598e-03   1.84862176e-04   9.28124053e-06
    0.2000    -0.6000   7.17352879e-02   1.29306255e-03   8.66019396e-04   4.25982613e-05
    0.3000    -0.6000   6.93909975e-02   1.70841401e-03   1.63432343e-03   7.77629176e-05
    0.4000    -0.6000   6.63551413e-02   2.37866113e-03   1.87212039e-03   8.51804166e-05
    0.5000    -0.6000   6.28214356e-02   3.37421343e-03   1.23097808e-03   5.30260874e-05
    0.6000    -0.6000   5.89823478e-02   4.75557050e-03   1.88826828e-04   7.63690102e-06
    0.7000    -0.6000   5.50094436e-02   6.55095301e-03   4.81781939e-04   1.81726882e-05
    0.8000    -0.6000   5.10424164e-02   8.73641149e-03   5.19404516e-03   1.81789316e-04
    0.9000    -0.6000   4.71858783e-02   1.12250177e-02   1.83679357e-02   5.94297362e-04
    1.0000    -0.6000   4.35115681e-02   1.38695750e-02   4.41350477e-02   1.31679977e-03
    1.1000    -0.6000   4.00634816e-02   1.64794667e-02   8.55297651e-02   2.34961862e-03
    1.2000    -0.6000   3.68639674e-02   1.88483177e-02   1.43278266e-01   3.62171105e-03
    1.3000    -0.6000   3.39195611e-02   2.07863324e-02   2.14914602e-01   4.99859046e-03
    1.4000    -0.6000   3.12259489e-02   2.21501732e-02   2.94534437e-01   6.30642350e-03
    1.5000    -0.6000   2.87718770e-02   2.28641012e-02   3.73359094e-01   7.36590880e-03
    1.6000    -0.6000   2.65420565e-02   2.29283964e-02   4.41079888e-01   8.02755395e-03
    1.7000    -0.6000   2.45192208e-02   2.24141030e-02   4.87738995e-01   8.20022091e-03
    1.8000    -0.6000   2.26855184e-02   2.14461140e-02   5.05738885e-01   7.86695132e-03
    1.9000    -0.6000   2.10234111e-02   2.01788645e-02   4.91506938e-01   7.08539789e-03
    2.0000    -0.6000   1.95162180e-02   1.87699932e-02   4.46399022e-01   5.97379485e-03
    2.1000    -0.6000   1.81484147e-02   1.73571621e-02   3.76595155e-01   4.68645911e-03
    2.2000    -0.6000   1.69057685e-02   1.60419537e-02   2.91980059e-01   3.38469483e-03
    2.3000    -0.6000   1.57753679e-02   1.48828173e-02   2.04248853e-01   2.20938057e-03
    2.4000    -0.6000   1.47455870e-02   1.38969222e-02   1.24667532e-01   1.26051157e-03
    2.5000    -0.6000   1.38060112e-02   1.30689769e-02   6.19988683e-02   5.86926058e-04
    2.6000    -0.6000   1.29473446e-02   1.23639612e-02   2.10558439e-02   1.86932481e-04
    2.7000    -0.6000   1.21613088e-02   1.17404336e-02   2.18096352e-03   1.81869606e-05
   -2.8000    -0.5000   1.20099803e-02   1.16941217e-02   1.65424243e-02   1.36230032e-04
   -2.7000    -0.5000   1.28067824e-02   1.23350885e-02   1.81316406e-02   1.59224004e-04
   -2.6000    -0.5000   1.36814724e-02   1.30368467e-02   1.69275197e-02   1.58802588e-04
   -2.5000    -0.5000   1.46438933e-02   1.38421124e-02   1.31198572e-02   1.31739821e-04
   -2.4000    -0.5000   1.57053589e-02   1.47973019e-02   7.80470193e-03   8.40495892e-05
   -2.3000    -0.5000   1.68788913e-02   1.59399109e-02   2.77786546e-03   3.21504111e-05
   -2.2000    -0.5000   1.81794908e-02   1.72836035e-02   9.14094374e-05   1.13947331e-06
   -2.1000    -0.5000   1.96244411e-02   1.88042040e-02   1.48552268e-03   1.99897790e-05
   -2.0000    -0.5000   2.12336452e-02   2.04302875e-02   7.85497845e-03   1.14367061e-04
   -1.9000    -0.5000   2.30299840e-02   2.20417163e-02   1.89099619e-02   2.98617804e-04
   -1.8000    -0.5000   2.50396760e-02   2.34782191e-02   3.31426002e-02   5.69045104e-04
   -1.7000    -0.5000   2.72926031e-02   2.45581114e-02   4.81255715e-02   9.00642149e-04
   -1.6000    -0.5000   2.98225354e-02   2.51049196e-02   6.10724262e-02   1.24888125e-03
   -1.5000    -0.5000   3.26671465e-02   2.49775033e-02   6.95102366e-02   1.55700990e-03
   -1.4000    -0.5000   3.58676440e-02   2.40978549e-02   7.18789277e-02   1.76781106e-03
   -1.3000    -0.5000   3.94677420e-02   2.24705123e-02   6.78905359e-02   1.83731206e-03
   -1.2000    -0.5000   4.35115681e-02   2.01886768e-02   5.85510110e-02   1.74691004e-03
   -1.1000    -0.5000   4.80399213e-02   1.74245603e-02   4.58462988e-02   1.51021221e-03
   -1.0000    -0.5000   5.30841131e-02   1.44047765e-02   3.21927340e-02   1.17180092e-03
   -0.9000    -0.5000   5.86564785e-02   1.13750336e-02   1.98184719e-02   7.97108720e-04
   -0.8000    -0.5000   6.47367232e-02   8.56118888e-03   1.02567707e-02   4.55294880e-04
   -0.7000    -0.5000   7.12538430e-02   6.13508583e-03   4.08921149e-03   1.99792542e-04
   -0.6000    -0.5000   7.80648721e-02   4.19295639e-03   9.91665189e-04   5.30825929e-05
   -0.5000    -0.5000   8.49345809e-02   2.75133419e-03   3.63558580e-05   2.11733880e-06
   -0.4000    -0.5000   9.15243329e-02   1.76076130e-03   1.22980799e-04   7.71800918e-06
   -0.3000    -0.5000   9.74020423e-02   1.13225957e-03   3.77611928e-04   2.52200054e-05
   -0.2000    -0.5000   1.02084833e-01   7.67596407e-04   3.81632179e-04   2.67139198e-05
   -0.1000    -0.5000   1.05117056e-01   5.84084212e-04   1.66039366e-04   1.19678369e-05
    0.0000    -0.5000   1.06168226e-01   5.28876774e-04   3.28494287e-06   2.39140862e-07
    0.1000    -0.5000   1.05117056e-01   5.84084212e-04   1.14359475e-04   8.24283770e-06
    0.2000    -0.5000   1.02084833e-01   7.67596407e-04   4.50622979e-04   3.15432156e-05
    0.3000    -0.5000   9.74020423e-02   1.13225957e-03   6.89503719e-04   4.60506839e-05
    0.4000    -0.5000   9.15243329e-02   1.76076130e-03   5.03544828e-04   3.16013852e-05
    0.5000    -0.5000   8.49345809e-02   2.75133419e-03   4.78751260e-05   2.78821260e-06
    0.6000    -0.5000   7.80648721e-02   4.19295639e-03   5.01104680e-04   2.68235046e-05
    0.7000    -0.5000   7.12538430e-02   6.13508583e-03   4.43011500e-03   2.16448560e-04
    0.8000    -0.5000   6.47367232e-02   8.56118888e-03   1.57595989e-02   6.99563726e-04
    0.9000    -0.5000   5.86564785e-02   1.13750336e-02   3.92190714e-02   1.57741040e-03
    1.0000    -0.5000   5.30841131e-02   1.44047765e-02   7.92930387e-02   2.88623065e-03
    1.1000    -0.5000   4.80399213e-02   1.74245603e-02   1.38871187e-01   4.57452331e-03
    1.2000    -0.5000   4.35115681e-02   2.01886768e-02   2.17931497e-01   6.50213743e-03
    1.3000    -0.5000   3.94677420e-02   2.24705123e-02   3.12642550e-01   8.46100154e-03
    1.4000    -0.5000   3.58676440e-02   2.40978549e-02   4.15215792e-01   1.02119369e-02
    1.5000    -0.5000   3.26671465e-02   2.49775033e-02   5.14678856e-01   1.15286628e-02
    1.6000    -0.5000   2.98225354e-02   2.51049196e-02   5.98514040e-01   1.22391234e-02
    1.7000    -0.5000   2.72926031e-02   2.45581114e-02   6.54870973e-01   1.22555303e-02
    1.8000    -0.5000   2.50396760e-02   2.34782191e-02   6.74885400e-01   1.15875106e-02
    1.9000    -0.5000   2.30299840e-02   2.20417163e-02   6.54570148e-01   1.03366840e-02
    2.0000    -0.5000   2.12336452e-02   2.04302875e-02   5.95814280e-01   8.67494785e-03
    2.1000    -0.5000   1.96244411e-02   1.88042040e-02   5.06219872e-01   6.81189420e-03
    2.2000    -0.5000   1.81794908e-02   1.72836035e-02   3.97775786e-01   4.95851310e-03
    2.3000    -0.5000   1.68788913e-02   1.59399109e-02   2.84644985e-01   3.29441919e-03
    2.4000    -0.5000   1.57053589e-02   1.47973019e-02   1.80553906e-01   1.94440246e-03
    2.5000    -0.5000   1.46438933e-02   1.38421124e-02   9.63634641e-02   9.67610041e-04
    2.6000    -0.5000   1.36814724e-02   1.30368467e-02   3.83481522e-02   3.59756534e-04
    2.7000    -0.5000   1.28067824e-02   1.23350885e-02   7.52780631e-03   6.61058471e-05
    2.8000    -0.5000   1.20099803e-02   1.16941217e-02   1.35240235e-04   1.11372924e-06
   -2.8000    -0.4000   1.25198380e-02   1.21701846e-02   1.77626044e-02   1.52488383e-04
   -2.7000    -0.4000   1.33881748e-02   1.28706975e-02   1.91048589e-02   1.75386683e-04
   -2.6000    -0.4000   1.43470576e-02   1.36480782e-02   1.74609321e-02   1.71775679e-04
   -2.5000    -0.4000   1.54090314e-02   1.45506444e-02   1.31408997e-02   1.38845512e-04
   -2.4000    -0.4000   1.65887853e-02   1.56295968e-02   7.41967212e-03   8.43977190e-05
   -2.3000    -0.4000   1.79035794e-02   1.69249761e-02   2.29608965e-03   2.81877309e-05
   -2.2000    -0.4000   1.93737639e-02   1.84493040e-02   3.99510256e-06   5.30729641e-08
   -2.1000    -0.4000   2.10234111e-02   2.01723980e-02   2.39813409e-03   3.45706904e-05
   -2.0000    -0.4000   2.28810832e-02   2.20113674e-02   1.03854358e-02   1.62941876e-04
   -1.9000    -0.4000   2.49807591e-02   2.38293963e-02   2.35707741e-02   4.03748465e-04
   -1.8000    -0.4000   2.73629449e-02   2.54455513e-02   4.02332671e-02   7.54882823e-04
   -1.7000    -0.4000   3.00759847e-02   2.66556959e-02   5.76582644e-02   1.18908480e-03
   -1.6000    -0.4000   3.31775707e-02   2.72620644e-02   7.27476935e-02   1.65498941e-03
   -1.5000    -0.4000   3.67364104e-02   2.71067177e-02   8.27484232e-02   2.08443258e-03
   -1.4000    -0.4000   4.08339331e-02   2.61025487e-02   8.59008533e-02   2.40519393e-03
   -1.3000    -0.4000   4.55657623e-02   2.42552152e-02   8.18306900e-02   2.55673821e-03
   -1.2000    -0.4000   5.10424164e-02   2.16705529e-02   7.15805700e-02   2.50528874e-03
   -1.1000    -0.4000   5.73882303e-02   1.85445683e-02   5.72828283e-02   2.25412862e-03
   -1.0000    -0.4000   6.47367232e-02   1.51365821e-02   4.15781738e-02   1.84564228e-03
   -0.9000    -0.4000   7.32194663e-02   1.17297885e-02   2.69552028e-02   1.35332022e-03
   -0.8000    -0.4000   8.29439267e-02   8.58661133e-03   1.52007895e-02   8.64534134e-04
   -0.7000    -0.4000   9.39541824e-02   5.90802065e-03   7.10727823e-03   4.57879123e-04
   -0.6000    -0.4000   1.06168226e-01   3.80585781e-03   2.49411401e-03   1.81569238e-04
   -0.5000    -0.4000   1.19290142e-01   2.29492484e-03   4.98658349e-04   4.07886243e-05
   -0.4000    -0.4000   1.32710283e-01   1.30710487e-03   7.89928695e-06   7.18826158e-07
   -0.3000    -0.4000   1.45435926e-01   7.23551842e-04   6.74211787e-05   6.72356255e-06
   -0.2000    -0.4000   1.56129744e-01   4.14523861e-04   1.27995053e-04   1.37028291e-05
   -0.1000    -0.4000   1.63335732e-01   2.73122844e-04   6.45931906e-05   7.23434722e-06
    0.0000    -0.4000   1.65887853e-01   2.33243978e-04   5.94720201e-07   6.76485801e-08
    0.1000    -0.4000   1.63335732e-01   2.73122844e-04   5.52642711e-05   6.18952125e-06
    0.2000    -0.4000   1.56129744e-01   4.14523861e-04   1.72170351e-04   1.84321256e-05
    0.3000    -0.4000   1.45435926e-01   7.23551842e-04   1.61904343e-04   1.61458758e-05
    0.4000    -0.4000   1.32710283e-01   1.30710487e-03   8.32115857e-06   7.57215997e-07
    0.5000    -0.4000   1.19290142e-01   2.29492484e-03   3.69866532e-04   3.02538743e-05
    0.6000    -0.4000   1.06168226e-01   3.80585781e-03   3.09735395e-03   2.25484559e-04
    0.7000    -0.4000   9.39541824e-02   5.90802065e-03   1.15292997e-02   7.42763333e-04
    0.8000    -0.4000   8.29439267e-02   8.58661133e-03   3.03450666e-02   1.72585416e-03
    0.9000    -0.4000   7.32194663e-02   1.17297885e-02   6.48597708e-02   3.25636724e-03
    1.0000    -0.4000   6.47367232e-02   1.51365821e-02   1.19810090e-01   5.31833286e-03
    1.1000    -0.4000   5.73882303e-02   1.85445683e-02   1.97860454e-01   7.78597924e-03
    1.2000    -0.4000   5.10424164e-02   2.16705529e-02   2.98198089e-01   1.04368031e-02
    1.3000    -0.4000   4.55657623e-02   2.42552152e-02   4.15633460e-01   1.29861541e-02
    1.4000    -0.4000   4.08339331e-02   2.61025487e-02   5.40553526e-01   1.51353102e-02
    1.5000    -0.4000   3.67364104e-02   2.71067177e-02   6.59895875e-01   1.66227755e-02
    1.6000    -0.4000   3.31775707e-02   2.72620644e-02   7.59062935e-01   1.72684667e-02
    1.7000    -0.4000   3.00759847e-02   2.66556959e-02   8.24441560e-01   1.70024357e-02
    1.8000    -0.4000   2.73629449e-02   2.54455513e-02   8.46005136e-01   1.58733007e-02
    1.9000    -0.4000   2.49807591e-02   2.38293963e-02   8.19409524e-01   1.40358283e-02
    2.0000    -0.4000   2.28810832e-02   2.20113674e-02   7.47076099e-01   1.17212204e-02
    2.1000    -0.4000   2.10234111e-02   2.01723980e-02   6.37970488e-01   9.19676693e-03
    2.2000    -0.4000   1.93737639e-02   1.84493040e-02   5.06082927e-01   6.72306170e-03
    2.3000    -0.4000   1.79035794e-02   1.69249761e-02   3.67920134e-01   4.51673729e-03
    2.4000    -0.4000   1.65887853e-02   1.56295968e-02   2.39550848e-01   2.72485695e-03
    2.5000    -0.4000   1.54090314e-02   1.45506444e-02   1.33847327e-01   1.41421829e-03
    2.6000    -0.4000   1.43470576e-02   1.36480782e-02   5.85079438e-02   5.75584493e-04
    2.7000    -0.4000   1.33881748e-02   1.28706975e-02   1.52477988e-02   1.39978048e-04
    2.8000    -0.4000   1.25198380e-02   1.21701846e-02   2.58406701e-04   2.21836951e-06
   -2.9000    -0.3000   1.21058411e-02   1.18665026e-02   1.50487032e-02   1.24918124e-04
   -2.8000    -0.3000   1.29473446e-02   1.25689433e-02   1.87435450e-02   1.66404034e-04
   -2.7000    -0.3000   1.38781995e-02   1.33222577e-02   1.98624620e-02   1.89015584e-04
   -2.6000    -0.3000   1.49112677e-02   1.41671294e-02   1.78443483e-02   1.82451177e-04
   -2.5000    -0.3000   1.60617589e-02   1.51568571e-02   1.31047862e-02   1.44329281e-04
   -2.4000    -0.3000   1.73477494e-02   1.63469785e-02   7.07161237e-03   8.41187855e-05
   -2.3000    -0.3000   1.87908365e-02   1.77800453e-02   1.91481913e-03   2.46720525e-05
   -2.2000    -0.3000   2.04169666e-02   1.94680507e-02   1.96198879e-05   2.74675009e-07
   -2.1000    -0.3000   2.22574898e-02   2.13762414e-02   3.33418635e-03   5.08859000e-05
   -2.0000    -0.3000   2.43505106e-02   2.34125658e-02   1.27719648e-02   2.13254003e-04
   -1.9000    -0.3000   2.67426262e-02   2.54265756e-02   2.78452920e-02   5.10607558e-04
   -1.8000    -0.3000   2.94911739e-02   2.72201320e-02   4.66501972e-02   9.43358903e-04
   -1.7000    -0.3000   3.26671465e-02   2.85699887e-02   6.62264745e-02   1.48345455e-03
   -1.6000    -0.3000   3.63589815e-02   2.92596549e-02   8.32099273e-02   2.07452303e-03
   -1.5000    -0.3000   4.06774813e-02   2.91154746e-02   9.46074001e-02   2.63882488e-03
   -1.4000    -0.3000   4.57621664e-02   2.80402253e-02   9.84867771e-02   3.09040864e-03
   -1.3000    -0.3000   5.17893786e-02   2.60372031e-02   9.43963863e-02   3.35218113e-03
   -1.2000    -0.3000   5.89823478e-02   2.32189752e-02   8.34054696e-02   3.37324586e-03
   -1.1000    -0.3000   6.76230740e-02   1.97976119e-02   6.77665179e-02   3.14225544e-03
   -1.0000    -0.3000   7.80648721e-02   1.60567912e-02   5.03079882e-02   2.69292347e-03
   -0.9000    -0.3000   9.07420736e-02   1.23099905e-02   3.37389759e-02   2.09928791e-03
   -0.8000    -0.3000   1.06168226e-01   8.85219009e-03   2.00634630e-02   1.46060191e-03
   -0.7000    -0.3000   1.24903795e-01   5.91439675e-03   1.02566274e-02   8.78439028e-04
   -0.6000    -0.3000   1.47455870e-01   3.63037976e-03   4.26507281e-03   4.31240878e-04
   -0.5000    -0.3000   1.74046272e-01   2.02321792e-03   1.28722091e-03   1.53620516e-04
   -0.4000    -0.3000   2.04169666e-01   1.01575547e-03   2.04923018e-04   2.86888652e-05
   -0.3000    -0.3000   2.35929391e-01   4.63934929e-04   1.01256850e-06   1.63809041e-07
   -0.2000    -0.3000   2.65420565e-01   2.04881837e-04   2.17242909e-05   3.95377169e-06
   -0.1000    -0.3000   2.86941152e-01   1.03403583e-04   1.82178708e-05   3.58444452e-06
    0.0000    -0.3000   2.94911739e-01   7.81570756e-05   6.31524922e-08   1.27706782e-08
    0.1000    -0.3000   2.86941152e-01   1.03403583e-04   1.84459072e-05   3.62931167e-06
    0.2000    -0.3000   2.65420565e-01   2.04881837e-04   3.45155993e-05   6.28176081e-06
    0.3000    -0.3000   2.35929391e-01   4.63934929e-04   8.05352956e-07   1.30286589e-07
    0.4000    -0.3000   2.04169666e-01   1.01575547e-03   1.96036063e-04   2.74447070e-05
    0.5000    -0.3000   1.74046272e-01   2.02321792e-03   1.73364708e-03   2.06898254e-04
    0.6000    -0.3000   1.47455870e-01   3.63037976e-03   7.05453049e-03   7.13282531e-04
    0.7000    -0.3000   1.24903795e-01   5.91439675e-03   2.01581387e-02   1.72646378e-03
    0.8000    -0.3000   1.06168226e-01   8.85219009e-03   4.63528060e-02   3.37444224e-03
    0.9000    -0.3000   9.07420736e-02   1.23099905e-02   9.14197167e-02   5.68826707e-03
    1.0000    -0.3000   7.80648721e-02   1.60567912e-02   1.60260105e-01   8.57852227e-03
    1.1000    -0.3000   6.76230740e-02   1.97976119e-02   2.55282877e-01   1.18371732e-02
    1.2000    -0.3000   5.89823478e-02   2.32189752e-02   3.74930786e-01   1.51636784e-02
    1.3000    -0.3000   5.17893786e-02   2.60372031e-02   5.12786450e-01   1.82099456e-02
    1.4000    -0.3000   4.57621664e-02   2.80402253e-02   6.57618635e-01   2.06353622e-02
    1.5000    -0.3000   4.06774813e-02   2.91154746e-02   7.94533189e-01   2.21614160e-02
    1.6000    -0.3000   3.63589815e-02   2.92596549e-02   9.07125905e-01   2.26157340e-02
    1.7000    -0.3000   3.26671465e-02   2.85699887e-02   9.80265106e-01   2.19576648e-02
    1.8000    -0.3000   2.94911739e-02   2.72201320e-02   1.00293466e+00   2.02813150e-02
    1.9000    -0.3000   2.67426262e-02   2.54265756e-02   9.70502701e-01   1.77964021e-02
    2.0000    -0.3000   2.43505106e-02   2.34125658e-02   8.85873515e-01   1.47914653e-02
    2.1000    -0.3000   2.22574898e-02   2.13762414e-02   7.59214194e-01   1.15870241e-02
    2.2000    -0.3000   2.04169666e-02   1.94680507e-02   6.06267754e-01   8.48764283e-03
    2.3000    -0.3000   1.87908365e-02   1.77800453e-02   4.45591132e-01   5.74135050e-03
    2.4000    -0.3000   1.73477494e-02   1.63469785e-02   2.95305617e-01   3.51274201e-03
    2.5000    -0.3000   1.60617589e-02   1.51568571e-02   1.70055114e-01   1.87289834e-03
    2.6000    -0.3000   1.49112677e-02   1.41671294e-02   7.88070419e-02   8.05769828e-04
    2.7000    -0.3000   1.38781995e-02   1.33222577e-02   2.39189157e-02   2.27617696e-04
    2.8000    -0.3000   1.29473446e-02   1.25689433e-02   1.58713299e-03   1.40904686e-05
    2.9000    -0.3000   1.21058411e-02   1.18665026e-02   3.47304540e-03   2.88294818e-05
   -2.9000    -0.2000   1.23883578e-02   1.21346860e-02   1.57993611e-02   1.34209937e-04
   -2.8000    -0.2000   1.32710283e-02   1.28706737e-02   1.94605376e-02   1.77088686e-04
   -2.7000    -0.2000   1.42507686e-02   1.36657088e-02   2.04020918e-02   1.99362923e-04
   -2.6000    -0.2000   1.53422292e-02   1.45641707e-02   1.80989584e-02   1.90402855e-04
   -2.5000    -0.2000   1.65629058e-02   1.56233283e-02   1.30490301e-02   1.48199307e-04
   -2.4000    -0.2000   1.79338220e-02   1.69022487e-02   6.79732929e-03   8.35877379e-05
   -2.3000    -0.2000   1.94804085e-02   1.84456911e-02   1.64366650e-03   2.19554918e-05
   -2.2000    -0.2000   2.12336452e-02   2.02656274e-02   8.70301646e-05   1.26714341e-06
   -2.1000    -0.2000   2.32315593e-02   2.23242909e-02   4.14470228e-03   6.60241942e-05
   -2.0000    -0.2000   2.55212082e-02   2.45231900e-02   1.47329804e-02   2.57823946e-04
   -1.9000    -0.2000   2.81613332e-02   2.67020479e-02   3.12918840e-02   6.04249543e-04
   -1.8000    -0.2000   3.12259489e-02   2.86501057e-02   5.17765496e-02   1.10861349e-03
   -1.7000    -0.2000   3.48092545e-02   3.01298509e-02   7.30385789e-02   1.74332535e-03
   -1.6000    -0.2000   3.90324361e-02   3.09104626e-02   9.15099157e-02   2.44920547e-03
   -1.5000    -0.2000   4.40532059e-02   3.08057148e-02   1.04013117e-01   3.14193386e-03
   -1.4000    -0.2000   5.00793519e-02   2.97093773e-02   1.08482703e-01   3.72520869e-03
   -1.3000    -0.2000   5.73882303e-02   2.76208135e-02   1.04405640e-01   4.10845186e-03
   -1.2000    -0.2000   6.63551413e-02   2.46547165e-02   9.28688355e-02   4.22547938e-03
   -1.1000    -0.2000   7.74950556e-02   2.10316396e-02   7.62139975e-02   4.04986124e-03
   -1.0000    -0.2000   9.15243329e-02   1.70496630e-02   5.74110953e-02   3.60299627e-03
   -0.9000    -0.2000   1.09451779e-01   1.30414556e-02   3.93368886e-02   2.95225754e-03
   -0.8000    -0.2000   1.32710283e-01   9.32426445e-03   2.41617875e-02   2.19869528e-03
   -0.7000    -0.2000   1.63335732e-01   6.15221494e-03   1.30024865e-02   1.45626035e-03
   -0.6000    -0.2000   2.04169666e-01   3.68025494e-03   5.90550992e-03   8.26761089e-04
   -0.5000    -0.2000   2.58946893e-01   1.94707381e-03   2.11922249e-03   3.76286525e-04
   -0.4000    -0.2000   3.31775707e-01   8.80863204e-04   5.25074060e-04   1.19452861e-04
   -0.3000    -0.2000   4.24672904e-01   3.27810939e-04   6.17371553e-05   1.79776357e-05
   -0.2000    -0.2000   5.30841131e-01   9.94550150e-05   5.18486297e-08   1.88726661e-08
   -0.1000    -0.2000   6.24518977e-01   2.92923271e-05   2.51415696e-06   1.07663733e-06
    0.0000    -0.2000   6.63551413e-01   1.60831189e-05   2.56962078e-09   1.16916289e-09
    0.1000    -0.2000   6.24518977e-01   2.92923271e-05   2.91056933e-06   1.24639299e-06
    0.2000    -0.2000   5.30841131e-01   9.94550150e-05   2.66570895e-08   9.70305970e-09
    0.3000    -0.2000   4.24672904e-01   3.27810939e-04   6.86712957e-05   1.99968322e-05
    0.4000    -0.2000   3.31775707e-01   8.80863204e-04   7.29517280e-04   1.65963114e-04
    0.5000    -0.2000   2.58946893e-01   1.94707381e-03   3.45803148e-03   6.14003795e-04
    0.6000    -0.2000   2.04169666e-01   3.68025494e-03   1.11551066e-02   1.56169547e-03
    0.7000    -0.2000   1.63335732e-01   6.15221494e-03   2.83263216e-02   3.17250850e-03
    0.8000    -0.2000   1.32710283e-01   9.32426445e-03   6.07517265e-02   5.52833824e-03
    0.9000    -0.2000   1.09451779e-01   1.30414556e-02   1.14549080e-01   8.59697850e-03
    1.0000    -0.2000   9.15243329e-02   1.70496630e-02   1.94716004e-01   1.22199556e-02
    1.1000    -0.2000   7.74950556e-02   2.10316396e-02   3.03429357e-01   1.61236365e-02
    1.2000    -0.2000   6.63551413e-02   2.46547165e-02   4.38522273e-01   1.99525148e-02
    1.3000    -0.2000   5.73882303e-02   2.76208135e-02   5.92598475e-01   2.33192603e-02
    1.4000    -0.2000   5.00793519e-02   2.97093773e-02   7.53153582e-01   2.58626876e-02
    1.5000    -0.2000   4.40532059e-02   3.08057148e-02   9.03864378e-01   2.73031149e-02
    1.6000    -0.2000   3.90324361e-02   3.09104626e-02   1.02692616e+00   2.74850343e-02
    1.7000    -0.2000   3.48092545e-02   3.01298509e-02   1.10603721e+00   2.63995101e-02
    1.8000    -0.2000   3.12259489e-02   2.86501057e-02   1.12942566e+00   2.41826953e-02
    1.9000    -0.2000   2.81613332e-02   2.67020479e-02   1.09224922e+00   2.10914464e-02
    2.0000    -0.2000   2.55212082e-02   2.45231900e-02   9.97798275e-01   1.74612523e-02
    2.1000    -0.2000   2.32315593e-02   2.23242909e-02   8.57181139e-01   1.36547067e-02
    2.2000    -0.2000   2.12336452e-02   2.02656274e-02   6.87507999e-01   1.00099918e-02
    2.3000    -0.2000   1.94804085e-02   1.84456911e-02   5.08933584e-01   6.79814741e-03
    2.4000    -0.2000   1.79338220e-02   1.69022487e-02   3.41180783e-01   4.19554925e-03
    2.5000    -0.2000   1.65629058e-02   1.56233283e-02   2.00280959e-01   2.27461344e-03
    2.6000    -0.2000   1.53422292e-02   1.45641707e-02   9.62036137e-02   1.01207165e-03
    2.7000    -0.2000   1.42507686e-02   1.36657088e-02   3.18260157e-02   3.10993970e-04
    2.8000    -0.2000   1.32710283e-02   1.28706737e-02   3.37134625e-03   3.06788687e-05
    2.9000    -0.2000   1.23883578e-02   1.21346860e-02   2.10514239e-03   1.78824337e-05
   -2.9000    -0.1000   1.25642871e-02   1.23015608e-02   1.62615750e-02   1.40097978e-04
   -2.8000    -0.1000   1.34731251e-02   1.30590000e-02   1.98970053e-02   1.83817759e-04
   -2.7000    -0.1000   1.44840690e-02   1.38808451e-02   2.07246912e-02   2.05830658e-04
   -2.6000    -0.1000   1.56129744e-02   1.48138597e-02   1.82433107e-02   1.95308306e-04
   -2.5000    -0.1000   1.68788913e-02   1.59178882e-02   1.30030875e-02   1.50494909e-04
   -2.4000    -0.1000   1.83048666e-02   1.72543257e-02   6.62270357e-03   8.31253127e-05
   -2.3000    -0.1000   1.99189918e-02   1.88694726e-02   1.48302950e-03   2.02557603e-05
   -2.2000    -0.1000   2.17557840e-02   2.07754958e-02   1.53670698e-04   2.29243596e-06
   -2.1000    -0.1000   2.38580283e-02   2.29330067e-02   4.69434265e-03   7.67963792e-05
   -2.0000    -0.1000   2.62792639e-02   2.52397981e-02   1.60222609e-02   2.88714371e-04
   -1.9000    -0.1000   2.90871852e-02   2.75297922e-02   3.35314053e-02   6.68782437e-04
   -1.8000    -0.1000   3.23683616e-02   2.95846848e-02   5.50880918e-02   1.22267168e-03
   -1.7000    -0.1000   3.62348895e-02   3.11583399e-02   7.74255927e-02   1.92372455e-03
   -1.6000    -0.1000   4.08339331e-02   3.20111585e-02   9.68477082e-02   2.71170205e-03
   -1.5000    -0.1000   4.63616708e-02   3.19490396e-02   1.10060978e-01   3.49883817e-03
   -1.4000    -0.1000   5.30841131e-02   3.08598181e-02   1.14915585e-01   4.18287519e-03
   -1.3000    -0.1000   6.13689168e-02   2.87397128e-02   1.10859052e-01   4.66499334e-03
   -1.2000    -0.1000   7.17352879e-02   2.57035933e-02   9.89882539e-02   4.86909129e-03
   -1.1000    -0.1000   8.49345809e-02   2.19756309e-02   8.16997856e-02   4.75813624e-03
   -1.0000    -0.1000   1.02084833e-01   1.78606700e-02   6.20515778e-02   4.34355634e-03
   -0.9000    -0.1000   1.24903795e-01   1.37006418e-02   4.30252200e-02   3.68493764e-03
   -0.8000    -0.1000   1.56129744e-01   9.82368360e-03   2.68957363e-02   2.87939002e-03
   -0.7000    -0.1000   2.00317408e-01   6.49551882e-03   1.48693414e-02   2.04240485e-03
   -0.6000    -0.1000   2.65420565e-01   3.88257794e-03   7.05639742e-03   1.28424833e-03
   -0.5000    -0.1000   3.66097331e-01   2.03422433e-03   2.73800753e-03   6.87325741e-04
   -0.4000    -0.1000   5.30841131e-01   8.87649243e-04   7.96924167e-04   2.90076783e-04
   -0.3000    -0.1000   8.16678662e-01   2.94302507e-04   1.45834613e-04   8.16663657e-05
   -0.2000    -0.1000   1.32710283e+00   6.22461952e-05   1.03373375e-05   9.40685990e-06
   -0.1000    -0.1000   2.12336452e+00   6.52803135e-06   3.17040223e-10   4.61604814e-10
    0.0000    -0.1000   2.65420565e+00   1.03014694e-06   1.02926502e-11   1.87323899e-11
    0.1000    -0.1000   2.12336452e+00   6.52803135e-06   5.19201679e-11   7.55948227e-11
    0.2000    -0.1000   1.32710283e+00   6.22461952e-05   1.21618810e-05   1.10671739e-05
    0.3000    -0.1000   8.16678662e-01   2.94302507e-04   1.98917688e-04   1.11392518e-04
    0.4000    -0.1000   5.30841131e-01   8.87649243e-04   1.23958551e-03   4.51203503e-04
    0.5000    -0.1000   3.66097331e-01   2.03422433e-03   4.84256492e-03   1.21563564e-03
    0.6000    -0.1000   2.65420565e-01   3.88257794e-03   1.42008893e-02   2.58452966e-03
    0.7000    -0.1000   2.00317408e-01   6.49551882e-03   3.41378380e-02   4.68906349e-03
    0.8000    -0.1000   1.56129744e-01   9.82368360e-03   7.07254094e-02   7.57168480e-03
    0.9000    -0.1000   1.24903795e-01   1.37006418e-02   1.30284112e-01   1.11583120e-02
    1.0000    -0.1000   1.02084833e-01   1.78606700e-02   2.17859594e-01   1.52499816e-02
    1.1000    -0.1000   8.49345809e-02   2.19756309e-02   3.35467646e-01   1.95373923e-02
    1.2000    -0.1000   7.17352879e-02   2.57035933e-02   4.80541854e-01   2.36371697e-02
    1.3000    -0.1000   6.13689168e-02   2.87397128e-02   6.45054789e-01   2.71441640e-02
    1.4000    -0.1000   5.30841131e-02   3.08598181e-02   8.15688015e-01   2.96906739e-02
    1.5000    -0.1000   4.63616708e-02   3.19490396e-02   9.75209470e-01   3.10019061e-02
    1.6000    -0.1000   4.08339331e-02   3.20111585e-02   1.10492746e+00   3.09375836e-02
    1.7000    -0.1000   3.62348895e-02   3.11583399e-02   1.18780215e+00   2.95122592e-02
    1.8000    -0.1000   3.23683616e-02   2.95846848e-02   1.21158773e+00   2.68910023e-02
    1.9000    -0.1000   2.90871852e-02   2.75297922e-02   1.17131385e+00   2.33618043e-02
    2.0000    -0.1000   2.62792639e-02   2.52397981e-02   1.07052031e+00   1.92903238e-02
    2.1000    -0.1000   2.38580283e-02   2.29330067e-02   9.20915727e-01   1.50655797e-02
    2.2000    -0.1000   2.17557840e-02   2.07754958e-02   7.40479740e-01   1.10463634e-02
    2.3000    -0.1000   1.99189918e-02   1.88694726e-02   5.50382647e-01   7.51732788e-03
    2.4000    -0.1000   1.83048666e-02   1.72543257e-02   3.71366127e-01   4.66122711e-03
    2.5000    -0.1000   1.68788913e-02   1.59178882e-02   2.20346184e-01   2.55023885e-03
    2.6000    -0.1000   1.56129744e-02   1.48138597e-02   1.07934602e-01   1.15552076e-03
    2.7000    -0.1000   1.44840690e-02   1.38808451e-02   3.73468472e-02   3.70916317e-04
    2.8000    -0.1000   1.34731251e-02   1.30590000e-02   4.83257801e-03   4.46455960e-05
    2.9000    -0.1000   1.25642871e-02   1.23015608e-02   1.41537042e-03   1.21938087e-05
   -3.0000     0.0000   1.17964696e-02   1.16306519e-02   1.12077421e-02   9.06570508e-05
   -2.9000     0.0000   1.26240459e-02   1.23582231e-02   1.64176245e-02   1.42115121e-04
   -2.8000     0.0000   1.35418656e-02   1.31230472e-02   2.00435118e-02   1.86116006e-04
   -2.7000     0.0000   1.45635427e-02   1.39541446e-02   2.08319681e-02   2.08031329e-04
   -2.6000     0.0000   1.57053589e-02   1.48991039e-02   1.82899535e-02   1.96966276e-04
   -2.5000     0.0000   1.69869162e-02   1.60186633e-02   1.29856433e-02   1.51254889e-04
   -2.4000     0.0000   1.84319837e-02   1.73750340e-02   6.56284826e-03   8.29460766e-05
   -2.3000     0.0000   2.00696080e-02   1.90150720e-02   1.43000184e-03   1.96791752e-05
   -2.2000     0.0000   2.19355839e-02   2.09510526e-02   1.80649748e-04   2.71717723e-06
   -2.1000     0.0000   2.40744277e-02   2.31430884e-02   4.88881477e-03   8.07032384e-05
   -2.0000     0.0000   2.65420565e-02   2.54877732e-02   1.64718787e-02   2.99784458e-04
   -1.9000     0.0000   2.94094809e-02   2.78171305e-02   3.43080167e-02   6.91853878e-04
   -1.8000     0.0000   3.27679710e-02   2.99103699e-02   5.62331984e-02   1.26349563e-03
   -1.7000     0.0000   3.67364104e-02   3.15185011e-02   7.89403199e-02   1.98850647e-03
   -1.6000     0.0000   4.14719633e-02   3.23990070e-02   9.86894623e-02   2.80644662e-03
   -1.5000     0.0000   4.71858783e-02   3.23551525e-02   1.12147553e-01   3.62855118e-03
   -1.4000     0.0000   5.41674623e-02   3.12727605e-02   1.17135915e-01   4.35070834e-03
   -1.3000     0.0000   6.28214356e-02   2.91469345e-02   1.13088465e-01   4.87144244e-03
   -1.2000     0.0000   7.37279348e-02   2.60924879e-02   1.01105285e-01   5.11137020e-03
   -1.1000     0.0000   8.77423356e-02   2.23346216e-02   8.36014924e-02   5.02984531e-03
   -1.0000     0.0000   1.06168226e-01   1.81801758e-02   6.36648550e-02   4.63474371e-03
   -0.9000     0.0000   1.31071884e-01   1.39738046e-02   4.43126283e-02   3.98261624e-03
   -0.8000     0.0000   1.65887853e-01   1.00467782e-02   2.78555230e-02   3.16852627e-03
   -0.7000     0.0000   2.16669849e-01   6.66802487e-03   1.55303877e-02   2.30734314e-03
   -0.6000     0.0000   2.94911739e-01   4.00695769e-03   7.46953741e-03   1.51048764e-03
   -0.5000     0.0000   4.24672904e-01   2.11550709e-03   2.96547631e-03   8.63535944e-04
   -0.4000     0.0000   6.63551413e-01   9.32975912e-04   9.01674012e-04   4.10256565e-04
   -0.3000     0.0000   1.17964696e+00   3.12628302e-04   1.82268465e-04   1.47433100e-04
   -0.2000     0.0000   2.65420565e+00   6.43324757e-05   1.78083657e-05   3.24108218e-05
    0.2000     0.0000   2.65420565e+00   6.43324757e-05   2.24913093e-05   4.09336731e-05
    0.3000     0.0000   1.17964696e+00   3.12628302e-04   2.59052534e-04   2.09542106e-04
    0.4000     0.0000   6.63551413e-01   9.32975912e-04   1.44456848e-03   6.57270472e-04
    0.5000     0.0000   4.24672904e-01   2.11550709e-03   5.36779584e-03   1.56308268e-03
    0.6000     0.0000   2.94911739e-01   4.00695769e-03   1.53219133e-02   3.09839275e-03
    0.7000     0.0000   2.16669849e-01   6.66802487e-03   3.62384780e-02   5.38393538e-03
    0.8000     0.0000   1.65887853e-01   1.00467782e-02   7.42882817e-02   8.45018678e-03
    0.9000     0.0000   1.31071884e-01   1.39738046e-02   1.35859477e-01   1.22104281e-02
    1.0000     0.0000   1.06168226e-01   1.81801758e-02   2.26011945e-01   1.64534646e-02
    1.1000     0.0000   8.77423356e-02   2.23346216e-02   3.46703930e-01   2.08592824e-02
    1.2000     0.0000   7.37279348e-02   2.60924879e-02   4.95229927e-01   2.50363122e-02
    1.3000     0.0000   6.28214356e-02   2.91469345e-02   6.63344502e-01   2.85744841e-02
    1.4000     0.0000   5.41674623e-02   3.12727605e-02   8.37449160e-01   3.11048670e-02
    1.5000     0.0000   4.71858783e-02   3.23551525e-02   1.00000000e+00   3.23551525e-02
    1.6000     0.0000   4.14719633e-02   3.23990070e-02   1.13200160e+00   3.21908945e-02
    1.7000     0.0000   3.67364104e-02   3.15185011e-02   1.21616187e+00   3.06351147e-02
    1.8000     0.0000   3.27679710e-02   2.99103699e-02   1.24007349e+00   2.78630326e-02
    1.9000     0.0000   2.94094809e-02   2.78171305e-02   1.19872317e+00   2.41733961e-02
    2.0000     0.0000   2.65420565e-02   2.54877732e-02   1.09573695e+00   1.99421640e-02
    2.1000     0.0000   2.40744277e-02   2.31430884e-02   9.43029676e-01   1.55672801e-02
    2.2000     0.0000   2.19355839e-02   2.09510526e-02   7.58879353e-01   1.14144068e-02
    2.3000     0.0000   2.00696080e-02   1.90150720e-02   5.64804648e-01   7.77264011e-03
    2.4000     0.0000   1.84319837e-02   1.73750340e-02   3.81896856e-01   4.82669180e-03
    2.5000     0.0000   1.69869162e-02   1.60186633e-02   2.27375909e-01   2.64844159e-03
    2.6000     0.0000   1.57053589e-02   1.48991039e-02   1.12074817e-01   1.20694453e-03
    2.7000     0.0000   1.45635427e-02   1.39541446e-02   3.93263776e-02   3.92719427e-04
    2.8000     0.0000   1.35418656e-02   1.31230472e-02   5.39092701e-03   5.00579844e-05
    2.9000     0.0000   1.26240459e-02   1.23582231e-02   1.21066462e-03   1.04798200e-05
   -2.9000     0.1000   1.25642871e-02   1.23015608e-02   1.62615750e-02   1.40097978e-04
   -2.8000     0.1000   1.34731251e-02   1.30590000e-02   1.98970053e-02   1.83817759e-04
   -2.7000     0.1000   1.44840690e-02   1.38808451e-02   2.07246912e-02   2.05830658e-04
   -2.6000     0.1000   1.56129744e-02   1.48138597e-02   1.82433107e-02   1.95308306e-04
   -2.5000     0.1000   1.68788913e-02   1.59178882e-02   1.30030875e-02   1.50494909e-04
   -2.4000     0.1000   1.83048666e-02   1.72543257e-02   6.62270357e-03   8.31253127e-05
   -2.3000     0.1000   1.99189918e-02   1.88694726e-02   1.48302950e-03   2.02557603e-05
   -2.2000     0.1000   2.17557840e-02   2.07754958e-02   1.53670698e-04   2.29243596e-06
   -2.1000     0.1000   2.38580283e-02   2.29330067e-02   4.69434265e-03   7.67963792e-05
   -2.0000     0.1000   2.62792639e-02   2.52397981e-02   1.60222609e-02   2.88714371e-04
   -1.9000     0.1000   2.90871852e-02   2.75297922e-02   3.35314053e-02   6.68782437e-04
   -1.8000     0.1000   3.23683616e-02   2.95846848e-02   5.50880918e-02   1.22267168e-03
   -1.7000     0.1000   3.62348895e-02   3.11583399e-02   7.74255927e-02   1.92372455e-03
   -1.6000     0.1000   4.08339331e-02   3.20111585e-02   9.68477082e-02   2.71170205e-03
   -1.5000     0.1000   4.63616708e-02   3.19490396e-02   1.10060978e-01   3.49883817e-03
   -1.4000     0.1000   5.30841131e-02   3.08598181e-02   1.14915585e-01   4.18287519e-03
   -1.3000     0.1000   6.13689168e-02   2.87397128e-02   1.10859052e-01   4.66499334e-03
   -1.2000     0.1000   7.17352879e-02   2.57035933e-02   9.89882539e-02   4.86909129e-03
   -1.1000     0.1000   8.49345809e-02   2.19756309e-02   8.16997856e-02   4.75813624e-03
   -1.0000     0.1000   1.02084833e-01   1.78606700e-02   6.20515778e-02   4.34355634e-03
   -0.9000     0.1000   1.24903795e-01   1.37006418e-02   4.30252200e-02   3.68493764e-03
   -0.8000     0.1000   1.56129744e-01   9.82368360e-03   2.68957363e-02   2.87939002e-03
   -0.7000     0.1000   2.00317408e-01   6.49551882e-03   1.48693414e-02   2.04240485e-03
   -0.6000     0.1000   2.65420565e-01   3.88257794e-03   7.05639742e-03   1.28424833e-03
   -0.5000     0.1000   3.66097331e-01   2.03422433e-03   2.73800753e-03   6.87325741e-04
   -0.4000     0.1000   5.30841131e-01   8.87649243e-04   7.96924167e-04   2.90076783e-04
   -0.3000     0.1000   8.16678662e-01   2.94302507e-04   1.45834613e-04   8.16663657e-05
   -0.2000     0.1000   1.32710283e+00   6.22461952e-05   1.03373375e-05   9.40685990e-06
   -0.1000     0.1000   2.12336452e+00   6.52803135e-06   3.17040223e-10   4.61604814e-10
    0.0000     0.1000   2.65420565e+00   1.03014694e-06   1.02926502e-11   1.87323899e-11
    0.1000     0.1000   2.12336452e+00   6.52803135e-06   5.19201679e-11   7.55948227e-11
    0.2000     0.1000   1.32710283e+00   6.22461952e-05   1.21618810e-05   1.10671739e-05
    0.3000     0.1000   8.16678662e-01   2.94302507e-04   1.98917688e-04   1.11392518e-04
    0.4000     0.1000   5.30841131e-01   8.87649243e-04   1.23958551e-03   4.51203503e-04
    0.5000     0.1000   3.66097331e-01   2.03422433e-03   4.84256492e-03   1.21563564e-03
    0.6000     0.1000   2.65420565e-01   3.88257794e-03   1.42008893e-02   2.58452966e-03
    0.7000     0.1000   2.00317408e-01   6.49551882e-03   3.41378380e-02   4.68906349e-03
    0.8000     0.1000   1.56129744e-01   9.82368360e-03   7.07254094e-02   7.57168480e-03
    0.9000     0.1000   1.24903795e-01   1.37006418e-02   1.30284112e-01   1.11583120e-02
    1.0000     0.1000   1.02084833e-01   1.78606700e-02   2.17859594e-01   1.52499816e-02
    1.1000     0.1000   8.49345809e-02   2.19756309e-02   3.35467646e-01   1.95373923e-02
    1.2000     0.1000   7.17352879e-02   2.57035933e-02   4.80541854e-01   2.36371697e-02
    1.3000     0.1000   6.13689168e-02   2.87397128e-02   6.45054789e-01   2.71441640e-02
    1.4000     0.1000   5.30841131e-02   3.08598181e-02   8.15688015e-01   2.96906739e-02
    1.5000     0.1000   4.63616708e-02   3.19490396e-02   9.75209470e-01   3.10019061e-02
    1.6000     0.1000   4.08339331e-02   3.20111585e-02   1.10492746e+00   3.09375836e-02
    1.7000     0.1000   3.62348895e-02   3.11583399e-02   1.18780215e+00   2.95122592e-02
    1.8000     0.1000   3.23683616e-02   2.95846848e-02   1.21158773e+00   2.68910023e-02
    1.9000     0.1000   2.90871852e-02   2.75297922e-02   1.17131385e+00   2.33618043e-02
    2.0000     0.1000   2.62792639e-02   2.52397981e-02   1.07052031e+00   1.92903238e-02
    2.1000     0.1000   2.38580283e-02   2.29330067e-02   9.20915727e-01   1.50655797e-02
    2.2000     0.1000   2.17557840e-02   2.07754958e-02   7.40479740e-01   1.10463634e-02
    2.3000     0.1000   1.99189918e-02   1.88694726e-02   5.50382647e-01   7.51732788e-03
    2.4000     0.1000   1.83048666e-02   1.72543257e-02   3.71366127e-01   4.66122711e-03
    2.5000     0.1000   1.68788913e-02   1.59178882e-02   2.20346184e-01   2.55023885e-03
    2.6000     0.1000   1.56129744e-02   1.48138597e-02   1.07934602e-01   1.15552076e-03
    2.7000     0.1000   1.44840690e-02   1.38808451e-02   3.73468472e-02   3.70916317e-04
    2.8000     0.1000   1.34731251e-02   1.30590000e-02   4.83257801e-03   4.46455961e-05
    2.9000     0.1000   1.25642871e-02   1.23015608e-02   1.41537042e-03   1.21938087e-05
   -2.9000     0.2000   1.23883578e-02   1.21346860e-02   1.57993611e-02   1.34209937e-04
   -2.8000     0.2000   1.32710283e-02   1.28706737e-02   1.94605376e-02   1.77088686e-04
   -2.7000     0.2000   1.42507686e-02   1.36657088e-02   2.04020918e-02   1.99362923e-04
   -2.6000     0.2000   1.53422292e-02   1.45641707e-02   1.80989584e-02   1.90402855e-04
   -2.5000     0.2000   1.65629058e-02   1.56233283e-02   1.30490301e-02   1.48199307e-04
   -2.4000     0.2000   1.79338220e-02   1.69022487e-02   6.79732929e-03   8.35877379e-05
   -2.3000     0.2000   1.94804085e-02   1.84456911e-02   1.64366650e-03   2.19554918e-05
   -2.2000     0.2000   2.12336452e-02   2.02656274e-02   8.70301646e-05   1.26714341e-06
   -2.1000     0.2000   2.32315593e-02   2.23242909e-02   4.14470228e-03   6.60241942e-05
   -2.0000     0.2000   2.55212082e-02   2.45231900e-02   1.47329804e-02   2.57823946e-04
   -1.9000     0.2000   2.81613332e-02   2.67020479e-02   3.12918840e-02   6.04249543e-04
   -1.8000     0.2000   3.12259489e-02   2.86501057e-02   5.17765496e-02   1.10861349e-03
   -1.7000     0.2000   3.48092545e-02   3.01298509e-02   7.30385789e-02   1.74332535e-03
   -1.6000     0.2000   3.90324361e-02   3.09104626e-02   9.15099157e-02   2.44920547e-03
   -1.5000     0.2000   4.40532059e-02   3.08057148e-02   1.04013117e-01   3.14193386e-03
   -1.4000     0.2000   5.00793519e-02   2.97093773e-02   1.08482703e-01   3.72520869e-03
   -1.3000     0.2000   5.73882303e-02   2.76208135e-02   1.04405640e-01   4.10845186e-03
   -1.2000     0.2000   6.63551413e-02   2.46547165e-02   9.28688355e-02   4.22547938e-03
   -1.1000     0.2000   7.74950556e-02   2.10316396e-02   7.62139975e-02   4.04986124e-03
   -1.0000     0.2000   9.15243329e-02   1.70496630e-02   5.74110953e-02   3.60299627e-03
   -0.9000     0.2000   1.09451779e-01   1.30414556e-02   3.93368886e-02   2.95225754e-03
   -0.8000     0.2000   1.32710283e-01   9.32426445e-03   2.41617875e-02   2.19869528e-03
   -0.7000     0.2000   1.63335732e-01   6.15221494e-03   1.30024865e-02   1.45626035e-03
   -0.6000     0.2000   2.04169666e-01   3.68025494e-03   5.90550992e-03   8.26761089e-04
   -0.5000     0.2000   2.58946893e-01   1.94707381e-03   2.11922249e-03   3.76286525e-04
   -0.4000     0.2000   3.31775707e-01   8.80863204e-04   5.25074060e-04   1.19452861e-04
   -0.3000     0.2000   4.24672904e-01   3.27810939e-04   6.17371553e-05   1.79776357e-05
   -0.2000     0.2000   5.30841131e-01   9.94550150e-05   5.18486297e-08   1.88726661e-08
   -0.1000     0.2000   6.24518977e-01   2.92923271e-05   2.51415696e-06   1.07663733e-06
    0.0000     0.2000   6.63551413e-01   1.60831189e-05   2.56962078e-09   1.16916289e-09
    0.1000     0.2000   6.24518977e-01   2.92923271e-05   2.91056933e-06   1.24639299e-06
    0.2000     0.2000   5.30841131e-01   9.94550150e-05   2.66570895e-08   9.70305970e-09
    0.3000     0.2000   4.24672904e-01   3.27810939e-04   6.86712957e-05   1.99968322e-05
    0.4000     0.2000   3.31775707e-01   8.80863204e-04   7.29517280e-04   1.65963114e-04
    0.5000     0.2000   2.58946893e-01   1.94707381e-03   3.45803148e-03   6.14003795e-04
    0.6000     0.2000   2.04169666e-01   3.68025494e-03   1.11551066e-02   1.56169547e-03
    0.7000     0.2000   1.63335732e-01   6.15221494e-03   2.83263216e-02   3.17250850e-03
    0.8000     0.2000   1.32710283e-01   9.32426445e-03   6.07517265e-02   5.52833824e-03
    0.9000     0.2000   1.09451779e-01   1.30414556e-02   1.14549080e-01   8.59697850e-03
    1.0000     0.2000   9.15243329e-02   1.70496630e-02   1.94716004e-01   1.22199556e-02
    1.1000     0.2000   7.74950556e-02   2.10316396e-02   3.03429357e-01   1.61236365e-02
    1.2000     0.2000   6.63551413e-02   2.46547165e-02   4.38522273e-01   1.99525148e-02
    1.3000     0.2000   5.73882303e-02   2.76208135e-02   5.92598475e-01   2.33192603e-02
    1.4000     0.2000   5.00793519e-02   2.97093773e-02   7.53153582e-01   2.58626876e-02
    1.5000     0.2000   4.40532059e-02   3.08057148e-02   9.03864378e-01   2.73031149e-02
    1.6000     0.2000   3.90324361e-02   3.09104626e-02   1.02692616e+00   2.74850343e-02
    1.7000     0.2000   3.48092545e-02   3.01298509e-02   1.10603721e+00   2.63995101e-02
    1.8000     0.2000   3.12259489e-02   2.86501057e-02   1.12942566e+00   2.41826953e-02
    1.9000     0.2000   2.81613332e-02   2.67020479e-02   1.09224922e+00   2.10914464e-02
    2.0000     0.2000   2.55212082e-02   2.45231900e-02   9.97798275e-01   1.74612523e-02
    2.1000     0.2000   2.32315593e-02   2.23242909e-02   8.57181139e-01   1.36547067e-02
    2.2000     0.2000   2.12336452e-02   2.02656274e-02   6.87507999e-01   1.00099918e-02
    2.3000     0.2000   1.94804085e-02   1.84456911e-02   5.08933584e-01   6.79814741e-03
    2.4000     0.2000   1.79338220e-02   1.69022487e-02   3.41180783e-01   4.19554925e-03
    2.5000     0.2000   1.65629058e-02   1.56233283e-02   2.00280959e-01   2.27461344e-03
    2.6000     0.2000   1.53422292e-02   1.45641707e-02   9.62036137e-02   1.01207165e-03
    2.7000     0.2000   1.42507686e-02   1.36657088e-02   3.18260157e-02   3.10993970e-04
    2.8000     0.2000   1.32710283e-02   1.28706737e-02   3.37134625e-03   3.06788687e-05
    2.9000     0.2000   1.23883578e-02   1.21346860e-02   2.10514239e-03   1.78824337e-05
   -2.9000     0.3000   1.21058411e-02   1.18665026e-02   1.50487032e-02   1.24918124e-04
   -2.8000     0.3000   1.29473446e-02   1.25689433e-02   1.87435450e-02   1.66404034e-04
   -2.7000     0.3000   1.38781995e-02   1.33222577e-02   1.98624620e-02   1.89015584e-04
   -2.6000     0.3000   1.49112677e-02   1.41671294e-02   1.78443483e-02   1.82451177e-04
   -2.5000     0.3000   1.60617589e-02   1.51568571e-02   1.31047862e-02   1.44329281e-04
   -2.4000     0.3000   1.73477494e-02   1.63469785e-02   7.07161237e-03   8.41187855e-05
   -2.3000     0.3000   1.87908365e-02   1.77800453e-02   1.91481913e-03   2.46720525e-05
   -2.2000     0.3000   2.04169666e-02   1.94680507e-02   1.96198879e-05   2.74675009e-07
   -2.1000     0.3000   2.22574898e-02   2.13762414e-02   3.33418635e-03   5.08859000e-05
   -2.0000     0.3000   2.43505106e-02   2.34125658e-02   1.27719648e-02   2.13254003e-04
   -1.9000     0.3000   2.67426262e-02   2.54265756e-02   2.78452920e-02   5.10607558e-04
   -1.8000     0.3000   2.94911739e-02   2.72201320e-02   4.66501972e-02   9.43358903e-04
   -1.7000     0.3000   3.26671465e-02   2.85699887e-02   6.62264745e-02   1.48345455e-03
   -1.6000     0.3000   3.63589815e-02   2.92596549e-02   8.32099273e-02   2.07452303e-03
   -1.5000     0.3000   4.06774813e-02   2.91154746e-02   9.46074001e-02   2.63882488e-03
   -1.4000     0.3000   4.57621664e-02   2.80402253e-02   9.84867771e-02   3.09040864e-03
   -1.3000     0.3000   5.17893786e-02   2.60372031e-02   9.43963863e-02   3.35218113e-03
   -1.2000     0.3000   5.89823478e-02   2.32189752e-02   8.34054696e-02   3.37324586e-03
   -1.1000     0.3000   6.76230740e-02   1.97976119e-02   6.77665179e-02   3.14225544e-03
   -1.0000     0.3000   7.80648721e-02   1.60567912e-02   5.03079882e-02   2.69292347e-03
   -0.9000     0.3000   9.07420736e-02   1.23099905e-02   3.37389759e-02   2.09928791e-03
   -0.8000     0.3000   1.06168226e-01   8.85219009e-03   2.00634630e-02   1.46060191e-03
   -0.7000     0.3000   1.24903795e-01   5.91439675e-03   1.02566274e-02   8.78439028e-04
   -0.6000     0.3000   1.47455870e-01   3.63037976e-03   4.26507281e-03   4.31240878e-04
   -0.5000     0.3000   1.74046272e-01   2.02321792e-03   1.28722091e-03   1.53620516e-04
   -0.4000     0.3000   2.04169666e-01   1.01575547e-03   2.04923018e-04   2.86888652e-05
   -0.3000     0.3000   2.35929391e-01   4.63934929e-04   1.01256850e-06   1.63809041e-07
   -0.2000     0.3000   2.65420565e-01   2.04881837e-04   2.17242909e-05   3.95377169e-06
   -0.1000     0.3000   2.86941152e-01   1.03403583e-04   1.82178708e-05   3.58444452e-06
    0.0000     0.3000   2.94911739e-01   7.81570756e-05   6.31524922e-08   1.27706782e-08
    0.1000     0.3000   2.86941152e-01   1.03403583e-04   1.84459072e-05   3.62931167e-06
    0.2000     0.3000   2.65420565e-01   2.04881837e-04   3.45155993e-05   6.28176081e-06
    0.3000     0.3000   2.35929391e-01   4.63934929e-04   8.05352956e-07   1.30286589e-07
    0.4000     0.3000   2.04169666e-01   1.01575547e-03   1.96036063e-04   2.74447070e-05
    0.5000     0.3000   1.74046272e-01   2.02321792e-03   1.73364708e-03   2.06898254e-04
    0.6000     0.3000   1.47455870e-01   3.63037976e-03   7.05453049e-03   7.13282531e-04
    0.7000     0.3000   1.24903795e-01   5.91439675e-03   2.01581387e-02   1.72646378e-03
    0.8000     0.3000   1.06168226e-01   8.85219009e-03   4.63528060e-02   3.37444224e-03
    0.9000     0.3000   9.07420736e-02   1.23099905e-02   9.14197167e-02   5.68826707e-03
    1.0000     0.3000   7.80648721e-02   1.60567912e-02   1.60260105e-01   8.57852227e-03
    1.1000     0.3000   6.76230740e-02   1.97976119e-02   2.55282877e-01   1.18371732e-02
    1.2000     0.3000   5.89823478e-02   2.32189752e-02   3.74930786e-01   1.51636784e-02
    1.3000     0.3000   5.17893786e-02   2.60372031e-02   5.12786450e-01   1.82099456e-02
    1.4000     0.3000   4.57621664e-02   2.80402253e-02   6.57618635e-01   2.06353622e-02
    1.5000     0.3000   4.06774813e-02   2.91154746e-02   7.94533189e-01   2.21614160e-02
    1.6000     0.3000   3.63589815e-02   2.92596549e-02   9.07125905e-01   2.26157340e-02
    1.7000     0.3000   3.26671465e-02   2.85699887e-02   9.80265106e-01   2.19576648e-02
    1.8000     0.3000   2.94911739e-02   2.72201320e-02   1.00293466e+00   2.02813150e-02
    1.9000     0.3000   2.67426262e-02   2.54265756e-02   9.70502701e-01   1.77964021e-02
    2.0000     0.3000   2.43505106e-02   2.34125658e-02   8.85873515e-01   1.47914653e-02
    2.1000     0.3000   2.22574898e-02   2.13762414e-02   7.59214194e-01   1.15870241e-02
    2.2000     0.3000   2.04169666e-02   1.94680507e-02   6.06267754e-01   8.48764283e-03
    2.3000     0.3000   1.87908365e-02   1.77800453e-02   4.45591132e-01   5.74135050e-03
    2.4000     0.3000   1.73477494e-02   1.63469785e-02   2.95305617e-01   3.51274201e-03
    2.5000     0.3000   1.60617589e-02   1.51568571e-02   1.70055114e-01   1.87289834e-03
    2.6000     0.3000   1.49112677e-02   1.41671294e-02   7.88070419e-02   8.05769828e-04
    2.7000     0.3000   1.38781995e-02   1.33222577e-02   2.39189157e-02   2.27617696e-04
    2.8000     0.3000   1.29473446e-02   1.25689433e-02   1.58713299e-03   1.40904686e-05
    2.9000     0.3000   1.21058411e-02   1.18665026e-02   3.47304540e-03   2.88294818e-05
   -2.8000     0.4000   1.25198380e-02   1.21701846e-02   1.77626044e-02   1.52488383e-04
   -2.7000     0.4000   1.33881748e-02   1.28706975e-02   1.91048589e-02   1.75386683e-04
   -2.6000     0.4000   1.43470576e-02   1.36480782e-02   1.74609321e-02   1.71775679e-04
   -2.5000     0.4000   1.54090314e-02   1.45506444e-02   1.31408997e-02   1.38845512e-04
   -2.4000     0.4000   1.65887853e-02   1.56295968e-02   7.41967212e-03   8.43977190e-05
   -2.3000     0.4000   1.79035794e-02   1.69249761e-02   2.29608965e-03   2.81877309e-05
   -2.2000     0.4000   1.93737639e-02   1.84493040e-02   3.99510256e-06   5.30729641e-08
   -2.1000     0.4000   2.10234111e-02   2.01723980e-02   2.39813409e-03   3.45706904e-05
   -2.0000     0.4000   2.28810832e-02   2.20113674e-02   1.03854358e-02   1.62941876e-04
   -1.9000     0.4000   2.49807591e-02   2.38293963e-02   2.35707741e-02   4.03748465e-04
   -1.8000     0.4000   2.73629449e-02   2.54455513e-02   4.02332671e-02   7.54882823e-04
   -1.7000     0.4000   3.00759847e-02   2.66556959e-02   5.76582644e-02   1.18908480e-03
   -1.6000     0.4000   3.31775707e-02   2.72620644e-02   7.27476935e-02   1.65498941e-03
   -1.5000     0.4000   3.67364104e-02   2.71067177e-02   8.27484232e-02   2.08443258e-03
   -1.4000     0.4000   4.08339331e-02   2.61025487e-02   8.59008533e-02   2.40519393e-03
   -1.3000     0.4000   4.55657623e-02   2.42552152e-02   8.18306900e-02   2.55673821e-03
   -1.2000     0.4000   5.10424164e-02   2.16705529e-02   7.15805700e-02   2.50528874e-03
   -1.1000     0.4000   5.73882303e-02   1.85445683e-02   5.72828283e-02   2.25412862e-03
   -1.0000     0.4000   6.47367232e-02   1.51365821e-02   4.15781738e-02   1.84564228e-03
   -0.9000     0.4000   7.32194663e-02   1.17297885e-02   2.69552028e-02   1.35332022e-03
   -0.8000     0.4000   8.29439267e-02   8.58661133e-03   1.52007895e-02   8.64534134e-04
   -0.7000     0.4000   9.39541824e-02   5.90802065e-03   7.10727823e-03   4.57879123e-04
   -0.6000     0.4000   1.06168226e-01   3.80585781e-03   2.49411401e-03   1.81569238e-04
   -0.5000     0.4000   1.19290142e-01   2.29492484e-03   4.98658349e-04   4.07886243e-05
   -0.4000     0.4000   1.32710283e-01   1.30710487e-03   7.89928695e-06   7.18826158e-07
   -0.3000     0.4000   1.45435926e-01   7.23551842e-04   6.74211787e-05   6.72356255e-06
   -0.2000     0.4000   1.56129744e-01   4.14523861e-04   1.27995053e-04   1.37028291e-05
   -0.1000     0.4000   1.63335732e-01   2.73122844e-04   6.45931906e-05   7.23434722e-06
    0.0000     0.4000   1.65887853e-01   2.33243978e-04   5.94720201e-07   6.76485801e-08
    0.1000     0.4000   1.63335732e-01   2.73122844e-04   5.52642711e-05   6.18952125e-06
    0.2000     0.4000   1.56129744e-01   4.14523861e-04   1.72170351e-04   1.84321256e-05
    0.3000     0.4000   1.45435926e-01   7.23551842e-04   1.61904343e-04   1.61458758e-05
    0.4000     0.4000   1.32710283e-01   1.30710487e-03   8.32115857e-06   7.57215997e-07
    0.5000     0.4000   1.19290142e-01   2.29492484e-03   3.69866532e-04   3.02538743e-05
    0.6000     0.4000   1.06168226e-01   3.80585781e-03   3.09735395e-03   2.25484559e-04
    0.7000     0.4000   9.39541824e-02   5.90802065e-03   1.15292997e-02   7.42763333e-04
    0.8000     0.4000   8.29439267e-02   8.58661133e-03   3.03450666e-02   1.72585416e-03
    0.9000     0.4000   7.32194663e-02   1.17297885e-02   6.48597708e-02   3.25636724e-03
    1.0000     0.4000   6.47367232e-02   1.51365821e-02   1.19810090e-01   5.31833286e-03
    1.1000     0.4000   5.73882303e-02   1.85445683e-02   1.97860454e-01   7.78597924e-03
    1.2000     0.4000   5.10424164e-02   2.16705529e-02   2.98198089e-01   1.04368031e-02
    1.3000     0.4000   4.55657623e-02   2.42552152e-02   4.15633460e-01   1.29861541e-02
    1.4000     0.4000   4.08339331e-02   2.61025487e-02   5.40553526e-01   1.51353102e-02
    1.5000     0.4000   3.67364104e-02   2.71067177e-02   6.59895875e-01   1.66227755e-02
    1.6000     0.4000   3.31775707e-02   2.72620644e-02   7.59062935e-01   1.72684667e-02
    1.7000     0.4000   3.00759847e-02   2.66556959e-02   8.24441560e-01   1.70024357e-02
    1.8000     0.4000   2.73629449e-02   2.54455513e-02   8.46005136e-01   1.58733007e-02
    1.9000     0.4000   2.49807591e-02   2.38293963e-02   8.19409524e-01   1.40358283e-02
    2.0000     0.4000   2.28810832e-02   2.20113674e-02   7.47076099e-01   1.17212204e-02
    2.1000     0.4000   2.10234111e-02   2.01723980e-02   6.37970488e-01   9.19676693e-03
    2.2000     0.4000   1.93737639e-02   1.84493040e-02   5.06082927e-01   6.72306170e-03
    2.3000     0.4000   1.79035794e-02   1.69249761e-02   3.67920134e-01   4.51673729e-03
    2.4000     0.4000   1.65887853e-02   1.56295968e-02   2.39550848e-01   2.72485695e-03
    2.5000     0.4000   1.54090314e-02   1.45506444e-02   1.33847327e-01   1.41421829e-03
    2.6000     0.4000   1.43470576e-02   1.36480782e-02   5.85079438e-02   5.75584493e-04
    2.7000     0.4000   1.33881748e-02   1.28706975e-02   1.52477988e-02   1.39978048e-04
    2.8000     0.4000   1.25198380e-02   1.21701846e-02   2.58406701e-04   2.21836951e-06
   -2.8000     0.5000   1.20099803e-02   1.16941217e-02   1.65424243e-02   1.36230032e-04
   -2.7000     0.5000   1.28067824e-02   1.23350885e-02   1.81316406e-02   1.59224004e-04
   -2.6000     0.5000   1.36814724e-02   1.30368467e-02   1.69275197e-02   1.58802588e-04
   -2.5000     0.5000   1.46438933e-02   1.38421124e-02   1.31198572e-02   1.31739821e-04
   -2.4000     0.5000   1.57053589e-02   1.47973019e-02   7.80470193e-03   8.40495892e-05
   -2.3000     0.5000   1.68788913e-02   1.59399109e-02   2.77786546e-03   3.21504111e-05
   -2.2000     0.5000   1.81794908e-02   1.72836035e-02   9.14094374e-05   1.13947331e-06
   -2.1000     0.5000   1.96244411e-02   1.88042040e-02   1.48552268e-03   1.99897790e-05
   -2.0000     0.5000   2.12336452e-02   2.04302875e-02   7.85497845e-03   1.14367061e-04
   -1.9000     0.5000   2.30299840e-02   2.20417163e-02   1.89099619e-02   2.98617804e-04
   -1.8000     0.5000   2.50396760e-02   2.34782191e-02   3.31426002e-02   5.69045104e-04
   -1.7000     0.5000   2.72926031e-02   2.45581114e-02   4.81255715e-02   9.00642149e-04
   -1.6000     0.5000   2.98225354e-02   2.51049196e-02   6.10724262e-02   1.24888125e-03
   -1.5000     0.5000   3.26671465e-02   2.49775033e-02   6.95102366e-02   1.55700990e-03
   -1.4000     0.5000   3.58676440e-02   2.40978549e-02   7.18789277e-02   1.76781106e-03
   -1.3000     0.5000   3.94677420e-02   2.24705123e-02   6.78905359e-02   1.83731206e-03
   -1.2000     0.5000   4.35115681e-02   2.01886768e-02   5.85510110e-02   1.74691004e-03
   -1.1000     0.5000   4.80399213e-02   1.74245603e-02   4.58462988e-02   1.51021221e-03
   -1.0000     0.5000   5.30841131e-02   1.44047765e-02   3.21927340e-02   1.17180092e-03
   -0.9000     0.5000   5.86564785e-02   1.13750336e-02   1.98184719e-02   7.97108720e-04
   -0.8000     0.5000   6.47367232e-02   8.56118888e-03   1.02567707e-02   4.55294880e-04
   -0.7000     0.5000   7.12538430e-02   6.13508583e-03   4.08921149e-03   1.99792542e-04
   -0.6000     0.5000   7.80648721e-02   4.19295639e-03   9.91665189e-04   5.30825929e-05
   -0.5000     0.5000   8.49345809e-02   2.75133419e-03   3.63558580e-05   2.11733880e-06
   -0.4000     0.5000   9.15243329e-02   1.76076130e-03   1.22980799e-04   7.71800918e-06
   -0.3000     0.5000   9.74020423e-02   1.13225957e-03   3.77611928e-04   2.52200054e-05
   -0.2000     0.5000   1.02084833e-01   7.67596407e-04   3.81632179e-04   2.67139198e-05
   -0.1000     0.5000   1.05117056e-01   5.84084212e-04   1.66039366e-04   1.19678369e-05
    0.0000     0.5000   1.06168226e-01   5.28876774e-04   3.28494287e-06   2.39140862e-07
    0.1000     0.5000   1.05117056e-01   5.84084212e-04   1.14359475e-04   8.24283770e-06
    0.2000     0.5000   1.02084833e-01   7.67596407e-04   4.50622979e-04   3.15432156e-05
    0.3000     0.5000   9.74020423e-02   1.13225957e-03   6.89503719e-04   4.60506839e-05
    0.4000     0.5000   9.15243329e-02   1.76076130e-03   5.03544828e-04   3.16013852e-05
    0.5000     0.5000   8.49345809e-02   2.75133419e-03   4.78751260e-05   2.78821260e-06
    0.6000     0.5000   7.80648721e-02   4.19295639e-03   5.01104680e-04   2.68235046e-05
    0.7000     0.5000   7.12538430e-02   6.13508583e-03   4.43011500e-03   2.16448560e-04
    0.8000     0.5000   6.47367232e-02   8.56118888e-03   1.57595989e-02   6.99563726e-04
    0.9000     0.5000   5.86564785e-02   1.13750336e-02   3.92190714e-02   1.57741040e-03
    1.0000     0.5000   5.30841131e-02   1.44047765e-02   7.92930387e-02   2.88623065e-03
    1.1000     0.5000   4.80399213e-02   1.74245603e-02   1.38871187e-01   4.57452331e-03
    1.2000     0.5000   4.35115681e-02   2.01886768e-02   2.17931497e-01   6.50213743e-03
    1.3000     0.5000   3.94677420e-02   2.24705123e-02   3.12642550e-01   8.46100154e-03
    1.4000     0.5000   3.58676440e-02   2.40978549e-02   4.15215792e-01   1.02119369e-02
    1.5000     0.5000   3.26671465e-02   2.49775033e-02   5.14678856e-01   1.15286628e-02
    1.6000     0.5000   2.98225354e-02   2.51049196e-02   5.98514040e-01   1.22391234e-02
    1.7000     0.5000   2.72926031e-02   2.45581114e-02   6.54870973e-01   1.22555303e-02
    1.8000     0.5000   2.50396760e-02   2.34782191e-02   6.74885400e-01   1.15875106e-02
    1.9000     0.5000   2.30299840e-02   2.20417163e-02   6.54570148e-01   1.03366840e-02
    2.0000     0.5000   2.12336452e-02   2.04302875e-02   5.95814280e-01   8.67494785e-03
    2.1000     0.5000   1.96244411e-02   1.88042040e-02   5.06219872e-01   6.81189420e-03
    2.2000     0.5000   1.81794908e-02   1.72836035e-02   3.97775786e-01   4.95851310e-03
    2.3000     0.5000   1.68788913e-02   1.59399109e-02   2.84644985e-01   3.29441919e-03
    2.4000     0.5000   1.57053589e-02   1.47973019e-02   1.80553906e-01   1.94440246e-03
    2.5000     0.5000   1.46438933e-02   1.38421124e-02   9.63634641e-02   9.67610041e-04
    2.6000     0.5000   1.36814724e-02   1.30368467e-02   3.83481522e-02   3.59756534e-04
    2.7000     0.5000   1.28067824e-02   1.23350885e-02   7.52780631e-03   6.61058471e-05
    2.8000     0.5000   1.20099803e-02   1.16941217e-02   1.35240235e-04   1.11372924e-06
   -2.7000     0.6000   1.21613088e-02   1.17404336e-02   1.69514020e-02   1.41357010e-04
   -2.6000     0.6000   1.29473446e-02   1.23639612e-02   1.62245593e-02   1.44040635e-04
   -2.5000     0.6000   1.38060112e-02   1.30689769e-02   1.30000921e-02   1.23068259e-04
   -2.4000     0.6000   1.47455870e-02   1.38969222e-02   8.18015231e-03   8.27093985e-05
   -2.3000     0.6000   1.57753679e-02   1.48828173e-02   3.33632987e-03   3.60894189e-05
   -2.2000     0.6000   1.69057685e-02   1.60419537e-02   3.16770281e-04   3.67206834e-06
   -2.1000     0.6000   1.81484147e-02   1.73571621e-02   7.29854283e-04   9.08251793e-06
   -2.0000     0.6000   1.95162180e-02   1.87699932e-02   5.45069763e-03   7.29422508e-05
   -1.9000     0.6000   2.10234111e-02   2.01788645e-02   1.42995821e-02   2.06137942e-04
   -1.8000     0.6000   2.26855184e-02   2.14461140e-02   2.59981604e-02   4.04410791e-04
   -1.7000     0.6000   2.45192208e-02   2.24141030e-02   3.84311077e-02   6.46131590e-04
   -1.6000     0.6000   2.65420565e-02   2.29283964e-02   4.91507154e-02   8.94531876e-04
   -1.5000     0.6000   2.87718770e-02   2.28641012e-02   5.59874761e-02   1.10456300e-03
   -1.4000     0.6000   3.12259489e-02   2.21501732e-02   5.75947966e-02   1.23319087e-03
   -1.3000     0.6000   3.39195611e-02   2.07863324e-02   5.37726971e-02   1.25067207e-03
   -1.2000     0.6000   3.68639674e-02   1.88483177e-02   4.54797286e-02   1.14961215e-03
   -1.1000     0.6000   4.00634816e-02   1.64794667e-02   3.45351077e-02   9.48726235e-04
   -1.0000     0.6000   4.35115681e-02   1.38695750e-02   2.31054581e-02   6.89367375e-04
   -0.9000     0.6000   4.71858783e-02   1.12250177e-02   1.31333508e-02   4.24931568e-04
   -0.8000     0.6000   5.10424164e-02   8.73641149e-03   5.87791437e-03   2.05724440e-04
   -0.7000     0.6000   5.50094436e-02   6.55095301e-03   1.69685907e-03   6.40050785e-05
   -0.6000     0.6000   5.89823478e-02   4.75557050e-03   1.17658570e-04   4.75857624e-06
   -0.5000     0.6000   6.28214356e-02   3.37421343e-03   1.50262215e-04   6.47275323e-06
   -0.4000     0.6000   6.63551413e-02   2.37866113e-03   7.16393138e-04   3.25954817e-05
   -0.3000     0.6000   6.93909975e-02   1.70841401e-03   1.03739508e-03   4.93604057e-05
   -0.2000     0.6000   7.17352879e-02   1.29306255e-03   8.45283311e-04   4.15782827e-05
   -0.1000     0.6000   7.32194663e-02   1.07105598e-03   3.52740176e-04   1.77097689e-05
    0.0000     0.6000   7.37279348e-02   1.00173942e-03   1.28619104e-05   6.50232925e-07
    0.1000     0.6000   7.32194663e-02   1.07105598e-03   1.84862176e-04   9.28124053e-06
    0.2000     0.6000   7.17352879e-02   1.29306255e-03   8.66019396e-04   4.25982613e-05
    0.3000     0.6000   6.93909975e-02   1.70841401e-03   1.63432343e-03   7.77629176e-05
    0.4000     0.6000   6.63551413e-02   2.37866113e-03   1.87212039e-03   8.51804166e-05
    0.5000     0.6000   6.28214356e-02   3.37421343e-03   1.23097808e-03   5.30260874e-05
    0.6000     0.6000   5.89823478e-02   4.75557050e-03   1.88826828e-04   7.63690102e-06
    0.7000     0.6000   5.50094436e-02   6.55095301e-03   4.81781939e-04   1.81726882e-05
    0.8000     0.6000   5.10424164e-02   8.73641149e-03   5.19404516e-03   1.81789316e-04
    0.9000     0.6000   4.71858783e-02   1.12250177e-02   1.83679357e-02   5.94297362e-04
    1.0000     0.6000   4.35115681e-02   1.38695750e-02   4.41350477e-02   1.31679977e-03
    1.1000     0.6000   4.00634816e-02   1.64794667e-02   8.55297651e-02   2.34961862e-03
    1.2000     0.6000   3.68639674e-02   1.88483177e-02   1.43278266e-01   3.62171105e-03
    1.3000     0.6000   3.39195611e-02   2.07863324e-02   2.14914602e-01   4.99859046e-03
    1.4000     0.6000   3.12259489e-02   2.21501732e-02   2.94534437e-01   6.30642350e-03
    1.5000     0.6000   2.87718770e-02   2.28641012e-02   3.73359094e-01   7.36590880e-03
    1.6000     0.6000   2.65420565e-02   2.29283964e-02   4.41079888e-01   8.02755395e-03
    1.7000     0.6000   2.45192208e-02   2.24141030e-02   4.87738995e-01   8.20022091e-03
    1.8000     0.6000   2.26855184e-02   2.14461140e-02   5.05738885e-01   7.86695132e-03
    1.9000     0.6000   2.10234111e-02   2.01788645e-02   4.91506938e-01   7.08539789e-03
    2.0000     0.6000   1.95162180e-02   1.87699932e-02   4.46399022e-01   5.97379485e-03
    2.1000     0.6000   1.81484147e-02   1.73571621e-02   3.76595155e-01   4.68645911e-03
    2.2000     0.6000   1.69057685e-02   1.60419537e-02   2.91980059e-01   3.38469483e-03
    2.3000     0.6000   1.57753679e-02   1.48828173e-02   2.04248853e-01   2.20938057e-03
    2.4000     0.6000   1.47455870e-02   1.38969222e-02   1.24667532e-01   1.26051157e-03
    2.5000     0.6000   1.38060112e-02   1.30689769e-02   6.19988683e-02   5.86926058e-04
    2.6000     0.6000   1.29473446e-02   1.23639612e-02   2.10558439e-02   1.86932481e-04
    2.7000     0.6000   1.21613088e-02   1.17404336e-02   2.18096352e-03   1.81869606e-05
   -2.6000     0.7000   1.21752553e-02   1.16575707e-02   1.53388401e-02   1.28056611e-04
   -2.5000     0.7000   1.29315744e-02   1.22653654e-02   1.27411619e-02   1.12977471e-04
   -2.4000     0.7000   1.37523609e-02   1.29700446e-02   8.49295193e-03   8.00879790e-05
   -2.3000     0.7000   1.46438933e-02   1.38041784e-02   3.93142873e-03   3.94764753e-05
   -2.2000     0.7000   1.56129744e-02   1.47848596e-02   6.87461060e-04   7.35978555e-06
   -2.1000     0.7000   1.66669115e-02   1.59022883e-02   2.24770673e-04   2.56877570e-06
   -2.0000     0.7000   1.78134608e-02   1.71115191e-02   3.38989273e-03   4.14062276e-05
   -1.9000     0.7000   1.90607228e-02   1.83301107e-02   1.01103084e-02   1.32140266e-04
   -1.8000     0.7000   2.04169666e-02   1.94434628e-02   1.93404826e-02   2.70763383e-04
   -1.7000     0.7000   2.18903559e-02   2.03180593e-02   2.92847515e-02   4.39567701e-04
   -1.6000     0.7000   2.34885456e-02   2.08209712e-02   3.78430031e-02   6.09499183e-04
   -1.5000     0.7000   2.52181060e-02   2.08422651e-02   4.31556424e-02   7.46245043e-04
   -1.4000     0.7000   2.70837312e-02   2.03158536e-02   4.40908872e-02   8.18820561e-04
   -1.3000     0.7000   2.90871852e-02   1.92341915e-02   4.05317416e-02   8.08403844e-04
   -1.2000     0.7000   3.12259489e-02   1.76532034e-02   3.33788459e-02   7.14691091e-04
   -1.1000     0.7000   3.34915540e-02   1.56858018e-02   2.42711778e-02   5.57387929e-04
   -1.0000     0.7000   3.58676440e-02   1.34849055e-02   1.51125285e-02   3.71681882e-04
   -0.9000     0.7000   3.83278795e-02   1.12193779e-02   7.55032638e-03   1.98432099e-04
   -0.8000     0.7000   4.08339331e-02   9.04809410e-03   2.56556618e-03   7.18349582e-05
   -0.7000     0.7000   4.33339698e-02   7.09784070e-03   2.93928906e-04   8.73377871e-06
   -0.6000     0.7000   4.57621664e-02   5.44971522e-03   1.20891159e-04   3.79343393e-06
   -0.5000     0.7000   4.80399213e-02   4.13632483e-03   1.00295622e-03   3.30381462e-05
   -0.4000     0.7000   5.00793519e-02   3.14908648e-03   1.89324702e-03   6.50125783e-05
   -0.3000     0.7000   5.17893786e-02   2.45231085e-03   2.11770793e-03   7.52035202e-05
   -0.2000     0.7000   5.30841131e-02   1.99946986e-03   1.56955696e-03   5.71311616e-05
   -0.1000     0.7000   5.38925006e-02   1.74752537e-03   6.57971131e-04   2.43145694e-05
    0.0000     0.7000   5.41674623e-02   1.66700622e-03   3.94852674e-05   1.46657738e-06
    0.1000     0.7000   5.38925006e-02   1.74752537e-03   2.45266787e-04   9.06355314e-06
    0.2000     0.7000   5.30841131e-02   1.99946986e-03   1.36369268e-03   4.96377954e-05
    0.3000     0.7000   5.17893786e-02   2.45231085e-03   2.92680840e-03   1.03936096e-04
    0.4000     0.7000   5.00793519e-02   3.14908648e-03   4.08150232e-03   1.40155503e-04
    0.5000     0.7000   4.80399213e-02   4.13632483e-03   4.02164807e-03   1.32476169e-04
    0.6000     0.7000   4.57621664e-02   5.44971522e-03   2.55028257e-03   8.00251113e-05
    0.7000     0.7000   4.33339698e-02   7.09784070e-03   5.68766532e-04   1.69002807e-05
    0.8000     0.7000   4.08339331e-02   9.04809410e-03   2.81449539e-04   7.88048892e-06
    0.9000     0.7000   3.83278795e-02   1.12193779e-02   4.96905923e-03   1.30593143e-04
    1.0000     0.7000   3.58676440e-02   1.34849055e-02   1.83076535e-02   4.50263706e-04
    1.1000     0.7000   3.34915540e-02   1.56858018e-02   4.33577268e-02   9.95710785e-04
    1.2000     0.7000   3.12259489e-02   1.76532034e-02   8.14744638e-02   1.74449032e-03
    1.3000     0.7000   2.90871852e-02   1.92341915e-02   1.31452869e-01   2.62182181e-03
    1.4000     0.7000   2.70837312e-02   2.03158536e-02   1.89195031e-01   3.51357823e-03
    1.5000     0.7000   2.52181060e-02   2.08422651e-02   2.48071380e-01   4.28963694e-03
    1.6000     0.7000   2.34885456e-02   2.08209712e-02   2.99970872e-01   4.83132908e-03
    1.7000     0.7000   2.18903559e-02   2.03180593e-02   3.36844331e-01   5.05607460e-03
    1.8000     0.7000   2.04169666e-02   1.94434628e-02   3.52395161e-01   4.93347079e-03
    1.9000     0.7000   1.90607228e-02   1.83301107e-02   3.43507561e-01   4.48959407e-03
    2.0000     0.7000   1.78134608e-02   1.71115191e-02   3.11046595e-01   3.79931376e-03
    2.1000     0.7000   1.66669115e-02   1.59022883e-02   2.59808889e-01   2.96920745e-03
    2.2000     0.7000   1.56129744e-02   1.47848596e-02   1.97610804e-01   2.11557167e-03
    2.3000     0.7000   1.46438933e-02   1.38041784e-02   1.33716984e-01   1.34268623e-03
    2.4000     0.7000   1.37523609e-02   1.29700446e-02   7.69779135e-02   7.25896670e-04
    2.5000     0.7000   1.29315744e-02   1.22653654e-02   3.41154439e-02   3.02505892e-04
    2.6000     0.7000   1.21752553e-02   1.16575707e-02   8.55167703e-03   7.13938455e-05
   -2.5000     0.8000   1.20508770e-02   1.14594460e-02   1.23096454e-02   1.01717482e-04
   -2.4000     0.8000   1.27606041e-02   1.20502432e-02   8.68892468e-03   7.60271439e-05
   -2.3000     0.8000   1.35246148e-02   1.27438686e-02   4.50904715e-03   4.18158654e-05
   -2.2000     0.8000   1.43470576e-02   1.35590077e-02   1.17892359e-03   1.15979146e-05
   -2.1000     0.8000   1.52321702e-02   1.44929198e-02   9.47418888e-06   9.89544273e-08
   -2.0000     0.8000   1.61841808e-02   1.55137384e-02   1.80900670e-03   2.00753120e-05
   -1.9000     0.8000   1.72071679e-02   1.65575904e-02   6.60266913e-03   7.79041045e-05
   -1.8000     0.8000   1.83048666e-02   1.75321732e-02   1.35691327e-02   1.70313888e-04
   -1.7000     0.8000   1.94804085e-02   1.83271069e-02   2.12246046e-02   2.83510452e-04
   -1.6000     0.8000   2.07359817e-02   1.88297816e-02   2.78088312e-02   3.95401894e-04
   -1.5000     0.8000   2.20723963e-02   1.89439475e-02   3.17635753e-02   4.80740015e-04
   -1.4000     0.8000   2.34885456e-02   1.86073366e-02   3.21621333e-02   5.18003128e-04
   -1.3000     0.8000   2.49807591e-02   1.78044763e-02   2.89601668e-02   4.96064443e-04
   -1.2000     0.8000   2.65420565e-02   1.65716711e-02   2.29910680e-02   4.18432226e-04
   -1.1000     0.8000   2.81613332e-02   1.49927648e-02   1.57074361e-02   3.03312229e-04
   -1.0000     0.8000   2.98225354e-02   1.31863866e-02   8.74939463e-03   1.78917976e-04
   -0.9000     0.8000   3.15039247e-02   1.12873914e-02   3.47487657e-03   7.50646478e-05
   -0.8000     0.8000   3.31775707e-02   9.42658371e-03   5.98487085e-04   1.36154116e-05
   -0.7000     0.8000   3.48092545e-02   7.71312940e-03   4.96102057e-05   1.18412393e-06
   -0.6000     0.8000   3.63589815e-02   6.22319723e-03   1.08806516e-03   2.71267660e-05
   -0.5000     0.8000   3.77822869e-02   4.99656575e-03   2.63020740e-03   6.81411793e-05
   -0.4000     0.8000   3.90324361e-02   4.04075828e-03   3.66820205e-03   9.81771261e-05
   -0.3000     0.8000   4.00634816e-02   3.34044909e-03   3.63420258e-03   9.98364724e-05
   -0.2000     0.8000   4.08339331e-02   2.86900444e-03   2.58074364e-03   7.22599217e-05
   -0.1000     0.8000   4.13105938e-02   2.59926259e-03   1.11341881e-03   3.15392527e-05
    0.0000     0.8000   4.14719633e-02   2.51169456e-03   1.00913499e-04   2.86969188e-06
    0.1000     0.8000   4.13105938e-02   2.59926259e-03   2.70676502e-04   7.66731669e-06
    0.2000     0.8000   4.08339331e-02   2.86900444e-03   1.84663060e-03   5.17050126e-05
    0.3000     0.8000   4.00634816e-02   3.34044909e-03   4.37970100e-03   1.20316325e-04
    0.4000     0.8000   3.90324361e-02   4.04075828e-03   6.86140676e-03   1.83641246e-04
    0.5000     0.8000   3.77822869e-02   4.99656575e-03   8.11287077e-03   2.10181365e-04
    0.6000     0.8000   3.63589815e-02   6.22319723e-03   7.33770896e-03   1.82937862e-04
    0.7000     0.8000   3.48092545e-02   7.71312940e-03   4.65274871e-03   1.11054389e-04
    0.8000     0.8000   3.31775707e-02   9.42658371e-03   1.39325691e-03   3.16961999e-05
    0.9000     0.8000   3.15039247e-02   1.12873914e-02   4.00013901e-05   8.64114220e-07
    1.0000     0.8000   2.98225354e-02   1.31863866e-02   3.72299671e-03   7.61322428e-05
    1.1000     0.8000   2.81613332e-02   1.49927648e-02   1.53908088e-02   2.97198123e-04
    1.2000     0.8000   2.65420565e-02   1.65716711e-02   3.68537578e-02   6.70730037e-04
    1.3000     0.8000   2.49807591e-02   1.78044763e-02   6.79750909e-02   1.16435882e-03
    1.4000     0.8000   2.34885456e-02   1.86073366e-02   1.06271413e-01   1.71160675e-03
    1.5000     0.8000   2.20723963e-02   1.89439475e-02   1.47090505e-01   2.22620693e-03
    1.6000     0.8000   2.07359817e-02   1.88297816e-02   1.84383856e-01   2.62167529e-03
    1.7000     0.8000   1.94804085e-02   1.83271069e-02   2.11924296e-01   2.83080670e-03
    1.8000     0.8000   1.83048666e-02   1.75321732e-02   2.24684277e-01   2.82013993e-03
    1.9000     0.8000   1.72071679e-02   1.65575904e-02   2.20028521e-01   2.59609025e-03
    2.0000     0.8000   1.61841808e-02   1.55137384e-02   1.98406665e-01   2.20180263e-03
    2.1000     0.8000   1.52321702e-02   1.44929198e-02   1.63351400e-01   1.70614545e-03
    2.2000     0.8000   1.43470576e-02   1.35590077e-02   1.20763956e-01   1.18804141e-03
    2.3000     0.8000   1.35246148e-02   1.27438686e-02   7.76533764e-02   7.20139539e-04
    2.4000     0.8000   1.27606041e-02   1.20502432e-02   4.06378437e-02   3.55576703e-04
    2.5000     0.8000   1.20508770e-02   1.14594460e-02   1.45759403e-02   1.20444408e-04
   -2.3000     0.9000   1.24464509e-02   1.17304736e-02   5.00745844e-03   4.27360415e-05
   -2.2000     0.9000   1.31396319e-02   1.23970431e-02   1.73809569e-03   1.56598750e-05
   -2.1000     0.9000   1.38781995e-02   1.31653407e-02   6.65137460e-05   6.32959528e-07
   -2.0000     0.9000   1.46641196e-02   1.40153737e-02   7.53264302e-04   7.57416548e-06
   -1.9000     0.9000   1.54990111e-02   1.49003702e-02   3.90658733e-03   4.15176664e-05
   -1.8000     0.9000   1.63839855e-02   1.57486978e-02   8.91109215e-03   1.00111023e-04
   -1.7000     0.9000   1.73194496e-02   1.64714823e-02   1.45742874e-02   1.73082366e-04
   -1.6000     0.9000   1.83048666e-02   1.69750186e-02   1.94543094e-02   2.44182083e-04
   -1.5000     0.9000   1.93384747e-02   1.71758149e-02   2.22734368e-02   2.95352641e-04
   -1.4000     0.9000   2.04169666e-02   1.70152829e-02   2.22916189e-02   3.12078776e-04
   -1.3000     0.9000   2.15351371e-02   1.64709312e-02   1.95232416e-02   2.88290930e-04
   -1.2000     0.9000   2.26855184e-02   1.55615421e-02   1.47271868e-02   2.29086718e-04
   -1.1000     0.9000   2.38580283e-02   1.43451014e-02   9.17091421e-03   1.50030166e-04
   -1.0000     0.9000   2.50396760e-02   1.29098993e-02   4.24150299e-03   7.28248989e-05
   -0.9000     0.9000   2.62143768e-02   1.13607983e-02   1.02674752e-03   1.84558737e-05
   -0.8000     0.9000   2.73629449e-02   9.80373943e-03   4.50318532e-07   8.44917029e-09
   -0.7000     0.9000   2.84633314e-02   8.33181685e-03   9.13300109e-04   1.78250455e-05
   -0.6000     0.9000   2.94911739e-02   7.01563607e-03   2.92385476e-03   5.91261042e-05
   -0.5000     0.9000   3.04206952e-02   5.89937270e-03   4.92448820e-03   1.02721569e-04
   -0.4000     0.9000   3.12259489e-02   5.00240979e-03   5.95096733e-03   1.27419125e-04
   -0.3000     0.9000   3.18823502e-02   4.32513179e-03   5.53420461e-03   1.20986510e-04
   -0.2000     0.9000   3.23683616e-02   3.85677192e-03   3.86995289e-03   8.58930064e-05
   -0.1000     0.9000   3.26671465e-02   3.58324478e-03   1.74252513e-03   3.90320767e-05
    0.0000     0.9000   3.27679710e-02   3.49345116e-03   2.23111705e-04   5.01306475e-06
    0.1000     0.9000   3.26671465e-02   3.58324478e-03   2.44111643e-04   5.46803270e-06
    0.2000     0.9000   3.23683616e-02   3.85677192e-03   2.20032758e-03   4.88359307e-05
    0.3000     0.9000   3.18823502e-02   4.32513179e-03   5.72749022e-03   1.25212040e-04
    0.4000     0.9000   3.12259489e-02   5.00240979e-03   9.75587967e-03   2.08887998e-04
    0.5000     0.9000   3.04206952e-02   5.89937270e-03   1.28467574e-02   2.67974869e-04
    0.6000     0.9000   2.94911739e-02   7.01563607e-03   1.37201586e-02   2.77448641e-04
    0.7000     0.9000   2.84633314e-02   8.33181685e-03   1.18071229e-02   2.30441781e-04
    0.8000     0.9000   2.73629449e-02   9.80373943e-03   7.63442780e-03   1.43242119e-04
    0.9000     0.9000   2.62143768e-02   1.13607983e-02   2.88698726e-03   5.18938405e-05
    1.0000     0.9000   2.50396760e-02   1.29098993e-02   8.43141034e-05   1.44763921e-06
    1.1000     0.9000   2.38580283e-02   1.43451014e-02   1.92684817e-03   3.15219773e-05
    1.2000     0.9000   2.26855184e-02   1.55615421e-02   1.04790787e-02   1.63005861e-04
    1.3000     0.9000   2.15351371e-02   1.64709312e-02   2.64234733e-02   3.90183548e-04
    1.4000     0.9000   2.04169666e-02   1.70152829e-02   4.86185519e-02   6.80651247e-04
    1.5000     0.9000   1.93384747e-02   1.71758149e-02   7.41223082e-02   9.82884667e-04
    1.6000     0.9000   1.83048666e-02   1.69750186e-02   9.87168172e-02   1.23905082e-03
    1.7000     0.9000   1.73194496e-02   1.64714823e-02   1.17826594e-01   1.39929351e-03
    1.8000     0.9000   1.63839855e-02   1.57486978e-02   1.27604191e-01   1.43356009e-03
    1.9000     0.9000   1.54990111e-02   1.49003702e-02   1.25897827e-01   1.33799236e-03
    2.0000     0.9000   1.46641196e-02   1.40153737e-02   1.12836773e-01   1.13458767e-03
    2.1000     0.9000   1.38781995e-02   1.31653407e-02   9.08667871e-02   8.64708457e-04
    2.2000     0.9000   1.31396319e-02   1.23970431e-02   6.42138199e-02   5.78552952e-04
    2.3000     0.9000   1.24464509e-02   1.17304736e-02   3.79083836e-02   3.23528247e-04
   -2.2000     1.0000   1.20099803e-02   1.13191791e-02   2.29375525e-03   1.88895138e-05
   -2.1000     1.0000   1.26240459e-02   1.19413800e-02   3.31484474e-04   2.86941368e-06
   -2.0000     1.0000   1.32710283e-02   1.26389511e-02   1.84280841e-04   1.67693477e-06
   -1.9000     1.0000   1.39511467e-02   1.33801473e-02   2.02575164e-03   1.93788281e-05
   -1.8000     1.0000   1.46641196e-02   1.41118246e-02   5.42129085e-03   5.45117483e-05
   -1.7000     1.0000   1.54090314e-02   1.47646199e-02   9.43973692e-03   9.97393740e-05
   -1.6000     1.0000   1.61841808e-02   1.52622708e-02   1.29260160e-02   1.43445464e-04
   -1.5000     1.0000   1.69869162e-02   1.55334683e-02   1.48531864e-02   1.73007759e-04
   -1.4000     1.0000   1.78134608e-02   1.55239091e-02   1.46434966e-02   1.78864643e-04
   -1.3000     1.0000   1.86587392e-02   1.52060247e-02   1.23543201e-02   1.58063849e-04
   -1.2000     1.0000   1.95162180e-02   1.45842926e-02   8.66546025e-03   1.15962803e-04
   -1.1000     1.0000   2.03777785e-02   1.36950023e-02   4.66724762e-03   6.52152387e-05
   -1.0000     1.0000   2.12336452e-02   1.26006090e-02   1.51409902e-03   2.20450071e-05
   -0.9000     1.0000   2.20723963e-02   1.13800359e-02   5.42548205e-05   8.21143810e-07
   -0.8000     1.0000   2.28810832e-02   1.01171414e-02   5.57308058e-04   8.74386233e-06
   -0.7000     1.0000   2.36454847e-02   8.88982635e-03   2.63200801e-03   4.26743422e-05
   -0.6000     1.0000   2.43505106e-02   7.76187224e-03   5.36593741e-03   8.95952700e-05
   -0.5000     1.0000   2.49807591e-02   6.77871836e-03   7.64518190e-03   1.30955837e-04
   -0.4000     1.0000   2.55212082e-02   5.96730642e-03   8.55010894e-03   1.49625042e-04
   -0.3000     1.0000   2.59580015e-02   5.33917753e-03   7.69401250e-03   1.36947954e-04
   -0.2000     1.0000   2.62792639e-02   4.89544778e-03   5.38574883e-03   9.70489185e-05
   -0.1000     1.0000   2.64758669e-02   4.63219373e-03   2.55252230e-03   4.63394784e-05
    0.0000     1.0000   2.65420565e-02   4.54504395e-03   4.37933843e-04   7.97029666e-06
    0.1000     1.0000   2.64758669e-02   4.63219373e-03   1.67879384e-04   3.04774736e-06
    0.2000     1.0000   2.62792639e-02   4.89544778e-03   2.32691532e-03   4.19300310e-05
    0.3000     1.0000   2.59580015e-02   5.33917753e-03   6.69233551e-03   1.19118816e-04
    0.4000     1.0000   2.55212082e-02   5.96730642e-03   1.22287319e-02   2.14000142e-04
    0.5000     1.0000   2.49807591e-02   6.77871836e-03   1.73645938e-02   2.97441573e-04
    0.6000     1.0000   2.43505106e-02   7.76187224e-03   2.04795287e-02   3.41947504e-04
    0.7000     1.0000   2.36454847e-02   8.88982635e-03   2.04559094e-02   3.31664065e-04
    0.8000     1.0000   2.28810832e-02   1.01171414e-02   1.71175107e-02   2.68564494e-04
    0.9000     1.0000   2.20723963e-02   1.13800359e-02   1.14023085e-02   1.72573331e-04
    1.0000     1.0000   2.12336452e-02   1.26006090e-02   5.19190608e-03   7.55932108e-05
    1.1000     1.0000   2.03777785e-02   1.36950023e-02   8.24357545e-04   1.15187105e-05
    1.2000     1.0000   1.95162180e-02   1.45842926e-02   4.18694497e-04   5.60304774e-06
    1.3000     1.0000   1.86587392e-02   1.52060247e-02   5.20605642e-03   6.66074141e-05
    1.4000     1.0000   1.78134608e-02   1.55239091e-02   1.50716602e-02   1.84094496e-04
    1.5000     1.0000   1.69869162e-02   1.55334683e-02   2.84587252e-02   3.31483101e-04
    1.6000     1.0000   1.61841808e-02   1.52622708e-02   4.26839841e-02   4.73682216e-04
    1.7000     1.0000   1.54090314e-02   1.47646199e-02   5.45940051e-02   5.76835132e-04
    1.8000     1.0000   1.46641196e-02   1.41118246e-02   6.13882423e-02   6.17266349e-04
    1.9000     1.0000   1.39511467e-02   1.33801473e-02   6.13801613e-02   5.87177409e-04
    2.0000     1.0000   1.32710283e-02   1.26389511e-02   5.44793506e-02   4.95755915e-04
    2.1000     1.0000   1.26240459e-02   1.19413800e-02   4.22529674e-02   3.65752403e-04
    2.2000     1.0000   1.20099803e-02   1.13191791e-02   2.75426331e-02   2.26818859e-04
   -2.0000     1.1000   1.20099803e-02   1.13949352e-02   2.02363122e-06   1.66649907e-08
   -1.9000     1.1000   1.25642871e-02   1.20064939e-02   8.62805006e-04   7.43330437e-06
   -1.8000     1.1000   1.31396319e-02   1.26290904e-02   3.01090327e-03   2.71276024e-05
   -1.7000     1.1000   1.37345700e-02   1.32106648e-02   5.74074841e-03   5.40648484e-05
   -1.6000     1.1000   1.43470576e-02   1.36909021e-02   8.14618173e-03   8.01398165e-05
   -1.5000     1.1000   1.49743619e-02   1.40102768e-02   9.41597483e-03   9.66818658e-05
   -1.4000     1.1000   1.56129744e-02   1.41197387e-02   9.10717742e-03   9.74991554e-05
   -1.3000     1.1000   1.62585339e-02   1.39890528e-02   7.30421142e-03   8.14303166e-05
   -1.2000     1.1000   1.69057685e-02   1.36120643e-02   4.60612396e-03   5.33951668e-05
   -1.1000     1.1000   1.75484671e-02   1.30078466e-02   1.93966831e-03   2.33398503e-05
   -1.0000     1.1000   1.81794908e-02   1.22176305e-02   2.54290996e-04   3.16988936e-06
   -0.9000     1.1000   1.87908365e-02   1.12983542e-02   1.97231426e-04   2.54128654e-06
   -0.8000     1.1000   1.93737639e-02   1.03143656e-02   1.87796338e-03   2.49478158e-05
   -0.7000     1.1000   1.99189918e-02   9.32907913e-03   4.80606662e-03   6.56430190e-05
   -0.6000     1.1000   2.04169666e-02   8.39818977e-03   8.03212258e-03   1.12448315e-04
   -0.5000     1.1000   2.08581977e-02   7.56547709e-03   1.04542837e-02   1.49521094e-04
   -0.4000     1.1000   2.12336452e-02   6.86149027e-03   1.11955524e-02   1.63005212e-04
   -0.3000     1.1000   2.15351371e-02   6.30471617e-03   9.92813515e-03   1.46604307e-04
   -0.2000     1.1000   2.17557840e-02   5.90437423e-03   7.03234645e-03   1.04907468e-04
   -0.1000     1.1000   2.18903559e-02   5.66382238e-03   3.52655625e-03   5.29340406e-05
    0.0000     1.1000   2.19355839e-02   5.58365539e-03   7.77118189e-04   1.16887395e-05
    0.1000     1.1000   2.18903559e-02   5.66382238e-03   7.02902236e-05   1.05506485e-06
    0.2000     1.1000   2.17557840e-02   5.90437423e-03   2.17792229e-03   3.24899114e-05
    0.3000     1.1000   2.15351371e-02   6.30471617e-03   7.05786207e-03   1.04220275e-04
    0.4000     1.1000   2.12336452e-02   6.86149027e-03   1.37939025e-02   2.00836718e-04
    0.5000     1.1000   2.08581977e-02   7.56547709e-03   2.08084846e-02   2.97610767e-04
    0.6000     1.1000   2.04169666e-02   8.39818977e-03   2.62959465e-02   3.68138666e-04
    0.7000     1.1000   1.99189918e-02   9.32907913e-03   2.87517631e-02   3.92702116e-04
    0.8000     1.1000   1.93737639e-02   1.03143656e-02   2.74375490e-02   3.64494286e-04
    0.9000     1.1000   1.87908365e-02   1.12983542e-02   2.26352219e-02   2.91650199e-04
    1.0000     1.1000   1.81794908e-02   1.22176305e-02   1.56039131e-02   1.94512110e-04
    1.1000     1.1000   1.75484671e-02   1.30078466e-02   8.24239802e-03   9.91800166e-05
    1.2000     1.1000   1.69057685e-02   1.36120643e-02   2.55075102e-03   2.95688472e-05
    1.3000     1.1000   1.62585339e-02   1.39890528e-02   4.91959244e-05   5.48456154e-07
    1.4000     1.1000   1.56129744e-02   1.41197387e-02   1.32903830e-03   1.42283504e-05
    1.5000     1.1000   1.49743619e-02   1.40102768e-02   5.87390677e-03   6.03124240e-05
    1.6000     1.1000   1.43470576e-02   1.36909021e-02   1.22096908e-02   1.20115462e-04
    1.7000     1.1000   1.37345700e-02   1.32106648e-02   1.83425528e-02   1.72745305e-04
    1.8000     1.1000   1.31396319e-02   1.26290904e-02   2.23564822e-02   2.01427182e-04
    1.9000     1.1000   1.25642871e-02   1.20064939e-02   2.29921973e-02   1.98084156e-04
    2.0000     1.1000   1.20099803e-02   1.13949352e-02   2.00333250e-02   1.64978268e-04
   -1.7000     1.2000   1.22737834e-02   1.18090977e-02   3.26624058e-03   2.74889424e-05
   -1.6000     1.2000   1.27606041e-02   1.22586878e-02   4.87658163e-03   4.26695577e-05
   -1.5000     1.2000   1.32544602e-02   1.26017591e-02   5.69242955e-03   5.17357938e-05
   -1.4000     1.2000   1.37523609e-02   1.27954891e-02   5.37747540e-03   5.07092399e-05
   -1.3000     1.2000   1.42507686e-02   1.28093945e-02   4.02826765e-03   3.93629841e-05
   -1.2000     1.2000   1.47455870e-02   1.26303271e-02   2.16403999e-03   2.18805762e-05
   -1.1000     1.2000   1.52321702e-02   1.22645285e-02   5.65307614e-04   5.90443065e-06
   -1.0000     1.2000   1.57053589e-02   1.17364722e-02   8.55920003e-06   9.21748521e-08
   -0.9000     1.2000   1.61595474e-02   1.10849341e-02   9.82797475e-04   1.08899186e-05
   -0.8000     1.2000   1.65887853e-02   1.03572944e-02   3.48506899e-03   3.96421659e-05
   -0.7000     1.2000   1.69869162e-02   9.60334263e-03   6.97123784e-03   8.11999668e-05
   -0.6000     1.2000   1.73477494e-02   8.86979656e-03   1.04904431e-02   1.24786723e-04
   -0.5000     1.2000   1.76652622e-02   8.19640122e-03   1.29715454e-02   1.57124250e-04
   -0.4000     1.2000   1.79338220e-02   7.61397805e-03   1.35768255e-02   1.66956180e-04
   -0.3000     1.2000   1.81484147e-02   7.14430008e-03   1.20102178e-02   1.49458626e-04
   -0.2000     1.2000   1.83048666e-02   6.80130109e-03   8.67494983e-03   1.08884221e-04
   -0.1000     1.2000   1.84000392e-02   6.59294940e-03   4.61789122e-03   5.82631357e-05
    0.0000     1.2000   1.84319837e-02   6.52312198e-03   1.26301062e-03   1.59628521e-05
    0.1000     1.2000   1.84000392e-02   6.59294940e-03   4.02173914e-06   5.07415878e-08
    0.2000     1.2000   1.83048666e-02   6.80130109e-03   1.77484258e-03   2.22770570e-05
    0.3000     1.2000   1.81484147e-02   7.14430008e-03   6.72954428e-03   8.37443967e-05
    0.4000     1.2000   1.79338220e-02   7.61397805e-03   1.41355062e-02   1.73826357e-04
    0.5000     1.2000   1.76652622e-02   8.19640122e-03   2.25219607e-02   2.72808372e-04
    0.6000     1.2000   1.73477494e-02   8.86979656e-03   3.00493757e-02   3.57445637e-04
    0.7000     1.2000   1.69869162e-02   9.60334263e-03   3.49968800e-02   4.07638581e-04
    0.8000     1.2000   1.65887853e-02   1.03572944e-02   3.62267753e-02   4.12074436e-04
    0.9000     1.2000   1.61595474e-02   1.10849341e-02   3.34896144e-02   3.71082733e-04
    1.0000     1.2000   1.57053589e-02   1.17364722e-02   2.74797144e-02   2.95931699e-04
    1.1000     1.2000   1.52321702e-02   1.22645285e-02   1.96254302e-02   2.04980419e-04
    1.2000     1.2000   1.47455870e-02   1.26303271e-02   1.16782058e-02   1.18078165e-04
    1.3000     1.2000   1.42507686e-02   1.28093945e-02   5.22464003e-03   5.10535646e-05
    1.4000     1.2000   1.37523609e-02   1.27954891e-02   1.26779869e-03   1.19552584e-05
    1.5000     1.2000   1.32544602e-02   1.26017591e-02   9.23179640e-07   8.39034214e-09
    1.6000     1.2000   1.27606041e-02   1.22586878e-02   8.35793173e-04   7.31309917e-06
    1.7000     1.2000   1.22737834e-02   1.18090977e-02   2.66842831e-03   2.24577065e-05
   -1.4000     1.3000   1.21752553e-02   1.15507404e-02   3.05016386e-03   2.54643536e-05
   -1.3000     1.3000   1.25642871e-02   1.16666776e-02   2.08921537e-03   1.79991697e-05
   -1.2000     1.3000   1.29473446e-02   1.16378036e-02   8.76596465e-04   7.78236923e-06
   -1.1000     1.3000   1.33209819e-02   1.14615451e-02   6.56331542e-05   5.99502397e-07
   -1.0000     1.3000   1.36814724e-02   1.11497784e-02   2.92953485e-04   2.74829227e-06
   -0.9000     1.3000   1.40248647e-02   1.07267756e-02   1.93237497e-03   1.85832424e-05
   -0.8000     1.3000   1.43470576e-02   1.02255438e-02   4.91582938e-03   4.83605299e-05
   -0.7000     1.3000   1.46438933e-02   9.68342056e-03   8.69027770e-03   8.72612876e-05
   -0.6000     1.3000   1.49112677e-02   9.13781184e-03   1.23385862e-02   1.26157006e-04
   -0.5000     1.3000   1.51452534e-02   8.62277862e-03   1.48391886e-02   1.54105488e-04
   -0.4000     1.3000   1.53422292e-02   8.16685715e-03   1.53910601e-02   1.61915494e-04
   -0.3000     1.3000   1.54990111e-02   7.79215567e-03   1.37033278e-02   1.45633552e-04
   -0.2000     1.3000   1.56129744e-02   7.51448601e-03   1.01528245e-02   1.08693591e-04
   -0.1000     1.3000   1.56821604e-02   7.34412160e-03   5.74839248e-03   6.18135538e-05
    0.0000     1.3000   1.57053589e-02   7.28673362e-03   1.89785194e-03   2.04381509e-05
    0.1000     1.3000   1.56821604e-02   7.34412160e-03   3.49604971e-05   3.75936852e-07
    0.2000     1.3000   1.56129744e-02   7.51448601e-03   1.21004048e-03   1.29543896e-05
    0.3000     1.3000   1.54990111e-02   7.79215567e-03   5.76403170e-03   6.12578511e-05
    0.4000     1.3000   1.53422292e-02   8.16685715e-03   1.31854651e-02   1.38712414e-04
    0.5000     1.3000   1.51452534e-02   8.62277862e-03   2.21985173e-02   2.30532372e-04
    0.6000     1.3000   1.49112677e-02   9.13781184e-03   3.10630775e-02   3.17607285e-04
    0.7000     1.3000   1.46438933e-02   9.68342056e-03   3.80051000e-02   3.81618871e-04
    0.8000     1.3000   1.43470576e-02   1.02255438e-02   4.16567664e-02   4.09807407e-04
    0.9000     1.3000   1.40248647e-02   1.07267756e-02   4.13832288e-02   3.97973782e-04
    1.0000     1.3000   1.36814724e-02   1.11497784e-02   3.74068909e-02   3.50926255e-04
    1.1000     1.3000   1.33209819e-02   1.14615451e-02   3.07007518e-02   2.80424954e-04
    1.2000     1.3000   1.29473446e-02   1.16378036e-02   2.26905219e-02   2.01445051e-04
    1.3000     1.3000   1.25642871e-02   1.16666776e-02   1.48599865e-02   1.28022905e-04
    1.4000     1.3000   1.21752553e-02   1.15507404e-02   8.37876091e-03   6.99502518e-05
   -1.0000     1.4000   1.20099803e-02   1.04663460e-02   6.92447977e-04   5.70244172e-06
   -0.9000     1.4000   1.22737834e-02   1.02288406e-02   2.65740959e-03   2.23649720e-05
   -0.8000     1.4000   1.25198380e-02   9.91806149e-03   5.81207626e-03   4.98955048e-05
   -0.7000     1.4000   1.27452852e-02   9.56040171e-03   9.63552428e-03   8.42085750e-05
   -0.6000     1.4000   1.29473446e-02   9.18421817e-03   1.32772391e-02   1.17874508e-04
   -0.5000     1.4000   1.31233901e-02   8.81701489e-03   1.57842658e-02   1.42037112e-04
   -0.4000     1.4000   1.32710283e-02   8.48332832e-03   1.63926401e-02   1.49171167e-04
   -0.3000     1.4000   1.33881748e-02   8.20344550e-03   1.47953156e-02   1.35824157e-04
   -0.2000     1.4000   1.34731251e-02   7.99287816e-03   1.12992876e-02   1.04388057e-04
   -0.1000     1.4000   1.35246148e-02   7.86237403e-03   6.81309555e-03   6.31830799e-05
    0.0000     1.4000   1.35418656e-02   7.81819013e-03   2.65463218e-03   2.46498489e-05
    0.1000     1.4000   1.35246148e-02   7.86237403e-03   2.23623901e-04   2.07383658e-06
    0.2000     1.4000   1.34731251e-02   7.99287816e-03   6.26388588e-04   5.78686816e-06
    0.3000     1.4000   1.33881748e-02   8.20344550e-03   4.35861784e-03   4.00130424e-05
    0.4000     1.4000   1.32710283e-02   8.48332832e-03   1.11386306e-02   1.01360275e-04
    0.5000     1.4000   1.31233901e-02   8.81701489e-03   1.99421612e-02   1.79452565e-04
    0.6000     1.4000   1.29473446e-02   9.18421817e-03   2.92324637e-02   2.59524006e-04
    0.7000     1.4000   1.27452852e-02   9.56040171e-03   3.73236028e-02   3.26185406e-04
    0.8000     1.4000   1.25198380e-02   9.91806149e-03   4.27772222e-02   3.67233842e-04
    0.9000     1.4000   1.22737834e-02   1.02288406e-02   4.47251490e-02   3.76410438e-04
    1.0000     1.4000   1.20099803e-02   1.04663460e-02   4.30340091e-02   3.54393307e-04
