# Params: coro_param=3.000000 diameter=25.600000 grid_size=512 mefs_x=1.500000 mefs_y=0.000000
# MEFS Point Source Coupling Data
# Input Scene File: scene.star.txt
# Total Light in Focal Plane (before coupling): 6.144894125783251e-02
# Total Light Gathered:                         8.529392315667170e-03
# Average Coupling Efficiency:                  1.388045447337952e-01
# Format:
# Col 1: X coordinate (lambda/D)
# Col 2: Y coordinate (lambda/D)
# Col 3: Input flux
# Col 4: Light in focal plane (before coupling)
# Col 5: Coupling efficiency (0.0 to 1.0)
# Col 6: Coupled flux
# ----------------------------------------------------------------------
    0.0000    -0.0200   8.00640512e+06   2.00441652e-04   2.65613612e-17   1.45820740e-10
   -0.0060    -0.0190   8.00640512e+06   1.95852893e-04   1.20786996e-12   6.63115453e-06
   -0.0050    -0.0190   8.00640512e+06   1.80049040e-04   8.99491339e-13   4.93816908e-06
   -0.0040    -0.0190   8.00640512e+06   1.67770933e-04   6.09206971e-13   3.34452028e-06
   -0.0030    -0.0190   8.00640512e+06   1.58617720e-04   3.58488052e-13   1.96808411e-06
   -0.0020    -0.0190   8.00640512e+06   1.52288138e-04   1.65230528e-13   9.07108548e-07
   -0.0010    -0.0190   8.00640512e+06   1.48572634e-04   4.29183255e-14   2.35619776e-07
    0.0000    -0.0190   8.00640512e+06   1.47347727e-04   1.76219236e-17   9.67436090e-11
    0.0010    -0.0190   8.00640512e+06   1.48572634e-04   3.96031115e-14   2.17419393e-07
    0.0020    -0.0190   8.00640512e+06   1.52288138e-04   1.59217252e-13   8.74095921e-07
    0.0030    -0.0190   8.00640512e+06   1.58617720e-04   3.50963441e-13   1.92677432e-06
    0.0040    -0.0190   8.00640512e+06   1.67770933e-04   6.01834074e-13   3.30404339e-06
    0.0050    -0.0190   8.00640512e+06   1.80049040e-04   8.94274419e-13   4.90952841e-06
    0.0060    -0.0190   8.00640512e+06   1.95852893e-04   1.20698324e-12   6.62628650e-06
   -0.0080    -0.0180   8.00640512e+06   1.82763195e-04   1.36381220e-12   7.48727082e-06
   -0.0070    -0.0180   8.00640512e+06   1.62404193e-04   1.17213050e-12   6.43494646e-06
   -0.0060    -0.0180   8.00640512e+06   1.46034732e-04   9.47560479e-13   5.20206661e-06
   -0.0050    -0.0180   8.00640512e+06   1.33076163e-04   7.11575277e-13   3.90651791e-06
   -0.0040    -0.0180   8.00640512e+06   1.23063641e-04   4.84991428e-13   2.66258225e-06
   -0.0030    -0.0180   8.00640512e+06   1.15633737e-04   2.86675485e-13   1.57383618e-06
   -0.0020    -0.0180   8.00640512e+06   1.10514298e-04   1.32479702e-13   7.27307913e-07
   -0.0010    -0.0180   8.00640512e+06   1.07516562e-04   3.44077453e-14   1.88897054e-07
    0.0000    -0.0180   8.00640512e+06   1.06529525e-04   1.14345208e-17   6.27750312e-11
    0.0010    -0.0180   8.00640512e+06   1.07516562e-04   3.20194860e-14   1.75785612e-07
    0.0020    -0.0180   8.00640512e+06   1.10514298e-04   1.28199228e-13   7.03808295e-07
    0.0030    -0.0180   8.00640512e+06   1.15633737e-04   2.81452249e-13   1.54516084e-06
    0.0040    -0.0180   8.00640512e+06   1.23063641e-04   4.80144919e-13   2.63597512e-06
    0.0050    -0.0180   8.00640512e+06   1.33076163e-04   7.08674737e-13   3.89059408e-06
    0.0060    -0.0180   8.00640512e+06   1.46034732e-04   9.48273413e-13   5.20598058e-06
    0.0070    -0.0180   8.00640512e+06   1.62404193e-04   1.17804761e-12   6.46743114e-06
    0.0080    -0.0180   8.00640512e+06   1.82763195e-04   1.37625828e-12   7.55559923e-06
   -0.0100    -0.0170   8.00640512e+06   1.84111134e-04   1.11405686e-12   6.11612465e-06
   -0.0090    -0.0170   8.00640512e+06   1.58454278e-04   1.09852009e-12   6.03082844e-06
   -0.0080    -0.0170   8.00640512e+06   1.37625074e-04   1.01993280e-12   5.59938757e-06
   -0.0070    -0.0170   8.00640512e+06   1.20837940e-04   8.91733054e-13   4.89557642e-06
   -0.0060    -0.0170   8.00640512e+06   1.07444776e-04   7.30493362e-13   4.01037739e-06
   -0.0050    -0.0170   8.00640512e+06   9.69180666e-05   5.54174645e-13   3.04239516e-06
   -0.0040    -0.0170   8.00640512e+06   8.88362381e-05   3.80607183e-13   2.08951720e-06
   -0.0030    -0.0170   8.00640512e+06   8.28712657e-05   2.26199601e-13   1.24182616e-06
   -0.0020    -0.0170   8.00640512e+06   7.87785351e-05   1.04876889e-13   5.75769649e-07
   -0.0010    -0.0170   8.00640512e+06   7.63889556e-05   2.72484631e-14   1.49592900e-07
    0.0000    -0.0170   8.00640512e+06   7.56033263e-05   7.23839027e-18   3.97384538e-11
    0.0010    -0.0170   8.00640512e+06   7.63889556e-05   2.55607172e-14   1.40327247e-07
    0.0020    -0.0170   8.00640512e+06   7.87785351e-05   1.01895041e-13   5.59399426e-07
    0.0030    -0.0170   8.00640512e+06   8.28712657e-05   2.22672971e-13   1.22246511e-06
    0.0040    -0.0170   8.00640512e+06   8.88362381e-05   3.77566753e-13   2.07282537e-06
    0.0050    -0.0170   8.00640512e+06   9.69180666e-05   5.52826787e-13   3.03499548e-06
    0.0060    -0.0170   8.00640512e+06   1.07444776e-04   7.32087048e-13   4.01912666e-06
    0.0070    -0.0170   8.00640512e+06   1.20837940e-04   8.97408158e-13   4.92673250e-06
    0.0080    -0.0170   8.00640512e+06   1.37625074e-04   1.03055903e-12   5.65772511e-06
    0.0090    -0.0170   8.00640512e+06   1.58454278e-04   1.11453797e-12   6.11876591e-06
    0.0100    -0.0170   8.00640512e+06   1.84111134e-04   1.13533412e-12   6.23293591e-06
   -0.0120    -0.0160   8.00640512e+06   2.00118569e-04   5.50441700e-13   3.02190145e-06
   -0.0110    -0.0160   8.00640512e+06   1.67562766e-04   6.80030654e-13   3.73333928e-06
   -0.0100    -0.0160   8.00640512e+06   1.41110533e-04   7.56597302e-13   4.15368691e-06
   -0.0090    -0.0160   8.00640512e+06   1.19719509e-04   7.75901767e-13   4.25966760e-06
   -0.0080    -0.0160   8.00640512e+06   1.02517944e-04   7.41494730e-13   4.07077444e-06
   -0.0070    -0.0160   8.00640512e+06   8.87833033e-05   6.62522674e-13   3.63722122e-06
   -0.0060    -0.0160   8.00640512e+06   7.79231170e-05   5.51758061e-13   3.02912821e-06
   -0.0050    -0.0160   8.00640512e+06   6.94580878e-05   4.23855496e-13   2.32694859e-06
   -0.0040    -0.0160   8.00640512e+06   6.30074440e-05   2.93834900e-13   1.61314107e-06
   -0.0030    -0.0160   8.00640512e+06   5.82765466e-05   1.75792701e-13   9.65094427e-07
   -0.0020    -0.0160   8.00640512e+06   5.50467491e-05   8.18420641e-14   4.49309441e-07
   -0.0010    -0.0160   8.00640512e+06   5.31675097e-05   2.12831621e-14   1.16843652e-07
    0.0000    -0.0160   8.00640512e+06   5.25507571e-05   4.45679289e-18   2.44676029e-11
    0.0010    -0.0160   8.00640512e+06   5.31675097e-05   2.01159902e-14   1.10435928e-07
    0.0020    -0.0160   8.00640512e+06   5.50467491e-05   7.98156416e-14   4.38184467e-07
    0.0030    -0.0160   8.00640512e+06   5.82765466e-05   1.73489313e-13   9.52448928e-07
    0.0040    -0.0160   8.00640512e+06   6.30074440e-05   2.92045991e-13   1.60332003e-06
    0.0050    -0.0160   8.00640512e+06   6.94580878e-05   4.23488620e-13   2.32493446e-06
    0.0060    -0.0160   8.00640512e+06   7.79231170e-05   5.53721719e-13   3.03990862e-06
    0.0070    -0.0160   8.00640512e+06   8.87833033e-05   6.67596651e-13   3.66507713e-06
    0.0080    -0.0160   8.00640512e+06   1.02517944e-04   7.50195461e-13   4.11854108e-06
    0.0090    -0.0160   8.00640512e+06   1.19719509e-04   7.88354170e-13   4.32803076e-06
    0.0100    -0.0160   8.00640512e+06   1.41110533e-04   7.72426415e-13   4.24058806e-06
    0.0110    -0.0160   8.00640512e+06   1.67562766e-04   6.98288304e-13   3.83357300e-06
   -0.0130    -0.0150   8.00640512e+06   1.91229075e-04   1.53791268e-13   8.44307498e-07
   -0.0120    -0.0150   8.00640512e+06   1.57099392e-04   2.84120956e-13   1.55981193e-06
   -0.0110    -0.0150   8.00640512e+06   1.29528079e-04   4.00701217e-13   2.19983259e-06
   -0.0100    -0.0150   8.00640512e+06   1.07358630e-04   4.83683239e-13   2.65540035e-06
   -0.0090    -0.0150   8.00640512e+06   8.96218321e-05   5.23882939e-13   2.87609498e-06
   -0.0080    -0.0150   8.00640512e+06   7.55121278e-05   5.20364393e-13   2.85677832e-06
   -0.0070    -0.0150   8.00640512e+06   6.43662101e-05   4.78247161e-13   2.62555651e-06
   -0.0060    -0.0150   8.00640512e+06   5.56438759e-05   4.06738547e-13   2.23297727e-06
   -0.0050    -0.0150   8.00640512e+06   4.89111276e-05   3.17391841e-13   1.74246766e-06
   -0.0040    -0.0150   8.00640512e+06   4.38255271e-05   2.22591566e-13   1.22201820e-06
   -0.0030    -0.0150   8.00640512e+06   4.01238010e-05   1.34266755e-13   7.37118755e-07
   -0.0020    -0.0150   8.00640512e+06   3.76116991e-05   6.28332496e-14   3.44951860e-07
   -0.0010    -0.0150   8.00640512e+06   3.61561063e-05   1.63660479e-14   8.98489048e-08
    0.0000    -0.0150   8.00640512e+06   3.56794073e-05   2.65952396e-18   1.46006731e-11
    0.0010    -0.0150   8.00640512e+06   3.61561063e-05   1.55784681e-14   8.55251253e-08
    0.0020    -0.0150   8.00640512e+06   3.76116991e-05   6.14950595e-14   3.37605253e-07
    0.0030    -0.0150   8.00640512e+06   4.01238010e-05   1.32822477e-13   7.29189731e-07
    0.0040    -0.0150   8.00640512e+06   4.38255271e-05   2.21636349e-13   1.21677410e-06
    0.0050    -0.0150   8.00640512e+06   4.89111276e-05   3.17590831e-13   1.74356012e-06
    0.0060    -0.0150   8.00640512e+06   5.56438759e-05   4.08728288e-13   2.24390086e-06
    0.0070    -0.0150   8.00640512e+06   6.43662101e-05   4.82526622e-13   2.64905057e-06
    0.0080    -0.0150   8.00640512e+06   7.55121278e-05   5.27185178e-13   2.89422414e-06
    0.0090    -0.0150   8.00640512e+06   8.96218321e-05   5.33150096e-13   2.92697128e-06
    0.0100    -0.0150   8.00640512e+06   1.07358630e-04   4.94880005e-13   2.71687012e-06
    0.0110    -0.0150   8.00640512e+06   1.29528079e-04   4.12852944e-13   2.26654505e-06
    0.0120    -0.0150   8.00640512e+06   1.57099392e-04   2.95815350e-13   1.62401365e-06
    0.0130    -0.0150   8.00640512e+06   1.91229075e-04   1.63273997e-13   8.96367276e-07
   -0.0140    -0.0140   8.00640512e+06   1.88325355e-04   4.22544323e-16   2.31975031e-09
   -0.0130    -0.0140   8.00640512e+06   1.52034767e-04   3.26434738e-14   1.79211278e-07
   -0.0120    -0.0140   8.00640512e+06   1.22891985e-04   1.14020225e-13   6.25966171e-07
   -0.0110    -0.0140   8.00640512e+06   9.96087602e-05   2.05928226e-13   1.13053718e-06
   -0.0100    -0.0140   8.00640512e+06   8.11035308e-05   2.83471242e-13   1.55624502e-06
   -0.0090    -0.0140   8.00640512e+06   6.64755243e-05   3.32843917e-13   1.82729891e-06
   -0.0080    -0.0140   8.00640512e+06   5.49811081e-05   3.48917160e-13   1.91554032e-06
   -0.0070    -0.0140   8.00640512e+06   4.60123888e-05   3.33047409e-13   1.82841607e-06
   -0.0060    -0.0140   8.00640512e+06   3.90780618e-05   2.91110842e-13   1.59818610e-06
   -0.0050    -0.0140   8.00640512e+06   3.37865115e-05   2.31763565e-13   1.27237209e-06
   -0.0040    -0.0140   8.00640512e+06   2.98311635e-05   1.64928803e-13   9.05452095e-07
   -0.0030    -0.0140   8.00640512e+06   2.69780892e-05   1.00512115e-13   5.51807223e-07
   -0.0020    -0.0140   8.00640512e+06   2.50558632e-05   4.73456422e-14   2.59925556e-07
   -0.0010    -0.0140   8.00640512e+06   2.39476742e-05   1.23623912e-14   6.78690001e-08
    0.0000    -0.0140   8.00640512e+06   2.35856896e-05   1.53147051e-18   8.40770778e-12
    0.0010    -0.0140   8.00640512e+06   2.39476742e-05   1.18456957e-14   6.50323638e-08
    0.0020    -0.0140   8.00640512e+06   2.50558632e-05   4.64912446e-14   2.55234949e-07
    0.0030    -0.0140   8.00640512e+06   2.69780892e-05   9.96524582e-14   5.47087744e-07
    0.0040    -0.0140   8.00640512e+06   2.98311635e-05   1.64500599e-13   9.03101272e-07
    0.0050    -0.0140   8.00640512e+06   3.37865115e-05   2.32238787e-13   1.27498103e-06
    0.0060    -0.0140   8.00640512e+06   3.90780618e-05   2.92913608e-13   1.60808321e-06
    0.0070    -0.0140   8.00640512e+06   4.60123888e-05   3.36464384e-13   1.84717512e-06
    0.0080    -0.0140   8.00640512e+06   5.49811081e-05   3.54010996e-13   1.94350527e-06
    0.0090    -0.0140   8.00640512e+06   6.64755243e-05   3.39381167e-13   1.86318813e-06
    0.0100    -0.0140   8.00640512e+06   8.11035308e-05   2.90878084e-13   1.59690827e-06
    0.0110    -0.0140   8.00640512e+06   9.96087602e-05   2.13289239e-13   1.17094882e-06
    0.0120    -0.0140   8.00640512e+06   1.22891985e-04   1.20137346e-13   6.59548903e-07
    0.0130    -0.0140   8.00640512e+06   1.52034767e-04   3.61741898e-14   1.98594759e-07
    0.0140    -0.0140   8.00640512e+06   1.88325355e-04   1.18252179e-16   6.49199420e-10
   -0.0150    -0.0130   8.00640512e+06   1.91229075e-04   2.46237630e-13   1.35183408e-06
   -0.0140    -0.0130   8.00640512e+06   1.52034767e-04   5.40153609e-14   2.96542027e-07
   -0.0130    -0.0130   8.00640512e+06   1.20731283e-04   2.61922672e-16   1.43794430e-09
   -0.0120    -0.0130   8.00640512e+06   9.58774416e-05   2.42811560e-14   1.33302510e-07
   -0.0110    -0.0130   8.00640512e+06   7.62608349e-05   8.23576102e-14   4.52139766e-07
   -0.0100    -0.0130   8.00640512e+06   6.08696855e-05   1.44899139e-13   7.95490092e-07
   -0.0090    -0.0130   8.00640512e+06   4.88669448e-05   1.93801262e-13   1.06396066e-06
   -0.0080    -0.0130   8.00640512e+06   3.95666410e-05   2.20034357e-13   1.20797923e-06
   -0.0070    -0.0130   8.00640512e+06   3.24124773e-05   2.21454744e-13   1.21577709e-06
   -0.0060    -0.0130   8.00640512e+06   2.69586792e-05   2.00840705e-13   1.10260690e-06
   -0.0050    -0.0130   8.00640512e+06   2.28530937e-05   1.64154484e-13   9.01201116e-07
   -0.0040    -0.0130   8.00640512e+06   1.98225400e-05   1.19031288e-13   6.53476695e-07
   -0.0030    -0.0130   8.00640512e+06   1.76604129e-05   7.34963111e-14   4.03491612e-07
   -0.0020    -0.0130   8.00640512e+06   1.62165397e-05   3.49107913e-14   1.91658755e-07
   -0.0010    -0.0130   8.00640512e+06   1.53892899e-05   9.14810002e-15   5.02226788e-08
    0.0000    -0.0130   8.00640512e+06   1.51199396e-05   8.46527312e-19   4.64739883e-12
    0.0010    -0.0130   8.00640512e+06   1.53892899e-05   8.81998202e-15   4.84213250e-08
    0.0020    -0.0130   8.00640512e+06   1.62165397e-05   3.43868689e-14   1.88782443e-07
    0.0030    -0.0130   8.00640512e+06   1.76604129e-05   7.30192739e-14   4.00872699e-07
    0.0040    -0.0130   8.00640512e+06   1.98225400e-05   1.18912233e-13   6.52823086e-07
    0.0050    -0.0130   8.00640512e+06   2.28530937e-05   1.64714724e-13   9.04276809e-07
    0.0060    -0.0130   8.00640512e+06   2.69586792e-05   2.02343079e-13   1.11085487e-06
    0.0070    -0.0130   8.00640512e+06   3.24124773e-05   2.24032045e-13   1.22992637e-06
    0.0080    -0.0130   8.00640512e+06   3.95666410e-05   2.23624405e-13   1.22768844e-06
    0.0090    -0.0130   8.00640512e+06   4.88669448e-05   1.98100059e-13   1.08756087e-06
    0.0100    -0.0130   8.00640512e+06   6.08696855e-05   1.49345434e-13   8.19900062e-07
    0.0110    -0.0130   8.00640512e+06   7.62608349e-05   8.61641190e-14   4.73037337e-07
    0.0120    -0.0130   8.00640512e+06   9.58774416e-05   2.65295697e-14   1.45646206e-07
    0.0130    -0.0130   8.00640512e+06   1.20731283e-04   8.07482921e-17   4.43304679e-10
    0.0140    -0.0130   8.00640512e+06   1.52034767e-04   5.08615336e-14   2.79227650e-07
    0.0150    -0.0130   8.00640512e+06   1.91229075e-04   2.40304736e-13   1.31926275e-06
   -0.0160    -0.0120   8.00640512e+06   2.00118569e-04   1.07087074e-12   5.87903466e-06
   -0.0150    -0.0120   8.00640512e+06   1.57099392e-04   4.98747555e-13   2.73810280e-06
   -0.0140    -0.0120   8.00640512e+06   1.22891985e-04   1.83645429e-13   1.00820557e-06
   -0.0130    -0.0120   8.00640512e+06   9.58774416e-05   3.93721267e-14   2.16151296e-07
   -0.0120    -0.0120   8.00640512e+06   7.46904172e-05   1.56584457e-16   8.59641987e-10
   -0.0110    -0.0120   8.00640512e+06   5.81887357e-05   1.75724948e-14   9.64722469e-08
   -0.0100    -0.0120   8.00640512e+06   4.54252398e-05   5.76825840e-14   3.16674925e-07
   -0.0090    -0.0120   8.00640512e+06   3.56218890e-05   9.84046530e-14   5.40237347e-07
   -0.0080    -0.0120   8.00640512e+06   2.81461062e-05   1.27100450e-13   6.97776050e-07
   -0.0070    -0.0120   8.00640512e+06   2.24893728e-05   1.38388435e-13   7.59746602e-07
   -0.0060    -0.0120   8.00640512e+06   1.82480757e-05   1.32181473e-13   7.25670646e-07
   -0.0050    -0.0120   8.00640512e+06   1.51066043e-05   1.11950515e-13   6.14603554e-07
   -0.0040    -0.0120   8.00640512e+06   1.28227006e-05   8.32152749e-14   4.56848309e-07
   -0.0030    -0.0120   8.00640512e+06   1.12150609e-05   5.22629256e-14   2.86921232e-07
   -0.0020    -0.0120   8.00640512e+06   1.01531925e-05   2.50958349e-14   1.37775063e-07
   -0.0010    -0.0120   8.00640512e+06   9.54952233e-06   6.60932395e-15   3.62849065e-08
    0.0000    -0.0120   8.00640512e+06   9.35376138e-06   4.46224280e-19   2.44975226e-12
    0.0010    -0.0120   8.00640512e+06   9.54952233e-06   6.40876203e-15   3.51838301e-08
    0.0020    -0.0120   8.00640512e+06   1.01531925e-05   2.47900780e-14   1.36096470e-07
    0.0030    -0.0120   8.00640512e+06   1.12150609e-05   5.20241089e-14   2.85610138e-07
    0.0040    -0.0120   8.00640512e+06   1.28227006e-05   8.32570105e-14   4.57077436e-07
    0.0050    -0.0120   8.00640512e+06   1.51066043e-05   1.12479719e-13   6.17508861e-07
    0.0060    -0.0120   8.00640512e+06   1.82480757e-05   1.33343029e-13   7.32047539e-07
    0.0070    -0.0120   8.00640512e+06   2.24893728e-05   1.40210315e-13   7.69748648e-07
    0.0080    -0.0120   8.00640512e+06   2.81461062e-05   1.29448822e-13   7.10668512e-07
    0.0090    -0.0120   8.00640512e+06   3.56218890e-05   1.00960401e-13   5.54268295e-07
    0.0100    -0.0120   8.00640512e+06   4.54252398e-05   5.99525831e-14   3.29137124e-07
    0.0110    -0.0120   8.00640512e+06   5.81887357e-05   1.89508716e-14   1.04039476e-07
    0.0120    -0.0120   8.00640512e+06   7.46904172e-05   5.31051440e-17   2.91544975e-10
    0.0130    -0.0120   8.00640512e+06   9.58774416e-05   3.74267523e-14   2.05471274e-07
    0.0140    -0.0120   8.00640512e+06   1.22891985e-04   1.80049976e-13   9.88466690e-07
    0.0150    -0.0120   8.00640512e+06   1.57099392e-04   4.94697303e-13   2.71586709e-06
   -0.0160    -0.0110   8.00640512e+06   1.67562766e-04   1.53944130e-12   8.45146706e-06
   -0.0150    -0.0110   8.00640512e+06   1.29528079e-04   8.08897783e-13   4.44081432e-06
   -0.0140    -0.0110   8.00640512e+06   9.96087602e-05   3.70813143e-13   2.03574834e-06
   -0.0130    -0.0110   8.00640512e+06   7.62608349e-05   1.33995311e-13   7.35628539e-07
   -0.0120    -0.0110   8.00640512e+06   5.81887357e-05   2.80067753e-14   1.53756001e-07
   -0.0110    -0.0110   8.00640512e+06   4.43149036e-05   8.97212985e-17   4.92566101e-10
   -0.0100    -0.0110   8.00640512e+06   3.37516369e-05   1.23118521e-14   6.75915429e-08
   -0.0090    -0.0110   8.00640512e+06   2.57751870e-05   3.89339772e-14   2.13745874e-07
   -0.0080    -0.0110   8.00640512e+06   1.98021033e-05   6.40004301e-14   3.51359631e-07
   -0.0070    -0.0110   8.00640512e+06   1.53678271e-05   7.91533752e-14   4.34548653e-07
   -0.0060    -0.0110   8.00640512e+06   1.21075366e-05   8.16720507e-14   4.48376074e-07
   -0.0050    -0.0110   8.00640512e+06   9.73924291e-06   7.27379857e-14   3.99328439e-07
   -0.0040    -0.0110   8.00640512e+06   8.04913890e-06   5.59272208e-14   3.07038056e-07
   -0.0030    -0.0110   8.00640512e+06   6.87920050e-06   3.59305498e-14   1.97257186e-07
   -0.0020    -0.0110   8.00640512e+06   6.11704176e-06   1.75027909e-14   9.60895754e-08
   -0.0010    -0.0110   8.00640512e+06   5.68802374e-06   4.64208703e-15   2.54848598e-08
    0.0000    -0.0110   8.00640512e+06   5.54961787e-06   2.22460570e-19   1.22129904e-12
    0.0010    -0.0110   8.00640512e+06   5.68802374e-06   4.52493518e-15   2.48417011e-08
    0.0020    -0.0110   8.00640512e+06   6.11704176e-06   1.73351927e-14   9.51694683e-08
    0.0030    -0.0110   8.00640512e+06   6.87920050e-06   3.58303894e-14   1.96707309e-07
    0.0040    -0.0110   8.00640512e+06   8.04913890e-06   5.60344136e-14   3.07626540e-07
    0.0050    -0.0110   8.00640512e+06   9.73924291e-06   7.31755208e-14   4.01730487e-07
    0.0060    -0.0110   8.00640512e+06   1.21075366e-05   8.25029414e-14   4.52937629e-07
    0.0070    -0.0110   8.00640512e+06   1.53678271e-05   8.03411386e-14   4.41069423e-07
    0.0080    -0.0110   8.00640512e+06   1.98021033e-05   6.53826225e-14   3.58947808e-07
    0.0090    -0.0110   8.00640512e+06   2.57751870e-05   4.02202170e-14   2.20807275e-07
    0.0100    -0.0110   8.00640512e+06   3.37516369e-05   1.31196629e-14   7.20263896e-08
    0.0110    -0.0110   8.00640512e+06   4.43149036e-05   3.34330455e-17   1.83545994e-10
    0.0120    -0.0110   8.00640512e+06   5.81887357e-05   2.68566218e-14   1.47441708e-07
    0.0130    -0.0110   8.00640512e+06   7.62608349e-05   1.31925763e-13   7.24266809e-07
    0.0140    -0.0110   8.00640512e+06   9.96087602e-05   3.68761415e-13   2.02448444e-06
    0.0150    -0.0110   8.00640512e+06   1.29528079e-04   8.09055352e-13   4.44167937e-06
    0.0160    -0.0110   8.00640512e+06   1.67562766e-04   1.54590317e-12   8.48694245e-06
   -0.0170    -0.0100   8.00640512e+06   1.84111134e-04   3.37078884e-12   1.85054869e-05
   -0.0160    -0.0100   8.00640512e+06   1.41110533e-04   2.04125442e-12   1.12063997e-05
   -0.0150    -0.0100   8.00640512e+06   1.07358630e-04   1.15719832e-12   6.35296942e-06
   -0.0140    -0.0100   8.00640512e+06   8.11035308e-05   5.98513441e-13   3.28581326e-06
   -0.0130    -0.0100   8.00640512e+06   6.08696855e-05   2.69444688e-13   1.47923985e-06
   -0.0120    -0.0100   8.00640512e+06   4.54252398e-05   9.52959478e-14   5.23170688e-07
   -0.0110    -0.0100   8.00640512e+06   3.37516369e-05   1.93566246e-14   1.06267043e-07
   -0.0100    -0.0100   8.00640512e+06   2.50154645e-05   4.88807748e-17   2.68353368e-10
   -0.0090    -0.0100   8.00640512e+06   1.85425485e-05   8.29663379e-15   4.55481656e-08
   -0.0080    -0.0100   8.00640512e+06   1.37942962e-05   2.51173857e-14   1.37893376e-07
   -0.0070    -0.0100   8.00640512e+06   1.03462890e-05   3.94379400e-14   2.16512608e-07
   -0.0060    -0.0100   8.00640512e+06   7.86912570e-06   4.61350539e-14   2.53279478e-07
   -0.0050    -0.0100   8.00640512e+06   6.11151785e-06   4.43020648e-14   2.43216446e-07
   -0.0040    -0.0100   8.00640512e+06   4.88563714e-06   3.57425187e-14   1.96224903e-07
   -0.0030    -0.0100   8.00640512e+06   4.05471611e-06   2.36918186e-14   1.30067073e-07
   -0.0020    -0.0100   8.00640512e+06   3.52290242e-06   1.17679029e-14   6.46052848e-08
   -0.0010    -0.0100   8.00640512e+06   3.22736729e-06   3.15195077e-15   1.73040752e-08
    0.0000    -0.0100   8.00640512e+06   3.13266834e-06   1.03781315e-19   5.69754994e-13
    0.0010    -0.0100   8.00640512e+06   3.22736729e-06   3.08718194e-15   1.69484972e-08
    0.0020    -0.0100   8.00640512e+06   3.52290242e-06   1.16833624e-14   6.41411612e-08
    0.0030    -0.0100   8.00640512e+06   4.05471611e-06   2.36647789e-14   1.29918627e-07
    0.0040    -0.0100   8.00640512e+06   4.88563714e-06   3.58589895e-14   1.96864323e-07
    0.0050    -0.0100   8.00640512e+06   6.11151785e-06   4.46262502e-14   2.44996210e-07
    0.0060    -0.0100   8.00640512e+06   7.86912570e-06   4.66775211e-14   2.56257600e-07
    0.0070    -0.0100   8.00640512e+06   1.03462890e-05   4.01301227e-14   2.20312661e-07
    0.0080    -0.0100   8.00640512e+06   1.37942962e-05   2.58019463e-14   1.41651585e-07
    0.0090    -0.0100   8.00640512e+06   1.85425485e-05   8.74511695e-15   4.80103190e-08
    0.0100    -0.0100   8.00640512e+06   2.50154645e-05   1.99908903e-17   1.09749135e-10
    0.0110    -0.0100   8.00640512e+06   3.37516369e-05   1.87103640e-14   1.02719100e-07
    0.0120    -0.0100   8.00640512e+06   4.54252398e-05   9.41807537e-14   5.17048320e-07
    0.0130    -0.0100   8.00640512e+06   6.08696855e-05   2.68576607e-13   1.47447411e-06
    0.0140    -0.0100   8.00640512e+06   8.11035308e-05   5.99568278e-13   3.29160427e-06
    0.0150    -0.0100   8.00640512e+06   1.07358630e-04   1.16333960e-12   6.38668479e-06
    0.0160    -0.0100   8.00640512e+06   1.41110533e-04   2.05782190e-12   1.12973544e-05
    0.0170    -0.0100   8.00640512e+06   1.84111134e-04   3.40617418e-12   1.86997509e-05
   -0.0170    -0.0090   8.00640512e+06   1.58454278e-04   4.06646370e-12   2.23247123e-05
   -0.0160    -0.0090   8.00640512e+06   1.19719509e-04   2.55610806e-12   1.40329242e-05
   -0.0150    -0.0090   8.00640512e+06   8.96218321e-05   1.52586689e-12   8.37694412e-06
   -0.0140    -0.0090   8.00640512e+06   6.64755243e-05   8.51232162e-13   4.67322825e-06
   -0.0130    -0.0090   8.00640512e+06   4.88669448e-05   4.32322039e-13   2.37342955e-06
   -0.0120    -0.0090   8.00640512e+06   3.56218890e-05   1.90589080e-13   1.04632592e-06
   -0.0110    -0.0090   8.00640512e+06   2.57751870e-05   6.57480708e-14   3.60954104e-07
   -0.0100    -0.0090   8.00640512e+06   1.85425485e-05   1.29245452e-14   7.09552020e-08
   -0.0090    -0.0090   8.00640512e+06   1.32946554e-05   2.50554337e-17   1.37553262e-10
   -0.0080    -0.0090   8.00640512e+06   9.53350346e-06   5.33027917e-15   2.92630053e-08
   -0.0070    -0.0090   8.00640512e+06   6.87099357e-06   1.53120126e-14   8.40622960e-08
   -0.0060    -0.0090   8.00640512e+06   5.00977398e-06   2.26750979e-14   1.24485320e-07
   -0.0050    -0.0090   8.00640512e+06   3.72633450e-06   2.46253242e-14   1.35191980e-07
   -0.0040    -0.0090   8.00640512e+06   2.85635306e-06   2.13643299e-14   1.17289260e-07
   -0.0030    -0.0090   8.00640512e+06   2.28229561e-06   1.48125245e-14   8.13201277e-08
   -0.0020    -0.0090   8.00640512e+06   1.92326980e-06   7.56103961e-15   4.15097849e-08
   -0.0010    -0.0090   8.00640512e+06   1.72713287e-06   2.05370563e-15   1.12747563e-08
    0.0000    -0.0090   8.00640512e+06   1.66485423e-06   4.46751563e-20   2.45264702e-13
    0.0010    -0.0090   8.00640512e+06   1.72713287e-06   2.02025666e-15   1.10911229e-08
    0.0020    -0.0090   8.00640512e+06   1.92326980e-06   7.52316729e-15   4.13018675e-08
    0.0030    -0.0090   8.00640512e+06   2.28229561e-06   1.48180960e-14   8.13507148e-08
    0.0040    -0.0090   8.00640512e+06   2.85635306e-06   2.14615911e-14   1.17823220e-07
    0.0050    -0.0090   8.00640512e+06   3.72633450e-06   2.48399703e-14   1.36370378e-07
    0.0060    -0.0090   8.00640512e+06   5.00977398e-06   2.29885927e-14   1.26206393e-07
    0.0070    -0.0090   8.00640512e+06   6.87099357e-06   1.56487789e-14   8.59111283e-08
    0.0080    -0.0090   8.00640512e+06   9.53350346e-06   5.56328660e-15   3.05422061e-08
    0.0090    -0.0090   8.00640512e+06   1.32946554e-05   1.12352796e-17   6.16812058e-11
    0.0100    -0.0090   8.00640512e+06   1.85425485e-05   1.25833658e-14   6.90821414e-08
    0.0110    -0.0090   8.00640512e+06   2.57751870e-05   6.51985094e-14   3.57937035e-07
    0.0120    -0.0090   8.00640512e+06   3.56218890e-05   1.90362129e-13   1.04507997e-06
    0.0130    -0.0090   8.00640512e+06   4.88669448e-05   4.33667787e-13   2.38081765e-06
    0.0140    -0.0090   8.00640512e+06   6.64755243e-05   8.56542378e-13   4.70238111e-06
    0.0150    -0.0090   8.00640512e+06   8.96218321e-05   1.53923596e-12   8.45033976e-06
    0.0160    -0.0090   8.00640512e+06   1.19719509e-04   2.58405701e-12   1.41863627e-05
    0.0170    -0.0090   8.00640512e+06   1.58454278e-04   4.11885390e-12   2.26123322e-05
   -0.0180    -0.0080   8.00640512e+06   1.82763195e-04   7.09079553e-12   3.89281650e-05
   -0.0170    -0.0080   8.00640512e+06   1.37625074e-04   4.74411716e-12   2.60450008e-05
   -0.0160    -0.0080   8.00640512e+06   1.02517944e-04   3.06573541e-12   1.68307566e-05
   -0.0150    -0.0080   8.00640512e+06   7.55121278e-05   1.89882537e-12   1.04244703e-05
   -0.0140    -0.0080   8.00640512e+06   5.49811081e-05   1.11494271e-12   6.12098792e-06
   -0.0130    -0.0080   8.00640512e+06   3.95666410e-05   6.10514583e-13   3.35169901e-06
   -0.0120    -0.0080   8.00640512e+06   2.81461062e-05   3.03548989e-13   1.66647100e-06
   -0.0110    -0.0080   8.00640512e+06   1.98021033e-05   1.30563753e-13   7.16789433e-07
   -0.0100    -0.0080   8.00640512e+06   1.37942962e-05   4.37361734e-14   2.40109726e-07
   -0.0090    -0.0080   8.00640512e+06   9.53350346e-06   8.27444656e-15   4.54263586e-08
   -0.0080    -0.0080   8.00640512e+06   6.55803891e-06   1.19122806e-17   6.53979123e-11
   -0.0070    -0.0080   8.00640512e+06   4.51230174e-06   3.22518869e-15   1.77061483e-08
   -0.0060    -0.0080   8.00640512e+06   3.12761769e-06   8.67724119e-15   4.76376839e-08
   -0.0050    -0.0080   8.00640512e+06   2.20533228e-06   1.18864238e-14   6.52559593e-08
   -0.0040    -0.0080   8.00640512e+06   1.60215655e-06   1.16225211e-14   6.38071451e-08
   -0.0030    -0.0080   8.00640512e+06   1.21776634e-06   8.63081011e-15   4.73827793e-08
   -0.0020    -0.0080   8.00640512e+06   9.84655296e-07   4.58514868e-15   2.51722706e-08
   -0.0010    -0.0080   8.00640512e+06   8.60242441e-07   1.27109104e-15   6.97823557e-09
    0.0000    -0.0080   8.00640512e+06   8.21234357e-07   1.74121372e-20   9.55918903e-14
    0.0010    -0.0080   8.00640512e+06   8.60242441e-07   1.25525670e-15   6.89130573e-09
    0.0020    -0.0080   8.00640512e+06   9.84655296e-07   4.57117020e-15   2.50955294e-08
    0.0030    -0.0080   8.00640512e+06   1.21776634e-06   8.64615441e-15   4.74670189e-08
    0.0040    -0.0080   8.00640512e+06   1.60215655e-06   1.16905105e-14   6.41804039e-08
    0.0050    -0.0080   8.00640512e+06   2.20533228e-06   1.20101179e-14   6.59350350e-08
    0.0060    -0.0080   8.00640512e+06   3.12761769e-06   8.82683894e-15   4.84589692e-08
    0.0070    -0.0080   8.00640512e+06   4.51230174e-06   3.33657088e-15   1.83176318e-08
    0.0080    -0.0080   8.00640512e+06   6.55803891e-06   5.85179511e-18   3.21261055e-11
    0.0090    -0.0080   8.00640512e+06   9.53350346e-06   8.10791529e-15   4.45121091e-08
    0.0100    -0.0080   8.00640512e+06   1.37942962e-05   4.34990792e-14   2.38808089e-07
    0.0110    -0.0080   8.00640512e+06   1.98021033e-05   1.30636343e-13   7.17187948e-07
    0.0120    -0.0080   8.00640512e+06   2.81461062e-05   3.04837054e-13   1.67354242e-06
    0.0130    -0.0080   8.00640512e+06   3.95666410e-05   6.14781504e-13   3.37512423e-06
    0.0140    -0.0080   8.00640512e+06   5.49811081e-05   1.12525929e-12   6.17762548e-06
    0.0150    -0.0080   8.00640512e+06   7.55121278e-05   1.92016025e-12   1.05415979e-05
    0.0160    -0.0080   8.00640512e+06   1.02517944e-04   3.10571088e-12   1.70502202e-05
    0.0170    -0.0080   8.00640512e+06   1.37625074e-04   4.81395688e-12   2.64284179e-05
    0.0180    -0.0080   8.00640512e+06   1.82763195e-04   7.20649284e-12   3.95633383e-05
   -0.0180    -0.0070   8.00640512e+06   1.62404193e-04   7.91680685e-12   4.34629318e-05
   -0.0170    -0.0070   8.00640512e+06   1.20837940e-04   5.38533405e-12   2.95652542e-05
   -0.0160    -0.0070   8.00640512e+06   8.87833033e-05   3.55380150e-12   1.95102186e-05
   -0.0150    -0.0070   8.00640512e+06   6.43662101e-05   2.26169666e-12   1.24166182e-05
   -0.0140    -0.0070   8.00640512e+06   4.60123888e-05   1.37710306e-12   7.56023704e-06
   -0.0130    -0.0070   8.00640512e+06   3.24124773e-05   7.93192151e-13   4.35459107e-06
   -0.0120    -0.0070   8.00640512e+06   2.24893728e-05   4.24933697e-13   2.33286787e-06
   -0.0110    -0.0070   8.00640512e+06   1.53678271e-05   2.06025745e-13   1.13107255e-06
   -0.0100    -0.0070   8.00640512e+06   1.03462890e-05   8.60452976e-14   4.72385013e-07
   -0.0090    -0.0070   8.00640512e+06   6.87099357e-06   2.78207381e-14   1.52734665e-07
   -0.0080    -0.0070   8.00640512e+06   4.51230174e-06   5.02708849e-15   2.75985013e-08
   -0.0070    -0.0070   8.00640512e+06   2.94328916e-06   5.14919411e-18   2.82688560e-11
   -0.0060    -0.0070   8.00640512e+06   1.92058657e-06   1.80557530e-15   9.91253135e-09
   -0.0050    -0.0070   8.00640512e+06   1.26747211e-06   4.45892423e-15   2.44793038e-08
   -0.0040    -0.0070   8.00640512e+06   8.59216471e-07   5.47270373e-15   3.00449100e-08
   -0.0030    -0.0070   8.00640512e+06   6.10681416e-07   4.55643839e-15   2.50146524e-08
   -0.0020    -0.0070   8.00640512e+06   4.66172435e-07   2.57576330e-15   1.41408307e-08
   -0.0010    -0.0070   8.00640512e+06   3.91545824e-07   7.36543280e-16   4.04359119e-09
    0.0000    -0.0070   8.00640512e+06   3.68570651e-07   5.98304144e-21   3.28466423e-14
    0.0010    -0.0070   8.00640512e+06   3.91545824e-07   7.29867356e-16   4.00694065e-09
    0.0020    -0.0070   8.00640512e+06   4.66172435e-07   2.57241748e-15   1.41224622e-08
    0.0030    -0.0070   8.00640512e+06   6.10681416e-07   4.57052479e-15   2.50919861e-08
    0.0040    -0.0070   8.00640512e+06   8.59216471e-07   5.51250630e-15   3.02634244e-08
    0.0050    -0.0070   8.00640512e+06   1.26747211e-06   4.51680121e-15   2.47970459e-08
    0.0060    -0.0070   8.00640512e+06   1.92058657e-06   1.85337477e-15   1.01749484e-08
    0.0070    -0.0070   8.00640512e+06   2.94328916e-06   2.76896562e-18   1.52015031e-11
    0.0080    -0.0070   8.00640512e+06   4.51230174e-06   4.95370602e-15   2.71956347e-08
    0.0090    -0.0070   8.00640512e+06   6.87099357e-06   2.77401401e-14   1.52292186e-07
    0.0100    -0.0070   8.00640512e+06   1.03462890e-05   8.62186423e-14   4.73336668e-07
    0.0110    -0.0070   8.00640512e+06   1.53678271e-05   2.07086992e-13   1.13689875e-06
    0.0120    -0.0070   8.00640512e+06   2.24893728e-05   4.28144843e-13   2.35049692e-06
    0.0130    -0.0070   8.00640512e+06   3.24124773e-05   8.00797303e-13   4.39634303e-06
    0.0140    -0.0070   8.00640512e+06   4.60123888e-05   1.39280229e-12   7.64642517e-06
    0.0150    -0.0070   8.00640512e+06   6.43662101e-05   2.29126249e-12   1.25789333e-05
    0.0160    -0.0070   8.00640512e+06   8.87833033e-05   3.60586270e-12   1.97960324e-05
    0.0170    -0.0070   8.00640512e+06   1.20837940e-04   5.47235344e-12   3.00429869e-05
    0.0180    -0.0070   8.00640512e+06   1.62404193e-04   8.05628154e-12   4.42286420e-05
   -0.0190    -0.0060   8.00640512e+06   1.95852893e-04   1.22887808e-11   6.74648823e-05
   -0.0180    -0.0060   8.00640512e+06   1.46034732e-04   8.66942836e-12   4.75947919e-05
   -0.0170    -0.0060   8.00640512e+06   1.07444776e-04   5.97387317e-12   3.27963089e-05
   -0.0160    -0.0060   8.00640512e+06   7.79231170e-05   4.00590018e-12   2.19922211e-05
   -0.0150    -0.0060   8.00640512e+06   5.56438759e-05   2.60180176e-12   1.42837807e-05
   -0.0140    -0.0060   8.00640512e+06   3.90780618e-05   1.62665303e-12   8.93025576e-06
   -0.0130    -0.0060   8.00640512e+06   2.69586792e-05   9.70804660e-13   5.32967617e-06
   -0.0120    -0.0060   8.00640512e+06   1.82480757e-05   5.46594067e-13   3.00077811e-06
   -0.0110    -0.0060   8.00640512e+06   1.21075366e-05   2.85276317e-13   1.56615481e-06
   -0.0100    -0.0060   8.00640512e+06   7.86912570e-06   1.34175645e-13   7.36618564e-07
   -0.0090    -0.0060   8.00640512e+06   5.00977398e-06   5.40587581e-14   2.96780276e-07
   -0.0080    -0.0060   8.00640512e+06   3.12761769e-06   1.67309692e-14   9.18523070e-08
   -0.0070    -0.0060   8.00640512e+06   1.92058657e-06   2.85620659e-15   1.56804524e-08
   -0.0060    -0.0060   8.00640512e+06   1.16724333e-06   1.96530690e-18   1.07894510e-11
   -0.0050    -0.0060   8.00640512e+06   7.09875292e-07   9.10226015e-16   4.99710199e-09
   -0.0040    -0.0060   8.00640512e+06   4.39838864e-07   1.99537487e-15   1.09545229e-08
   -0.0030    -0.0060   8.00640512e+06   2.85157587e-07   2.07014122e-15   1.13649870e-08
   -0.0020    -0.0060   8.00640512e+06   2.00374321e-07   1.30056198e-15   7.14002981e-09
   -0.0010    -0.0060   8.00640512e+06   1.58658013e-07   3.90970982e-16   2.14641401e-09
    0.0000    -0.0060   8.00640512e+06   1.46165415e-07   1.74322070e-21   9.57020726e-15
    0.0010    -0.0060   8.00640512e+06   1.58658013e-07   3.88582007e-16   2.13329864e-09
    0.0020    -0.0060   8.00640512e+06   2.00374321e-07   1.30088809e-15   7.14182010e-09
    0.0030    -0.0060   8.00640512e+06   2.85157587e-07   2.07921700e-15   1.14148126e-08
    0.0040    -0.0060   8.00640512e+06   4.39838864e-07   2.01372402e-15   1.10552590e-08
    0.0050    -0.0060   8.00640512e+06   7.09875292e-07   9.27962972e-16   5.09447713e-09
    0.0060    -0.0060   8.00640512e+06   1.16724333e-06   1.15613897e-18   6.34715361e-12
    0.0070    -0.0060   8.00640512e+06   1.92058657e-06   2.82811037e-15   1.55262053e-08
    0.0080    -0.0060   8.00640512e+06   3.12761769e-06   1.67176853e-14   9.17793791e-08
    0.0090    -0.0060   8.00640512e+06   5.00977398e-06   5.42307091e-14   2.97724279e-07
    0.0100    -0.0060   8.00640512e+06   7.86912570e-06   1.34958227e-13   7.40914906e-07
    0.0110    -0.0060   8.00640512e+06   1.21075366e-05   2.87540954e-13   1.57858757e-06
    0.0120    -0.0060   8.00640512e+06   1.82480757e-05   5.51930805e-13   3.03007657e-06
    0.0130    -0.0060   8.00640512e+06   2.69586792e-05   9.81895334e-13   5.39056350e-06
    0.0140    -0.0060   8.00640512e+06   3.90780618e-05   1.64776596e-12   9.04616480e-06
    0.0150    -0.0060   8.00640512e+06   5.56438759e-05   2.63943074e-12   1.44903622e-05
    0.0160    -0.0060   8.00640512e+06   7.79231170e-05   4.06957266e-12   2.23417803e-05
    0.0170    -0.0060   8.00640512e+06   1.07444776e-04   6.07715401e-12   3.33633163e-05
    0.0180    -0.0060   8.00640512e+06   1.46034732e-04   8.83114789e-12   4.84826252e-05
    0.0190    -0.0060   8.00640512e+06   1.95852893e-04   1.25345175e-11   6.88139663e-05
   -0.0190    -0.0050   8.00640512e+06   1.80049040e-04   1.31203534e-11   7.20301807e-05
   -0.0180    -0.0050   8.00640512e+06   1.33076163e-04   9.33290664e-12   5.12372593e-05
   -0.0170    -0.0050   8.00640512e+06   9.69180666e-05   6.49566442e-12   3.56609206e-05
   -0.0160    -0.0050   8.00640512e+06   6.94580878e-05   4.40955152e-12   2.42082497e-05
   -0.0150    -0.0050   8.00640512e+06   4.89111276e-05   2.90815731e-12   1.59656596e-05
   -0.0140    -0.0050   8.00640512e+06   3.37865115e-05   1.85401197e-12   1.01784466e-05
   -0.0130    -0.0050   8.00640512e+06   2.28530937e-05   1.13507988e-12   6.23154013e-06
   -0.0120    -0.0050   8.00640512e+06   1.51066043e-05   6.61471722e-13   3.63145153e-06
   -0.0110    -0.0050   8.00640512e+06   9.73924291e-06   3.62376001e-13   1.98942878e-06
   -0.0100    -0.0050   8.00640512e+06   6.11151785e-06   1.83211362e-13   1.00582256e-06
   -0.0090    -0.0050   8.00640512e+06   3.72633450e-06   8.30006185e-14   4.55669855e-07
   -0.0080    -0.0050   8.00640512e+06   2.20533228e-06   3.19676238e-14   1.75500891e-07
   -0.0070    -0.0050   8.00640512e+06   1.26747211e-06   9.35802257e-15   5.13751447e-08
   -0.0060    -0.0050   8.00640512e+06   7.09875292e-07   1.48493867e-15   8.15224993e-09
   -0.0050    -0.0050   8.00640512e+06   3.90914441e-07   6.32962175e-19   3.47493534e-12
   -0.0040    -0.0050   8.00640512e+06   2.15557497e-07   3.95160401e-16   2.16941374e-09
   -0.0030    -0.0050   8.00640512e+06   1.22965319e-07   7.23044970e-16   3.96948604e-09
   -0.0020    -0.0050   8.00640512e+06   7.63435003e-08   5.58980797e-16   3.06878073e-09
   -0.0010    -0.0050   8.00640512e+06   5.50488563e-08   1.83557814e-16   1.00772457e-09
    0.0000    -0.0050   8.00640512e+06   4.89509414e-08   4.05420758e-22   2.22574267e-15
    0.0010    -0.0050   8.00640512e+06   5.50488563e-08   1.82897294e-16   1.00409834e-09
    0.0020    -0.0050   8.00640512e+06   7.63435003e-08   5.59890800e-16   3.07377661e-09
    0.0030    -0.0050   8.00640512e+06   1.22965319e-07   7.27283382e-16   3.99275474e-09
    0.0040    -0.0050   8.00640512e+06   2.15557497e-07   4.00509070e-16   2.19877771e-09
    0.0050    -0.0050   8.00640512e+06   3.90914441e-07   4.07117326e-19   2.23505675e-12
    0.0060    -0.0050   8.00640512e+06   7.09875292e-07   1.47622475e-15   8.10441092e-09
    0.0070    -0.0050   8.00640512e+06   1.26747211e-06   9.36626554e-15   5.14203982e-08
    0.0080    -0.0050   8.00640512e+06   2.20533228e-06   3.20970893e-14   1.76211651e-07
    0.0090    -0.0050   8.00640512e+06   3.72633450e-06   8.35221589e-14   4.58533089e-07
    0.0100    -0.0050   8.00640512e+06   6.11151785e-06   1.84700819e-13   1.01399962e-06
    0.0110    -0.0050   8.00640512e+06   9.73924291e-06   3.65918481e-13   2.00887685e-06
    0.0120    -0.0050   8.00640512e+06   1.51066043e-05   6.68948877e-13   3.67250080e-06
    0.0130    -0.0050   8.00640512e+06   2.28530937e-05   1.14955923e-12   6.31103116e-06
    0.0140    -0.0050   8.00640512e+06   3.37865115e-05   1.88025922e-12   1.03225429e-05
    0.0150    -0.0050   8.00640512e+06   4.89111276e-05   2.95329447e-12   1.62134606e-05
    0.0160    -0.0050   8.00640512e+06   6.94580878e-05   4.48388554e-12   2.46163403e-05
    0.0170    -0.0050   8.00640512e+06   9.69180666e-05   6.61371309e-12   3.63090027e-05
    0.0180    -0.0050   8.00640512e+06   1.33076163e-04   9.51465006e-12   5.22350230e-05
    0.0190    -0.0050   8.00640512e+06   1.80049040e-04   1.33927417e-11   7.35255806e-05
   -0.0190    -0.0040   8.00640512e+06   1.67770933e-04   1.38209436e-11   7.58763907e-05
   -0.0180    -0.0040   8.00640512e+06   1.23063641e-04   9.89391613e-12   5.43171775e-05
   -0.0170    -0.0040   8.00640512e+06   8.88362381e-05   6.93880643e-12   3.80937513e-05
   -0.0160    -0.0040   8.00640512e+06   6.30074440e-05   4.75419944e-12   2.61003521e-05
   -0.0150    -0.0040   8.00640512e+06   4.38255271e-05   3.17147340e-12   1.74112537e-05
   -0.0140    -0.0040   8.00640512e+06   2.98311635e-05   2.05107661e-12   1.12603231e-05
   -0.0130    -0.0040   8.00640512e+06   1.98225400e-05   1.27902151e-12   7.02177350e-06
   -0.0120    -0.0040   8.00640512e+06   1.28227006e-05   7.63597240e-13   4.19211627e-06
   -0.0110    -0.0040   8.00640512e+06   8.04913890e-06   4.32301921e-13   2.37331911e-06
   -0.0100    -0.0040   8.00640512e+06   4.88563714e-06   2.28995480e-13   1.25717542e-06
   -0.0090    -0.0040   8.00640512e+06   2.85635306e-06   1.11274317e-13   6.10891252e-07
   -0.0080    -0.0040   8.00640512e+06   1.60215655e-06   4.80687741e-14   2.63895519e-07
   -0.0070    -0.0040   8.00640512e+06   8.59216471e-07   1.74644972e-14   9.58793444e-08
   -0.0060    -0.0040   8.00640512e+06   4.39838864e-07   4.74872285e-15   2.60702859e-08
   -0.0050    -0.0040   8.00640512e+06   2.15557497e-07   6.82541875e-16   3.74712578e-09
   -0.0040    -0.0040   8.00640512e+06   1.02477379e-07   1.59441707e-19   8.75328168e-13
   -0.0030    -0.0040   8.00640512e+06   4.88720154e-08   1.36173367e-16   7.47585974e-10
   -0.0020    -0.0040   8.00640512e+06   2.50349216e-08   1.81877956e-16   9.98502217e-10
   -0.0010    -0.0040   8.00640512e+06   1.53858796e-08   7.15921171e-17   3.93037669e-10
    0.0000    -0.0040   8.00640512e+06   1.28322899e-08   6.80188874e-23   3.73420790e-16
    0.0010    -0.0040   8.00640512e+06   1.53858796e-08   7.14829052e-17   3.92438100e-10
    0.0020    -0.0040   8.00640512e+06   2.50349216e-08   1.82409152e-16   1.00141846e-09
    0.0030    -0.0040   8.00640512e+06   4.88720154e-08   1.37342173e-16   7.54002672e-10
    0.0040    -0.0040   8.00640512e+06   1.02477379e-07   1.12075029e-19   6.15287127e-13
    0.0050    -0.0040   8.00640512e+06   2.15557497e-07   6.80689378e-16   3.73695565e-09
    0.0060    -0.0040   8.00640512e+06   4.39838864e-07   4.75878737e-15   2.61255396e-08
    0.0070    -0.0040   8.00640512e+06   8.59216471e-07   1.75451096e-14   9.63219031e-08
    0.0080    -0.0040   8.00640512e+06   1.60215655e-06   4.83811483e-14   2.65610440e-07
    0.0090    -0.0040   8.00640512e+06   2.85635306e-06   1.12178430e-13   6.15854795e-07
    0.0100    -0.0040   8.00640512e+06   4.88563714e-06   2.31198091e-13   1.26926766e-06
    0.0110    -0.0040   8.00640512e+06   8.04913890e-06   4.37071660e-13   2.39950477e-06
    0.0120    -0.0040   8.00640512e+06   1.28227006e-05   7.73063908e-13   4.24408788e-06
    0.0130    -0.0040   8.00640512e+06   1.98225400e-05   1.29657862e-12   7.11816133e-06
    0.0140    -0.0040   8.00640512e+06   2.98311635e-05   2.08190814e-12   1.14295869e-05
    0.0150    -0.0040   8.00640512e+06   4.38255271e-05   3.22322748e-12   1.76953814e-05
    0.0160    -0.0040   8.00640512e+06   6.30074440e-05   4.83783389e-12   2.65595017e-05
    0.0170    -0.0040   8.00640512e+06   8.88362381e-05   7.06963261e-12   3.88119814e-05
    0.0180    -0.0040   8.00640512e+06   1.23063641e-04   1.00928696e-11   5.54094238e-05
    0.0190    -0.0040   8.00640512e+06   1.67770933e-04   1.41161124e-11   7.74968549e-05
   -0.0190    -0.0030   8.00640512e+06   1.58617720e-04   1.43784220e-11   7.89369235e-05
   -0.0180    -0.0030   8.00640512e+06   1.15633737e-04   1.03415570e-11   5.67747068e-05
   -0.0170    -0.0030   8.00640512e+06   8.28712657e-05   7.29356450e-12   4.00413580e-05
   -0.0160    -0.0030   8.00640512e+06   5.82765466e-05   5.03120981e-12   2.76211272e-05
   -0.0150    -0.0030   8.00640512e+06   4.01238010e-05   3.38415168e-12   1.85788484e-05
   -0.0140    -0.0030   8.00640512e+06   2.69780892e-05   2.21121942e-12   1.21395003e-05
   -0.0130    -0.0030   8.00640512e+06   1.76604129e-05   1.39690751e-12   7.66896263e-06
   -0.0120    -0.0030   8.00640512e+06   1.12150609e-05   8.48088630e-13   4.65597040e-06
   -0.0110    -0.0030   8.00640512e+06   6.87920050e-06   4.90946383e-13   2.69527470e-06
   -0.0100    -0.0030   8.00640512e+06   4.05471611e-06   2.68128617e-13   1.47201467e-06
   -0.0090    -0.0030   8.00640512e+06   2.28229561e-06   1.36122554e-13   7.47307013e-07
   -0.0080    -0.0030   8.00640512e+06   1.21776634e-06   6.28527313e-14   3.45058813e-07
   -0.0070    -0.0030   8.00640512e+06   6.10681416e-07   2.55028292e-14   1.40009444e-07
   -0.0060    -0.0030   8.00640512e+06   2.85157587e-07   8.56243143e-15   4.70073833e-08
   -0.0050    -0.0030   8.00640512e+06   1.22965319e-07   2.09975697e-15   1.15275762e-08
   -0.0040    -0.0030   8.00640512e+06   4.88720154e-08   2.61390030e-16   1.43502011e-09
   -0.0030    -0.0030   8.00640512e+06   1.82389800e-08   2.72451245e-20   1.49574571e-13
   -0.0020    -0.0030   8.00640512e+06   6.87270085e-09   3.12504151e-17   1.71563446e-10
   -0.0010    -0.0030   8.00640512e+06   3.13092544e-09   2.03231810e-17   1.11573397e-10
    0.0000    -0.0030   8.00640512e+06   2.28388497e-09   6.80957585e-24   3.73842809e-17
    0.0010    -0.0030   8.00640512e+06   3.13092544e-09   2.03257287e-17   1.11587383e-10
    0.0020    -0.0030   8.00640512e+06   6.87270085e-09   3.13937728e-17   1.72350473e-10
    0.0030    -0.0030   8.00640512e+06   1.82389800e-08   2.09220609e-20   1.14861222e-13
    0.0040    -0.0030   8.00640512e+06   4.88720154e-08   2.61286245e-16   1.43445034e-09
    0.0050    -0.0030   8.00640512e+06   1.22965319e-07   2.10587146e-15   1.15611445e-08
    0.0060    -0.0030   8.00640512e+06   2.85157587e-07   8.60412964e-15   4.72363047e-08
    0.0070    -0.0030   8.00640512e+06   6.10681416e-07   2.56677987e-14   1.40915120e-07
    0.0080    -0.0030   8.00640512e+06   1.21776634e-06   6.33502655e-14   3.47790255e-07
    0.0090    -0.0030   8.00640512e+06   2.28229561e-06   1.37386276e-13   7.54244796e-07
    0.0100    -0.0030   8.00640512e+06   4.05471611e-06   2.70971978e-13   1.48762460e-06
    0.0110    -0.0030   8.00640512e+06   6.87920050e-06   4.96786165e-13   2.72733485e-06
    0.0120    -0.0030   8.00640512e+06   1.12150609e-05   8.59253593e-13   4.71726557e-06
    0.0130    -0.0030   8.00640512e+06   1.76604129e-05   1.41705121e-12   7.77955072e-06
    0.0140    -0.0030   8.00640512e+06   2.69780892e-05   2.24585818e-12   1.23296656e-05
    0.0150    -0.0030   8.00640512e+06   4.01238010e-05   3.44135043e-12   1.88928671e-05
    0.0160    -0.0030   8.00640512e+06   5.82765466e-05   5.12244071e-12   2.81219809e-05
    0.0170    -0.0030   8.00640512e+06   8.28712657e-05   7.43476476e-12   4.08165414e-05
    0.0180    -0.0030   8.00640512e+06   1.15633737e-04   1.05544146e-11   5.79432861e-05
    0.0190    -0.0030   8.00640512e+06   1.58617720e-04   1.46919197e-11   8.06580125e-05
   -0.0190    -0.0020   8.00640512e+06   1.52288138e-04   1.47833568e-11   8.11599981e-05
   -0.0180    -0.0020   8.00640512e+06   1.10514298e-04   1.06673535e-11   5.85633156e-05
   -0.0170    -0.0020   8.00640512e+06   7.87785351e-05   7.55236894e-12   4.14621833e-05
   -0.0160    -0.0020   8.00640512e+06   5.50467491e-05   5.23386886e-12   2.87337168e-05
   -0.0150    -0.0020   8.00640512e+06   3.76116991e-05   3.54028391e-12   1.94360076e-05
   -0.0140    -0.0020   8.00640512e+06   2.50558632e-05   2.32928711e-12   1.27876869e-05
   -0.0130    -0.0020   8.00640512e+06   1.62165397e-05   1.48428882e-12   8.14868228e-06
   -0.0120    -0.0020   8.00640512e+06   1.01531925e-05   9.11150084e-13   5.00217509e-06
   -0.0110    -0.0020   8.00640512e+06   6.11704176e-06   5.35115709e-13   2.93776242e-06
   -0.0100    -0.0020   8.00640512e+06   3.52290242e-06   2.97967907e-13   1.63583110e-06
   -0.0090    -0.0020   8.00640512e+06   1.92326980e-06   1.55401766e-13   8.53149068e-07
   -0.0080    -0.0020   8.00640512e+06   9.84655296e-07   7.46235273e-14   4.09679981e-07
   -0.0070    -0.0020   8.00640512e+06   4.66172435e-07   3.21727478e-14   1.76627013e-07
   -0.0060    -0.0020   8.00640512e+06   2.00374321e-07   1.19693983e-14   6.57114863e-08
   -0.0050    -0.0020   8.00640512e+06   7.63435003e-08   3.58692927e-15   1.96920887e-08
   -0.0040    -0.0020   8.00640512e+06   2.50349216e-08   7.52335908e-16   4.13029204e-09
   -0.0030    -0.0020   8.00640512e+06   6.87270085e-09   7.42409951e-17   4.07579896e-10
   -0.0020    -0.0020   8.00640512e+06   1.60124038e-09   2.29445818e-21   1.25964775e-14
   -0.0010    -0.0020   8.00640512e+06   3.91175436e-10   2.84395898e-18   1.56132135e-11
    0.0000    -0.0020   8.00640512e+06   2.00506495e-10   2.65696822e-25   1.45866422e-18
    0.0010    -0.0020   8.00640512e+06   3.91175436e-10   2.84810907e-18   1.56359973e-11
    0.0020    -0.0020   8.00640512e+06   1.60124038e-09   1.92436709e-21   1.05646932e-14
    0.0030    -0.0020   8.00640512e+06   6.87270085e-09   7.43196271e-17   4.08011582e-10
    0.0040    -0.0020   8.00640512e+06   2.50349216e-08   7.54776461e-16   4.14369057e-09
    0.0050    -0.0020   8.00640512e+06   7.63435003e-08   3.60413845e-15   1.97865663e-08
    0.0060    -0.0020   8.00640512e+06   2.00374321e-07   1.20433642e-14   6.61175557e-08
    0.0070    -0.0020   8.00640512e+06   4.66172435e-07   3.24136513e-14   1.77949563e-07
    0.0080    -0.0020   8.00640512e+06   9.84655296e-07   7.52770329e-14   4.13267699e-07
    0.0090    -0.0020   8.00640512e+06   1.92326980e-06   1.56956421e-13   8.61684054e-07
    0.0100    -0.0020   8.00640512e+06   3.52290242e-06   3.01315978e-13   1.65421187e-06
    0.0110    -0.0020   8.00640512e+06   6.11704176e-06   5.41782698e-13   2.97436390e-06
    0.0120    -0.0020   8.00640512e+06   1.01531925e-05   9.23610051e-13   5.07057978e-06
    0.0130    -0.0020   8.00640512e+06   1.62165397e-05   1.50638455e-12   8.26998691e-06
    0.0140    -0.0020   8.00640512e+06   2.50558632e-05   2.36677608e-12   1.29934997e-05
    0.0150    -0.0020   8.00640512e+06   3.76116991e-05   3.60153282e-12   1.97722615e-05
    0.0160    -0.0020   8.00640512e+06   5.50467491e-05   5.33072159e-12   2.92654341e-05
    0.0170    -0.0020   8.00640512e+06   7.87785351e-05   7.70121441e-12   4.22793385e-05
    0.0180    -0.0020   8.00640512e+06   1.10514298e-04   1.08904220e-11   5.97879524e-05
    0.0190    -0.0020   8.00640512e+06   1.52288138e-04   1.51102755e-11   8.29547676e-05
   -0.0190    -0.0010   8.00640512e+06   1.48572634e-04   1.50290118e-11   8.25086336e-05
   -0.0180    -0.0010   8.00640512e+06   1.07516562e-04   1.08652524e-11   5.96497721e-05
   -0.0170    -0.0010   8.00640512e+06   7.63889556e-05   7.70981374e-12   4.23265485e-05
   -0.0160    -0.0010   8.00640512e+06   5.31675097e-05   5.35738192e-12   2.94117982e-05
   -0.0150    -0.0010   8.00640512e+06   3.61561063e-05   3.63565075e-12   1.99595675e-05
   -0.0140    -0.0010   8.00640512e+06   2.39476742e-05   2.40159956e-12   1.31846791e-05
   -0.0130    -0.0010   8.00640512e+06   1.53892899e-05   1.53798826e-12   8.44348994e-06
   -0.0120    -0.0010   8.00640512e+06   9.54952233e-06   9.50071002e-13   5.21584927e-06
   -0.0110    -0.0010   8.00640512e+06   5.68802374e-06   5.62529347e-13   3.08826212e-06
   -0.0100    -0.0010   8.00640512e+06   3.22736729e-06   3.16626184e-13   1.73826424e-06
   -0.0090    -0.0010   8.00640512e+06   1.72713287e-06   1.67581375e-13   9.20014601e-07
   -0.0080    -0.0010   8.00640512e+06   8.60242441e-07   8.21702391e-14   4.51111107e-07
   -0.0070    -0.0010   8.00640512e+06   3.91545824e-07   3.65459147e-14   2.00635513e-07
   -0.0060    -0.0010   8.00640512e+06   1.58658013e-07   1.42866603e-14   7.84331557e-08
   -0.0050    -0.0010   8.00640512e+06   5.50488563e-08   4.66912074e-15   2.56332737e-08
   -0.0040    -0.0010   8.00640512e+06   1.53858796e-08   1.16859417e-15   6.41553215e-09
   -0.0030    -0.0010   8.00640512e+06   3.13092544e-09   1.87315522e-16   1.02835422e-09
   -0.0020    -0.0010   8.00640512e+06   3.91175436e-10   1.17649427e-17   6.45890336e-11
   -0.0010    -0.0010   8.00640512e+06   2.50195034e-11   3.43591525e-23   1.88630282e-16
    0.0000    -0.0010   8.00640512e+06   3.13292167e-12   1.03770618e-27   5.69696267e-21
    0.0010    -0.0010   8.00640512e+06   2.50195034e-11   3.14677308e-23   1.72756500e-16
    0.0020    -0.0010   8.00640512e+06   3.91175436e-10   1.17840098e-17   6.46937112e-11
    0.0030    -0.0010   8.00640512e+06   3.13092544e-09   1.87893394e-16   1.03152672e-09
    0.0040    -0.0010   8.00640512e+06   1.53858796e-08   1.17369990e-15   6.44356239e-09
    0.0050    -0.0010   8.00640512e+06   5.50488563e-08   4.69527923e-15   2.57768827e-08
    0.0060    -0.0010   8.00640512e+06   1.58658013e-07   1.43840127e-14   7.89676163e-08
    0.0070    -0.0010   8.00640512e+06   3.91545824e-07   3.68388335e-14   2.02243624e-07
    0.0080    -0.0010   8.00640512e+06   8.60242441e-07   8.29270227e-14   4.55265817e-07
    0.0090    -0.0010   8.00640512e+06   1.72713287e-06   1.69324451e-13   9.29584015e-07
    0.0100    -0.0010   8.00640512e+06   3.22736729e-06   3.20296154e-13   1.75841222e-06
    0.0110    -0.0010   8.00640512e+06   5.68802374e-06   5.69718104e-13   3.12772809e-06
    0.0120    -0.0010   8.00640512e+06   9.54952233e-06   9.63341060e-13   5.28870132e-06
    0.0130    -0.0010   8.00640512e+06   1.53892899e-05   1.56129733e-12   8.57145575e-06
    0.0140    -0.0010   8.00640512e+06   2.39476742e-05   2.44085131e-12   1.34001696e-05
    0.0150    -0.0010   8.00640512e+06   3.61561063e-05   3.69939459e-12   2.03095185e-05
    0.0160    -0.0010   8.00640512e+06   5.31675097e-05   5.45768649e-12   2.99624660e-05
    0.0170    -0.0010   8.00640512e+06   7.63889556e-05   7.86334084e-12   4.31694057e-05
    0.0180    -0.0010   8.00640512e+06   1.07516562e-04   1.10945597e-11   6.09086596e-05
    0.0190    -0.0010   8.00640512e+06   1.48572634e-04   1.53641151e-11   8.43483365e-05
   -0.0200     0.0000   8.00640512e+06   2.00441652e-04   2.05443610e-11   1.12787666e-04
   -0.0190     0.0000   8.00640512e+06   1.47347727e-04   1.51113458e-11   8.29606438e-05
   -0.0180     0.0000   8.00640512e+06   1.06529525e-04   1.09316222e-11   6.00141393e-05
   -0.0170     0.0000   8.00640512e+06   7.56033263e-05   7.76265567e-12   4.26166485e-05
   -0.0160     0.0000   8.00640512e+06   5.25507571e-05   5.39887252e-12   2.96395798e-05
   -0.0150     0.0000   8.00640512e+06   3.56794073e-05   3.66772093e-12   2.01356314e-05
   -0.0140     0.0000   8.00640512e+06   2.35856896e-05   2.42594899e-12   1.33183565e-05
   -0.0130     0.0000   8.00640512e+06   1.51199396e-05   1.55609984e-12   8.54292172e-06
   -0.0120     0.0000   8.00640512e+06   9.35376138e-06   9.63225302e-13   5.28806581e-06
   -0.0110     0.0000   8.00640512e+06   5.54961787e-06   5.71819221e-13   3.13926313e-06
   -0.0100     0.0000   8.00640512e+06   3.13266834e-06   3.22971382e-13   1.77309911e-06
   -0.0090     0.0000   8.00640512e+06   1.66485423e-06   1.71743248e-13   9.42863103e-07
   -0.0080     0.0000   8.00640512e+06   8.21234357e-07   8.47665057e-14   4.65364500e-07
   -0.0070     0.0000   8.00640512e+06   3.68570651e-07   3.80654978e-14   2.08977959e-07
   -0.0060     0.0000   8.00640512e+06   1.46165415e-07   1.51045872e-14   8.29235395e-08
   -0.0050     0.0000   8.00640512e+06   4.89509414e-08   5.06149302e-15   2.77873807e-08
   -0.0040     0.0000   8.00640512e+06   1.28322899e-08   1.32762369e-15   7.28859740e-09
   -0.0030     0.0000   8.00640512e+06   2.28388497e-09   2.36427599e-16   1.29797743e-09
   -0.0020     0.0000   8.00640512e+06   2.00506495e-10   2.07685122e-17   1.14018246e-10
   -0.0010     0.0000   8.00640512e+06   3.13292167e-12   3.24697828e-19   1.78257722e-12
    0.0000     0.0000   8.00640512e+06   0.00000000e+00   0.00000000e+00   0.00000000e+00
    0.0010     0.0000   8.00640512e+06   3.13292167e-12   3.25075864e-19   1.78465262e-12
    0.0020     0.0000   8.00640512e+06   2.00506495e-10   2.08169061e-17   1.14283927e-10
    0.0030     0.0000   8.00640512e+06   2.28388497e-09   2.37254450e-16   1.30251681e-09
    0.0040     0.0000   8.00640512e+06   1.28322899e-08   1.33381804e-15   7.32260414e-09
    0.0050     0.0000   8.00640512e+06   4.89509414e-08   5.09102979e-15   2.79495364e-08
    0.0060     0.0000   8.00640512e+06   1.46165415e-07   1.52104219e-14   8.35045672e-08
    0.0070     0.0000   8.00640512e+06   3.68570651e-07   3.83768492e-14   2.10687265e-07
    0.0080     0.0000   8.00640512e+06   8.21234357e-07   8.55593521e-14   4.69717193e-07
    0.0090     0.0000   8.00640512e+06   1.66485423e-06   1.73551465e-13   9.52790140e-07
    0.0100     0.0000   8.00640512e+06   3.13266834e-06   3.26751856e-13   1.79385375e-06
    0.0110     0.0000   8.00640512e+06   5.54961787e-06   5.79186169e-13   3.17970736e-06
    0.0120     0.0000   8.00640512e+06   9.35376138e-06   9.76770937e-13   5.36243077e-06
    0.0130     0.0000   8.00640512e+06   1.51199396e-05   1.57982041e-12   8.67314667e-06
    0.0140     0.0000   8.00640512e+06   2.35856896e-05   2.46579716e-12   1.35371212e-05
    0.0150     0.0000   8.00640512e+06   3.56794073e-05   3.73230726e-12   2.04902076e-05
    0.0160     0.0000   8.00640512e+06   5.25507571e-05   5.50034087e-12   3.01966367e-05
    0.0170     0.0000   8.00640512e+06   7.56033263e-05   7.91775911e-12   4.34681597e-05
    0.0180     0.0000   8.00640512e+06   1.06529525e-04   1.11630278e-11   6.12845467e-05
    0.0190     0.0000   8.00640512e+06   1.47347727e-04   1.54491994e-11   8.48154455e-05
   -0.0190     0.0010   8.00640512e+06   1.48572634e-04   1.50290118e-11   8.25086336e-05
   -0.0180     0.0010   8.00640512e+06   1.07516562e-04   1.08652524e-11   5.96497721e-05
   -0.0170     0.0010   8.00640512e+06   7.63889556e-05   7.70981374e-12   4.23265485e-05
   -0.0160     0.0010   8.00640512e+06   5.31675097e-05   5.35738192e-12   2.94117982e-05
   -0.0150     0.0010   8.00640512e+06   3.61561063e-05   3.63565075e-12   1.99595675e-05
   -0.0140     0.0010   8.00640512e+06   2.39476742e-05   2.40159956e-12   1.31846791e-05
   -0.0130     0.0010   8.00640512e+06   1.53892899e-05   1.53798826e-12   8.44348994e-06
   -0.0120     0.0010   8.00640512e+06   9.54952233e-06   9.50071002e-13   5.21584927e-06
   -0.0110     0.0010   8.00640512e+06   5.68802374e-06   5.62529347e-13   3.08826212e-06
   -0.0100     0.0010   8.00640512e+06   3.22736729e-06   3.16626184e-13   1.73826424e-06
   -0.0090     0.0010   8.00640512e+06   1.72713287e-06   1.67581375e-13   9.20014601e-07
   -0.0080     0.0010   8.00640512e+06   8.60242441e-07   8.21702391e-14   4.51111107e-07
   -0.0070     0.0010   8.00640512e+06   3.91545824e-07   3.65459147e-14   2.00635513e-07
   -0.0060     0.0010   8.00640512e+06   1.58658013e-07   1.42866603e-14   7.84331557e-08
   -0.0050     0.0010   8.00640512e+06   5.50488563e-08   4.66912074e-15   2.56332737e-08
   -0.0040     0.0010   8.00640512e+06   1.53858796e-08   1.16859417e-15   6.41553215e-09
   -0.0030     0.0010   8.00640512e+06   3.13092544e-09   1.87315522e-16   1.02835422e-09
   -0.0020     0.0010   8.00640512e+06   3.91175436e-10   1.17649426e-17   6.45890327e-11
   -0.0010     0.0010   8.00640512e+06   2.50195034e-11   3.43591469e-23   1.88630251e-16
    0.0000     0.0010   8.00640512e+06   3.13292167e-12   1.03770680e-27   5.69696606e-21
    0.0010     0.0010   8.00640512e+06   2.50195034e-11   3.14677257e-23   1.72756472e-16
    0.0020     0.0010   8.00640512e+06   3.91175436e-10   1.17840097e-17   6.46937104e-11
    0.0030     0.0010   8.00640512e+06   3.13092544e-09   1.87893394e-16   1.03152672e-09
    0.0040     0.0010   8.00640512e+06   1.53858796e-08   1.17369990e-15   6.44356238e-09
    0.0050     0.0010   8.00640512e+06   5.50488563e-08   4.69527923e-15   2.57768827e-08
    0.0060     0.0010   8.00640512e+06   1.58658013e-07   1.43840127e-14   7.89676164e-08
    0.0070     0.0010   8.00640512e+06   3.91545824e-07   3.68388335e-14   2.02243624e-07
    0.0080     0.0010   8.00640512e+06   8.60242441e-07   8.29270227e-14   4.55265817e-07
    0.0090     0.0010   8.00640512e+06   1.72713287e-06   1.69324451e-13   9.29584015e-07
    0.0100     0.0010   8.00640512e+06   3.22736729e-06   3.20296154e-13   1.75841222e-06
    0.0110     0.0010   8.00640512e+06   5.68802374e-06   5.69718104e-13   3.12772809e-06
    0.0120     0.0010   8.00640512e+06   9.54952233e-06   9.63341060e-13   5.28870132e-06
    0.0130     0.0010   8.00640512e+06   1.53892899e-05   1.56129733e-12   8.57145575e-06
    0.0140     0.0010   8.00640512e+06   2.39476742e-05   2.44085131e-12   1.34001696e-05
    0.0150     0.0010   8.00640512e+06   3.61561063e-05   3.69939459e-12   2.03095185e-05
    0.0160     0.0010   8.00640512e+06   5.31675097e-05   5.45768649e-12   2.99624660e-05
    0.0170     0.0010   8.00640512e+06   7.63889556e-05   7.86334084e-12   4.31694057e-05
    0.0180     0.0010   8.00640512e+06   1.07516562e-04   1.10945597e-11   6.09086596e-05
    0.0190     0.0010   8.00640512e+06   1.48572634e-04   1.53641151e-11   8.43483365e-05
   -0.0190     0.0020   8.00640512e+06   1.52288138e-04   1.47833568e-11   8.11599981e-05
   -0.0180     0.0020   8.00640512e+06   1.10514298e-04   1.06673535e-11   5.85633156e-05
   -0.0170     0.0020   8.00640512e+06   7.87785351e-05   7.55236894e-12   4.14621833e-05
   -0.0160     0.0020   8.00640512e+06   5.50467491e-05   5.23386886e-12   2.87337168e-05
   -0.0150     0.0020   8.00640512e+06   3.76116991e-05   3.54028391e-12   1.94360076e-05
   -0.0140     0.0020   8.00640512e+06   2.50558632e-05   2.32928711e-12   1.27876869e-05
   -0.0130     0.0020   8.00640512e+06   1.62165397e-05   1.48428882e-12   8.14868228e-06
   -0.0120     0.0020   8.00640512e+06   1.01531925e-05   9.11150084e-13   5.00217509e-06
   -0.0110     0.0020   8.00640512e+06   6.11704176e-06   5.35115709e-13   2.93776242e-06
   -0.0100     0.0020   8.00640512e+06   3.52290242e-06   2.97967907e-13   1.63583110e-06
   -0.0090     0.0020   8.00640512e+06   1.92326980e-06   1.55401766e-13   8.53149068e-07
   -0.0080     0.0020   8.00640512e+06   9.84655296e-07   7.46235273e-14   4.09679981e-07
   -0.0070     0.0020   8.00640512e+06   4.66172435e-07   3.21727478e-14   1.76627013e-07
   -0.0060     0.0020   8.00640512e+06   2.00374321e-07   1.19693983e-14   6.57114863e-08
   -0.0050     0.0020   8.00640512e+06   7.63435003e-08   3.58692927e-15   1.96920887e-08
   -0.0040     0.0020   8.00640512e+06   2.50349216e-08   7.52335908e-16   4.13029204e-09
   -0.0030     0.0020   8.00640512e+06   6.87270085e-09   7.42409952e-17   4.07579897e-10
   -0.0020     0.0020   8.00640512e+06   1.60124038e-09   2.29445904e-21   1.25964823e-14
   -0.0010     0.0020   8.00640512e+06   3.91175436e-10   2.84395898e-18   1.56132135e-11
    0.0000     0.0020   8.00640512e+06   2.00506495e-10   2.65696836e-25   1.45866429e-18
    0.0010     0.0020   8.00640512e+06   3.91175436e-10   2.84810907e-18   1.56359973e-11
    0.0020     0.0020   8.00640512e+06   1.60124038e-09   1.92436788e-21   1.05646976e-14
    0.0030     0.0020   8.00640512e+06   6.87270085e-09   7.43196272e-17   4.08011583e-10
    0.0040     0.0020   8.00640512e+06   2.50349216e-08   7.54776461e-16   4.14369057e-09
    0.0050     0.0020   8.00640512e+06   7.63435003e-08   3.60413845e-15   1.97865663e-08
    0.0060     0.0020   8.00640512e+06   2.00374321e-07   1.20433642e-14   6.61175557e-08
    0.0070     0.0020   8.00640512e+06   4.66172435e-07   3.24136513e-14   1.77949563e-07
    0.0080     0.0020   8.00640512e+06   9.84655296e-07   7.52770329e-14   4.13267699e-07
    0.0090     0.0020   8.00640512e+06   1.92326980e-06   1.56956421e-13   8.61684054e-07
    0.0100     0.0020   8.00640512e+06   3.52290242e-06   3.01315978e-13   1.65421187e-06
    0.0110     0.0020   8.00640512e+06   6.11704176e-06   5.41782698e-13   2.97436390e-06
    0.0120     0.0020   8.00640512e+06   1.01531925e-05   9.23610051e-13   5.07057978e-06
    0.0130     0.0020   8.00640512e+06   1.62165397e-05   1.50638455e-12   8.26998691e-06
    0.0140     0.0020   8.00640512e+06   2.50558632e-05   2.36677608e-12   1.29934997e-05
    0.0150     0.0020   8.00640512e+06   3.76116991e-05   3.60153282e-12   1.97722615e-05
    0.0160     0.0020   8.00640512e+06   5.50467491e-05   5.33072159e-12   2.92654341e-05
    0.0170     0.0020   8.00640512e+06   7.87785351e-05   7.70121441e-12   4.22793385e-05
    0.0180     0.0020   8.00640512e+06   1.10514298e-04   1.08904220e-11   5.97879524e-05
    0.0190     0.0020   8.00640512e+06   1.52288138e-04   1.51102755e-11   8.29547676e-05
   -0.0190     0.0030   8.00640512e+06   1.58617720e-04   1.43784220e-11   7.89369235e-05
   -0.0180     0.0030   8.00640512e+06   1.15633737e-04   1.03415570e-11   5.67747068e-05
   -0.0170     0.0030   8.00640512e+06   8.28712657e-05   7.29356450e-12   4.00413580e-05
   -0.0160     0.0030   8.00640512e+06   5.82765466e-05   5.03120981e-12   2.76211272e-05
   -0.0150     0.0030   8.00640512e+06   4.01238010e-05   3.38415168e-12   1.85788484e-05
   -0.0140     0.0030   8.00640512e+06   2.69780892e-05   2.21121942e-12   1.21395003e-05
   -0.0130     0.0030   8.00640512e+06   1.76604129e-05   1.39690751e-12   7.66896263e-06
   -0.0120     0.0030   8.00640512e+06   1.12150609e-05   8.48088630e-13   4.65597040e-06
   -0.0110     0.0030   8.00640512e+06   6.87920050e-06   4.90946383e-13   2.69527470e-06
   -0.0100     0.0030   8.00640512e+06   4.05471611e-06   2.68128617e-13   1.47201467e-06
   -0.0090     0.0030   8.00640512e+06   2.28229561e-06   1.36122554e-13   7.47307013e-07
   -0.0080     0.0030   8.00640512e+06   1.21776634e-06   6.28527313e-14   3.45058813e-07
   -0.0070     0.0030   8.00640512e+06   6.10681416e-07   2.55028292e-14   1.40009444e-07
   -0.0060     0.0030   8.00640512e+06   2.85157587e-07   8.56243143e-15   4.70073833e-08
   -0.0050     0.0030   8.00640512e+06   1.22965319e-07   2.09975697e-15   1.15275762e-08
   -0.0040     0.0030   8.00640512e+06   4.88720154e-08   2.61390030e-16   1.43502012e-09
   -0.0030     0.0030   8.00640512e+06   1.82389800e-08   2.72451221e-20   1.49574558e-13
   -0.0020     0.0030   8.00640512e+06   6.87270085e-09   3.12504151e-17   1.71563446e-10
   -0.0010     0.0030   8.00640512e+06   3.13092544e-09   2.03231811e-17   1.11573397e-10
    0.0000     0.0030   8.00640512e+06   2.28388497e-09   6.80957582e-24   3.73842808e-17
    0.0010     0.0030   8.00640512e+06   3.13092544e-09   2.03257288e-17   1.11587384e-10
    0.0020     0.0030   8.00640512e+06   6.87270085e-09   3.13937728e-17   1.72350473e-10
    0.0030     0.0030   8.00640512e+06   1.82389800e-08   2.09220588e-20   1.14861210e-13
    0.0040     0.0030   8.00640512e+06   4.88720154e-08   2.61286246e-16   1.43445034e-09
    0.0050     0.0030   8.00640512e+06   1.22965319e-07   2.10587146e-15   1.15611445e-08
    0.0060     0.0030   8.00640512e+06   2.85157587e-07   8.60412964e-15   4.72363047e-08
    0.0070     0.0030   8.00640512e+06   6.10681416e-07   2.56677987e-14   1.40915120e-07
    0.0080     0.0030   8.00640512e+06   1.21776634e-06   6.33502655e-14   3.47790255e-07
    0.0090     0.0030   8.00640512e+06   2.28229561e-06   1.37386276e-13   7.54244796e-07
    0.0100     0.0030   8.00640512e+06   4.05471611e-06   2.70971978e-13   1.48762460e-06
    0.0110     0.0030   8.00640512e+06   6.87920050e-06   4.96786165e-13   2.72733485e-06
    0.0120     0.0030   8.00640512e+06   1.12150609e-05   8.59253593e-13   4.71726557e-06
    0.0130     0.0030   8.00640512e+06   1.76604129e-05   1.41705121e-12   7.77955072e-06
    0.0140     0.0030   8.00640512e+06   2.69780892e-05   2.24585818e-12   1.23296656e-05
    0.0150     0.0030   8.00640512e+06   4.01238010e-05   3.44135043e-12   1.88928671e-05
    0.0160     0.0030   8.00640512e+06   5.82765466e-05   5.12244071e-12   2.81219809e-05
    0.0170     0.0030   8.00640512e+06   8.28712657e-05   7.43476476e-12   4.08165414e-05
    0.0180     0.0030   8.00640512e+06   1.15633737e-04   1.05544146e-11   5.79432861e-05
    0.0190     0.0030   8.00640512e+06   1.58617720e-04   1.46919197e-11   8.06580125e-05
   -0.0190     0.0040   8.00640512e+06   1.67770933e-04   1.38209436e-11   7.58763907e-05
   -0.0180     0.0040   8.00640512e+06   1.23063641e-04   9.89391613e-12   5.43171775e-05
   -0.0170     0.0040   8.00640512e+06   8.88362381e-05   6.93880643e-12   3.80937513e-05
   -0.0160     0.0040   8.00640512e+06   6.30074440e-05   4.75419944e-12   2.61003521e-05
   -0.0150     0.0040   8.00640512e+06   4.38255271e-05   3.17147340e-12   1.74112537e-05
   -0.0140     0.0040   8.00640512e+06   2.98311635e-05   2.05107661e-12   1.12603231e-05
   -0.0130     0.0040   8.00640512e+06   1.98225400e-05   1.27902151e-12   7.02177350e-06
   -0.0120     0.0040   8.00640512e+06   1.28227006e-05   7.63597240e-13   4.19211627e-06
   -0.0110     0.0040   8.00640512e+06   8.04913890e-06   4.32301921e-13   2.37331911e-06
   -0.0100     0.0040   8.00640512e+06   4.88563714e-06   2.28995480e-13   1.25717542e-06
   -0.0090     0.0040   8.00640512e+06   2.85635306e-06   1.11274317e-13   6.10891252e-07
   -0.0080     0.0040   8.00640512e+06   1.60215655e-06   4.80687741e-14   2.63895519e-07
   -0.0070     0.0040   8.00640512e+06   8.59216471e-07   1.74644972e-14   9.58793444e-08
   -0.0060     0.0040   8.00640512e+06   4.39838864e-07   4.74872285e-15   2.60702859e-08
   -0.0050     0.0040   8.00640512e+06   2.15557497e-07   6.82541876e-16   3.74712578e-09
   -0.0040     0.0040   8.00640512e+06   1.02477379e-07   1.59441705e-19   8.75328161e-13
   -0.0030     0.0040   8.00640512e+06   4.88720154e-08   1.36173367e-16   7.47585973e-10
   -0.0020     0.0040   8.00640512e+06   2.50349216e-08   1.81877956e-16   9.98502217e-10
   -0.0010     0.0040   8.00640512e+06   1.53858796e-08   7.15921171e-17   3.93037669e-10
    0.0000     0.0040   8.00640512e+06   1.28322899e-08   6.80188874e-23   3.73420790e-16
    0.0010     0.0040   8.00640512e+06   1.53858796e-08   7.14829051e-17   3.92438100e-10
    0.0020     0.0040   8.00640512e+06   2.50349216e-08   1.82409152e-16   1.00141846e-09
    0.0030     0.0040   8.00640512e+06   4.88720154e-08   1.37342173e-16   7.54002671e-10
    0.0040     0.0040   8.00640512e+06   1.02477379e-07   1.12075028e-19   6.15287121e-13
    0.0050     0.0040   8.00640512e+06   2.15557497e-07   6.80689379e-16   3.73695565e-09
    0.0060     0.0040   8.00640512e+06   4.39838864e-07   4.75878737e-15   2.61255396e-08
    0.0070     0.0040   8.00640512e+06   8.59216471e-07   1.75451096e-14   9.63219030e-08
    0.0080     0.0040   8.00640512e+06   1.60215655e-06   4.83811483e-14   2.65610440e-07
    0.0090     0.0040   8.00640512e+06   2.85635306e-06   1.12178430e-13   6.15854795e-07
    0.0100     0.0040   8.00640512e+06   4.88563714e-06   2.31198091e-13   1.26926766e-06
    0.0110     0.0040   8.00640512e+06   8.04913890e-06   4.37071660e-13   2.39950477e-06
    0.0120     0.0040   8.00640512e+06   1.28227006e-05   7.73063908e-13   4.24408788e-06
    0.0130     0.0040   8.00640512e+06   1.98225400e-05   1.29657862e-12   7.11816133e-06
    0.0140     0.0040   8.00640512e+06   2.98311635e-05   2.08190814e-12   1.14295869e-05
    0.0150     0.0040   8.00640512e+06   4.38255271e-05   3.22322748e-12   1.76953814e-05
    0.0160     0.0040   8.00640512e+06   6.30074440e-05   4.83783389e-12   2.65595017e-05
    0.0170     0.0040   8.00640512e+06   8.88362381e-05   7.06963261e-12   3.88119814e-05
    0.0180     0.0040   8.00640512e+06   1.23063641e-04   1.00928696e-11   5.54094238e-05
    0.0190     0.0040   8.00640512e+06   1.67770933e-04   1.41161124e-11   7.74968549e-05
   -0.0190     0.0050   8.00640512e+06   1.80049040e-04   1.31203534e-11   7.20301807e-05
   -0.0180     0.0050   8.00640512e+06   1.33076163e-04   9.33290664e-12   5.12372593e-05
   -0.0170     0.0050   8.00640512e+06   9.69180666e-05   6.49566442e-12   3.56609206e-05
   -0.0160     0.0050   8.00640512e+06   6.94580878e-05   4.40955152e-12   2.42082497e-05
   -0.0150     0.0050   8.00640512e+06   4.89111276e-05   2.90815731e-12   1.59656596e-05
   -0.0140     0.0050   8.00640512e+06   3.37865115e-05   1.85401197e-12   1.01784466e-05
   -0.0130     0.0050   8.00640512e+06   2.28530937e-05   1.13507988e-12   6.23154013e-06
   -0.0120     0.0050   8.00640512e+06   1.51066043e-05   6.61471722e-13   3.63145153e-06
   -0.0110     0.0050   8.00640512e+06   9.73924291e-06   3.62376001e-13   1.98942878e-06
   -0.0100     0.0050   8.00640512e+06   6.11151785e-06   1.83211362e-13   1.00582256e-06
   -0.0090     0.0050   8.00640512e+06   3.72633450e-06   8.30006185e-14   4.55669855e-07
   -0.0080     0.0050   8.00640512e+06   2.20533228e-06   3.19676238e-14   1.75500891e-07
   -0.0070     0.0050   8.00640512e+06   1.26747211e-06   9.35802257e-15   5.13751447e-08
   -0.0060     0.0050   8.00640512e+06   7.09875292e-07   1.48493867e-15   8.15224993e-09
   -0.0050     0.0050   8.00640512e+06   3.90914441e-07   6.32962181e-19   3.47493537e-12
   -0.0040     0.0050   8.00640512e+06   2.15557497e-07   3.95160401e-16   2.16941374e-09
   -0.0030     0.0050   8.00640512e+06   1.22965319e-07   7.23044970e-16   3.96948604e-09
   -0.0020     0.0050   8.00640512e+06   7.63435003e-08   5.58980797e-16   3.06878073e-09
   -0.0010     0.0050   8.00640512e+06   5.50488563e-08   1.83557814e-16   1.00772457e-09
    0.0000     0.0050   8.00640512e+06   4.89509414e-08   4.05420755e-22   2.22574265e-15
    0.0010     0.0050   8.00640512e+06   5.50488563e-08   1.82897294e-16   1.00409834e-09
    0.0020     0.0050   8.00640512e+06   7.63435003e-08   5.59890800e-16   3.07377661e-09
    0.0030     0.0050   8.00640512e+06   1.22965319e-07   7.27283382e-16   3.99275474e-09
    0.0040     0.0050   8.00640512e+06   2.15557497e-07   4.00509070e-16   2.19877771e-09
    0.0050     0.0050   8.00640512e+06   3.90914441e-07   4.07117331e-19   2.23505678e-12
    0.0060     0.0050   8.00640512e+06   7.09875292e-07   1.47622475e-15   8.10441092e-09
    0.0070     0.0050   8.00640512e+06   1.26747211e-06   9.36626554e-15   5.14203982e-08
    0.0080     0.0050   8.00640512e+06   2.20533228e-06   3.20970893e-14   1.76211651e-07
    0.0090     0.0050   8.00640512e+06   3.72633450e-06   8.35221589e-14   4.58533089e-07
    0.0100     0.0050   8.00640512e+06   6.11151785e-06   1.84700819e-13   1.01399962e-06
    0.0110     0.0050   8.00640512e+06   9.73924291e-06   3.65918481e-13   2.00887685e-06
    0.0120     0.0050   8.00640512e+06   1.51066043e-05   6.68948877e-13   3.67250080e-06
    0.0130     0.0050   8.00640512e+06   2.28530937e-05   1.14955923e-12   6.31103116e-06
    0.0140     0.0050   8.00640512e+06   3.37865115e-05   1.88025922e-12   1.03225429e-05
    0.0150     0.0050   8.00640512e+06   4.89111276e-05   2.95329447e-12   1.62134606e-05
    0.0160     0.0050   8.00640512e+06   6.94580878e-05   4.48388554e-12   2.46163403e-05
    0.0170     0.0050   8.00640512e+06   9.69180666e-05   6.61371309e-12   3.63090027e-05
    0.0180     0.0050   8.00640512e+06   1.33076163e-04   9.51465006e-12   5.22350230e-05
    0.0190     0.0050   8.00640512e+06   1.80049040e-04   1.33927417e-11   7.35255806e-05
   -0.0190     0.0060   8.00640512e+06   1.95852893e-04   1.22887808e-11   6.74648823e-05
   -0.0180     0.0060   8.00640512e+06   1.46034732e-04   8.66942836e-12   4.75947919e-05
   -0.0170     0.0060   8.00640512e+06   1.07444776e-04   5.97387317e-12   3.27963089e-05
   -0.0160     0.0060   8.00640512e+06   7.79231170e-05   4.00590018e-12   2.19922211e-05
   -0.0150     0.0060   8.00640512e+06   5.56438759e-05   2.60180176e-12   1.42837807e-05
   -0.0140     0.0060   8.00640512e+06   3.90780618e-05   1.62665303e-12   8.93025576e-06
   -0.0130     0.0060   8.00640512e+06   2.69586792e-05   9.70804660e-13   5.32967617e-06
   -0.0120     0.0060   8.00640512e+06   1.82480757e-05   5.46594067e-13   3.00077811e-06
   -0.0110     0.0060   8.00640512e+06   1.21075366e-05   2.85276317e-13   1.56615481e-06
   -0.0100     0.0060   8.00640512e+06   7.86912570e-06   1.34175645e-13   7.36618565e-07
   -0.0090     0.0060   8.00640512e+06   5.00977398e-06   5.40587581e-14   2.96780276e-07
   -0.0080     0.0060   8.00640512e+06   3.12761769e-06   1.67309692e-14   9.18523070e-08
   -0.0070     0.0060   8.00640512e+06   1.92058657e-06   2.85620659e-15   1.56804524e-08
   -0.0060     0.0060   8.00640512e+06   1.16724333e-06   1.96530688e-18   1.07894510e-11
   -0.0050     0.0060   8.00640512e+06   7.09875292e-07   9.10226015e-16   4.99710199e-09
   -0.0040     0.0060   8.00640512e+06   4.39838864e-07   1.99537487e-15   1.09545229e-08
   -0.0030     0.0060   8.00640512e+06   2.85157587e-07   2.07014122e-15   1.13649870e-08
   -0.0020     0.0060   8.00640512e+06   2.00374321e-07   1.30056198e-15   7.14002981e-09
   -0.0010     0.0060   8.00640512e+06   1.58658013e-07   3.90970982e-16   2.14641401e-09
    0.0000     0.0060   8.00640512e+06   1.46165415e-07   1.74322070e-21   9.57020727e-15
    0.0010     0.0060   8.00640512e+06   1.58658013e-07   3.88582007e-16   2.13329864e-09
    0.0020     0.0060   8.00640512e+06   2.00374321e-07   1.30088809e-15   7.14182009e-09
    0.0030     0.0060   8.00640512e+06   2.85157587e-07   2.07921700e-15   1.14148126e-08
    0.0040     0.0060   8.00640512e+06   4.39838864e-07   2.01372402e-15   1.10552590e-08
    0.0050     0.0060   8.00640512e+06   7.09875292e-07   9.27962971e-16   5.09447713e-09
    0.0060     0.0060   8.00640512e+06   1.16724333e-06   1.15613896e-18   6.34715355e-12
    0.0070     0.0060   8.00640512e+06   1.92058657e-06   2.82811037e-15   1.55262053e-08
    0.0080     0.0060   8.00640512e+06   3.12761769e-06   1.67176853e-14   9.17793790e-08
    0.0090     0.0060   8.00640512e+06   5.00977398e-06   5.42307091e-14   2.97724279e-07
    0.0100     0.0060   8.00640512e+06   7.86912570e-06   1.34958227e-13   7.40914906e-07
    0.0110     0.0060   8.00640512e+06   1.21075366e-05   2.87540954e-13   1.57858757e-06
    0.0120     0.0060   8.00640512e+06   1.82480757e-05   5.51930805e-13   3.03007657e-06
    0.0130     0.0060   8.00640512e+06   2.69586792e-05   9.81895334e-13   5.39056350e-06
    0.0140     0.0060   8.00640512e+06   3.90780618e-05   1.64776596e-12   9.04616480e-06
    0.0150     0.0060   8.00640512e+06   5.56438759e-05   2.63943074e-12   1.44903622e-05
    0.0160     0.0060   8.00640512e+06   7.79231170e-05   4.06957266e-12   2.23417803e-05
    0.0170     0.0060   8.00640512e+06   1.07444776e-04   6.07715401e-12   3.33633163e-05
    0.0180     0.0060   8.00640512e+06   1.46034732e-04   8.83114789e-12   4.84826252e-05
    0.0190     0.0060   8.00640512e+06   1.95852893e-04   1.25345175e-11   6.88139663e-05
   -0.0180     0.0070   8.00640512e+06   1.62404193e-04   7.91680685e-12   4.34629318e-05
   -0.0170     0.0070   8.00640512e+06   1.20837940e-04   5.38533405e-12   2.95652542e-05
   -0.0160     0.0070   8.00640512e+06   8.87833033e-05   3.55380150e-12   1.95102186e-05
   -0.0150     0.0070   8.00640512e+06   6.43662101e-05   2.26169666e-12   1.24166182e-05
   -0.0140     0.0070   8.00640512e+06   4.60123888e-05   1.37710306e-12   7.56023704e-06
   -0.0130     0.0070   8.00640512e+06   3.24124773e-05   7.93192151e-13   4.35459107e-06
   -0.0120     0.0070   8.00640512e+06   2.24893728e-05   4.24933697e-13   2.33286787e-06
   -0.0110     0.0070   8.00640512e+06   1.53678271e-05   2.06025745e-13   1.13107255e-06
   -0.0100     0.0070   8.00640512e+06   1.03462890e-05   8.60452976e-14   4.72385013e-07
   -0.0090     0.0070   8.00640512e+06   6.87099357e-06   2.78207381e-14   1.52734665e-07
   -0.0080     0.0070   8.00640512e+06   4.51230174e-06   5.02708849e-15   2.75985013e-08
   -0.0070     0.0070   8.00640512e+06   2.94328916e-06   5.14919415e-18   2.82688562e-11
   -0.0060     0.0070   8.00640512e+06   1.92058657e-06   1.80557530e-15   9.91253136e-09
   -0.0050     0.0070   8.00640512e+06   1.26747211e-06   4.45892423e-15   2.44793038e-08
   -0.0040     0.0070   8.00640512e+06   8.59216471e-07   5.47270373e-15   3.00449100e-08
   -0.0030     0.0070   8.00640512e+06   6.10681416e-07   4.55643839e-15   2.50146524e-08
   -0.0020     0.0070   8.00640512e+06   4.66172435e-07   2.57576330e-15   1.41408306e-08
   -0.0010     0.0070   8.00640512e+06   3.91545824e-07   7.36543280e-16   4.04359119e-09
    0.0000     0.0070   8.00640512e+06   3.68570651e-07   5.98304145e-21   3.28466423e-14
    0.0010     0.0070   8.00640512e+06   3.91545824e-07   7.29867356e-16   4.00694065e-09
    0.0020     0.0070   8.00640512e+06   4.66172435e-07   2.57241748e-15   1.41224622e-08
    0.0030     0.0070   8.00640512e+06   6.10681416e-07   4.57052479e-15   2.50919861e-08
    0.0040     0.0070   8.00640512e+06   8.59216471e-07   5.51250630e-15   3.02634244e-08
    0.0050     0.0070   8.00640512e+06   1.26747211e-06   4.51680121e-15   2.47970459e-08
    0.0060     0.0070   8.00640512e+06   1.92058657e-06   1.85337477e-15   1.01749484e-08
    0.0070     0.0070   8.00640512e+06   2.94328916e-06   2.76896565e-18   1.52015033e-11
    0.0080     0.0070   8.00640512e+06   4.51230174e-06   4.95370602e-15   2.71956347e-08
    0.0090     0.0070   8.00640512e+06   6.87099357e-06   2.77401401e-14   1.52292186e-07
    0.0100     0.0070   8.00640512e+06   1.03462890e-05   8.62186423e-14   4.73336668e-07
    0.0110     0.0070   8.00640512e+06   1.53678271e-05   2.07086992e-13   1.13689875e-06
    0.0120     0.0070   8.00640512e+06   2.24893728e-05   4.28144843e-13   2.35049692e-06
    0.0130     0.0070   8.00640512e+06   3.24124773e-05   8.00797303e-13   4.39634303e-06
    0.0140     0.0070   8.00640512e+06   4.60123888e-05   1.39280229e-12   7.64642517e-06
    0.0150     0.0070   8.00640512e+06   6.43662101e-05   2.29126249e-12   1.25789333e-05
    0.0160     0.0070   8.00640512e+06   8.87833033e-05   3.60586270e-12   1.97960324e-05
    0.0170     0.0070   8.00640512e+06   1.20837940e-04   5.47235344e-12   3.00429869e-05
    0.0180     0.0070   8.00640512e+06   1.62404193e-04   8.05628154e-12   4.42286420e-05
   -0.0180     0.0080   8.00640512e+06   1.82763195e-04   7.09079553e-12   3.89281650e-05
   -0.0170     0.0080   8.00640512e+06   1.37625074e-04   4.74411716e-12   2.60450008e-05
   -0.0160     0.0080   8.00640512e+06   1.02517944e-04   3.06573541e-12   1.68307566e-05
   -0.0150     0.0080   8.00640512e+06   7.55121278e-05   1.89882537e-12   1.04244703e-05
   -0.0140     0.0080   8.00640512e+06   5.49811081e-05   1.11494271e-12   6.12098792e-06
   -0.0130     0.0080   8.00640512e+06   3.95666410e-05   6.10514583e-13   3.35169901e-06
   -0.0120     0.0080   8.00640512e+06   2.81461062e-05   3.03548989e-13   1.66647100e-06
   -0.0110     0.0080   8.00640512e+06   1.98021033e-05   1.30563753e-13   7.16789433e-07
   -0.0100     0.0080   8.00640512e+06   1.37942962e-05   4.37361733e-14   2.40109726e-07
   -0.0090     0.0080   8.00640512e+06   9.53350346e-06   8.27444656e-15   4.54263586e-08
   -0.0080     0.0080   8.00640512e+06   6.55803891e-06   1.19122806e-17   6.53979122e-11
   -0.0070     0.0080   8.00640512e+06   4.51230174e-06   3.22518869e-15   1.77061483e-08
   -0.0060     0.0080   8.00640512e+06   3.12761769e-06   8.67724119e-15   4.76376839e-08
   -0.0050     0.0080   8.00640512e+06   2.20533228e-06   1.18864238e-14   6.52559593e-08
   -0.0040     0.0080   8.00640512e+06   1.60215655e-06   1.16225211e-14   6.38071451e-08
   -0.0030     0.0080   8.00640512e+06   1.21776634e-06   8.63081011e-15   4.73827793e-08
   -0.0020     0.0080   8.00640512e+06   9.84655296e-07   4.58514868e-15   2.51722706e-08
   -0.0010     0.0080   8.00640512e+06   8.60242441e-07   1.27109104e-15   6.97823557e-09
    0.0000     0.0080   8.00640512e+06   8.21234357e-07   1.74121372e-20   9.55918902e-14
    0.0010     0.0080   8.00640512e+06   8.60242441e-07   1.25525670e-15   6.89130573e-09
    0.0020     0.0080   8.00640512e+06   9.84655296e-07   4.57117020e-15   2.50955294e-08
    0.0030     0.0080   8.00640512e+06   1.21776634e-06   8.64615441e-15   4.74670189e-08
    0.0040     0.0080   8.00640512e+06   1.60215655e-06   1.16905105e-14   6.41804039e-08
    0.0050     0.0080   8.00640512e+06   2.20533228e-06   1.20101179e-14   6.59350350e-08
    0.0060     0.0080   8.00640512e+06   3.12761769e-06   8.82683894e-15   4.84589692e-08
    0.0070     0.0080   8.00640512e+06   4.51230174e-06   3.33657088e-15   1.83176318e-08
    0.0080     0.0080   8.00640512e+06   6.55803891e-06   5.85179509e-18   3.21261054e-11
    0.0090     0.0080   8.00640512e+06   9.53350346e-06   8.10791529e-15   4.45121091e-08
    0.0100     0.0080   8.00640512e+06   1.37942962e-05   4.34990792e-14   2.38808089e-07
    0.0110     0.0080   8.00640512e+06   1.98021033e-05   1.30636343e-13   7.17187948e-07
    0.0120     0.0080   8.00640512e+06   2.81461062e-05   3.04837054e-13   1.67354242e-06
    0.0130     0.0080   8.00640512e+06   3.95666410e-05   6.14781504e-13   3.37512423e-06
    0.0140     0.0080   8.00640512e+06   5.49811081e-05   1.12525929e-12   6.17762548e-06
    0.0150     0.0080   8.00640512e+06   7.55121278e-05   1.92016025e-12   1.05415979e-05
    0.0160     0.0080   8.00640512e+06   1.02517944e-04   3.10571088e-12   1.70502202e-05
    0.0170     0.0080   8.00640512e+06   1.37625074e-04   4.81395688e-12   2.64284179e-05
    0.0180     0.0080   8.00640512e+06   1.82763195e-04   7.20649284e-12   3.95633383e-05
   -0.0170     0.0090   8.00640512e+06   1.58454278e-04   4.06646370e-12   2.23247123e-05
   -0.0160     0.0090   8.00640512e+06   1.19719509e-04   2.55610806e-12   1.40329242e-05
   -0.0150     0.0090   8.00640512e+06   8.96218321e-05   1.52586689e-12   8.37694412e-06
   -0.0140     0.0090   8.00640512e+06   6.64755243e-05   8.51232162e-13   4.67322825e-06
   -0.0130     0.0090   8.00640512e+06   4.88669448e-05   4.32322039e-13   2.37342955e-06
   -0.0120     0.0090   8.00640512e+06   3.56218890e-05   1.90589080e-13   1.04632592e-06
   -0.0110     0.0090   8.00640512e+06   2.57751870e-05   6.57480708e-14   3.60954104e-07
   -0.0100     0.0090   8.00640512e+06   1.85425485e-05   1.29245452e-14   7.09552020e-08
   -0.0090     0.0090   8.00640512e+06   1.32946554e-05   2.50554338e-17   1.37553263e-10
   -0.0080     0.0090   8.00640512e+06   9.53350346e-06   5.33027917e-15   2.92630053e-08
   -0.0070     0.0090   8.00640512e+06   6.87099357e-06   1.53120126e-14   8.40622960e-08
   -0.0060     0.0090   8.00640512e+06   5.00977398e-06   2.26750979e-14   1.24485320e-07
   -0.0050     0.0090   8.00640512e+06   3.72633450e-06   2.46253242e-14   1.35191980e-07
   -0.0040     0.0090   8.00640512e+06   2.85635306e-06   2.13643299e-14   1.17289260e-07
   -0.0030     0.0090   8.00640512e+06   2.28229561e-06   1.48125245e-14   8.13201278e-08
   -0.0020     0.0090   8.00640512e+06   1.92326980e-06   7.56103961e-15   4.15097849e-08
   -0.0010     0.0090   8.00640512e+06   1.72713287e-06   2.05370563e-15   1.12747563e-08
    0.0000     0.0090   8.00640512e+06   1.66485423e-06   4.46751563e-20   2.45264702e-13
    0.0010     0.0090   8.00640512e+06   1.72713287e-06   2.02025666e-15   1.10911229e-08
    0.0020     0.0090   8.00640512e+06   1.92326980e-06   7.52316729e-15   4.13018675e-08
    0.0030     0.0090   8.00640512e+06   2.28229561e-06   1.48180960e-14   8.13507148e-08
    0.0040     0.0090   8.00640512e+06   2.85635306e-06   2.14615911e-14   1.17823220e-07
    0.0050     0.0090   8.00640512e+06   3.72633450e-06   2.48399703e-14   1.36370378e-07
    0.0060     0.0090   8.00640512e+06   5.00977398e-06   2.29885927e-14   1.26206393e-07
    0.0070     0.0090   8.00640512e+06   6.87099357e-06   1.56487789e-14   8.59111283e-08
    0.0080     0.0090   8.00640512e+06   9.53350346e-06   5.56328660e-15   3.05422061e-08
    0.0090     0.0090   8.00640512e+06   1.32946554e-05   1.12352797e-17   6.16812063e-11
    0.0100     0.0090   8.00640512e+06   1.85425485e-05   1.25833658e-14   6.90821414e-08
    0.0110     0.0090   8.00640512e+06   2.57751870e-05   6.51985094e-14   3.57937035e-07
    0.0120     0.0090   8.00640512e+06   3.56218890e-05   1.90362129e-13   1.04507997e-06
    0.0130     0.0090   8.00640512e+06   4.88669448e-05   4.33667787e-13   2.38081765e-06
    0.0140     0.0090   8.00640512e+06   6.64755243e-05   8.56542378e-13   4.70238111e-06
    0.0150     0.0090   8.00640512e+06   8.96218321e-05   1.53923596e-12   8.45033976e-06
    0.0160     0.0090   8.00640512e+06   1.19719509e-04   2.58405701e-12   1.41863627e-05
    0.0170     0.0090   8.00640512e+06   1.58454278e-04   4.11885390e-12   2.26123322e-05
   -0.0170     0.0100   8.00640512e+06   1.84111134e-04   3.37078884e-12   1.85054869e-05
   -0.0160     0.0100   8.00640512e+06   1.41110533e-04   2.04125442e-12   1.12063997e-05
   -0.0150     0.0100   8.00640512e+06   1.07358630e-04   1.15719832e-12   6.35296942e-06
   -0.0140     0.0100   8.00640512e+06   8.11035308e-05   5.98513441e-13   3.28581326e-06
   -0.0130     0.0100   8.00640512e+06   6.08696855e-05   2.69444688e-13   1.47923985e-06
   -0.0120     0.0100   8.00640512e+06   4.54252398e-05   9.52959478e-14   5.23170688e-07
   -0.0110     0.0100   8.00640512e+06   3.37516369e-05   1.93566246e-14   1.06267043e-07
   -0.0100     0.0100   8.00640512e+06   2.50154645e-05   4.88807747e-17   2.68353368e-10
   -0.0090     0.0100   8.00640512e+06   1.85425485e-05   8.29663380e-15   4.55481656e-08
   -0.0080     0.0100   8.00640512e+06   1.37942962e-05   2.51173857e-14   1.37893376e-07
   -0.0070     0.0100   8.00640512e+06   1.03462890e-05   3.94379400e-14   2.16512608e-07
   -0.0060     0.0100   8.00640512e+06   7.86912570e-06   4.61350539e-14   2.53279478e-07
   -0.0050     0.0100   8.00640512e+06   6.11151785e-06   4.43020649e-14   2.43216446e-07
   -0.0040     0.0100   8.00640512e+06   4.88563714e-06   3.57425187e-14   1.96224903e-07
   -0.0030     0.0100   8.00640512e+06   4.05471611e-06   2.36918186e-14   1.30067073e-07
   -0.0020     0.0100   8.00640512e+06   3.52290242e-06   1.17679029e-14   6.46052848e-08
   -0.0010     0.0100   8.00640512e+06   3.22736729e-06   3.15195077e-15   1.73040752e-08
    0.0000     0.0100   8.00640512e+06   3.13266834e-06   1.03781315e-19   5.69754995e-13
    0.0010     0.0100   8.00640512e+06   3.22736729e-06   3.08718194e-15   1.69484972e-08
    0.0020     0.0100   8.00640512e+06   3.52290242e-06   1.16833624e-14   6.41411612e-08
    0.0030     0.0100   8.00640512e+06   4.05471611e-06   2.36647789e-14   1.29918627e-07
    0.0040     0.0100   8.00640512e+06   4.88563714e-06   3.58589895e-14   1.96864323e-07
    0.0050     0.0100   8.00640512e+06   6.11151785e-06   4.46262502e-14   2.44996210e-07
    0.0060     0.0100   8.00640512e+06   7.86912570e-06   4.66775211e-14   2.56257600e-07
    0.0070     0.0100   8.00640512e+06   1.03462890e-05   4.01301227e-14   2.20312661e-07
    0.0080     0.0100   8.00640512e+06   1.37942962e-05   2.58019463e-14   1.41651585e-07
    0.0090     0.0100   8.00640512e+06   1.85425485e-05   8.74511695e-15   4.80103190e-08
    0.0100     0.0100   8.00640512e+06   2.50154645e-05   1.99908902e-17   1.09749135e-10
    0.0110     0.0100   8.00640512e+06   3.37516369e-05   1.87103640e-14   1.02719100e-07
    0.0120     0.0100   8.00640512e+06   4.54252398e-05   9.41807537e-14   5.17048320e-07
    0.0130     0.0100   8.00640512e+06   6.08696855e-05   2.68576607e-13   1.47447412e-06
    0.0140     0.0100   8.00640512e+06   8.11035308e-05   5.99568278e-13   3.29160427e-06
    0.0150     0.0100   8.00640512e+06   1.07358630e-04   1.16333960e-12   6.38668479e-06
    0.0160     0.0100   8.00640512e+06   1.41110533e-04   2.05782190e-12   1.12973544e-05
    0.0170     0.0100   8.00640512e+06   1.84111134e-04   3.40617418e-12   1.86997509e-05
   -0.0160     0.0110   8.00640512e+06   1.67562766e-04   1.53944130e-12   8.45146706e-06
   -0.0150     0.0110   8.00640512e+06   1.29528079e-04   8.08897783e-13   4.44081432e-06
   -0.0140     0.0110   8.00640512e+06   9.96087602e-05   3.70813143e-13   2.03574834e-06
   -0.0130     0.0110   8.00640512e+06   7.62608349e-05   1.33995311e-13   7.35628539e-07
   -0.0120     0.0110   8.00640512e+06   5.81887357e-05   2.80067753e-14   1.53756001e-07
   -0.0110     0.0110   8.00640512e+06   4.43149036e-05   8.97212984e-17   4.92566100e-10
   -0.0100     0.0110   8.00640512e+06   3.37516369e-05   1.23118521e-14   6.75915429e-08
   -0.0090     0.0110   8.00640512e+06   2.57751870e-05   3.89339772e-14   2.13745874e-07
   -0.0080     0.0110   8.00640512e+06   1.98021033e-05   6.40004301e-14   3.51359631e-07
   -0.0070     0.0110   8.00640512e+06   1.53678271e-05   7.91533753e-14   4.34548653e-07
   -0.0060     0.0110   8.00640512e+06   1.21075366e-05   8.16720507e-14   4.48376074e-07
   -0.0050     0.0110   8.00640512e+06   9.73924291e-06   7.27379857e-14   3.99328439e-07
   -0.0040     0.0110   8.00640512e+06   8.04913890e-06   5.59272208e-14   3.07038056e-07
   -0.0030     0.0110   8.00640512e+06   6.87920050e-06   3.59305498e-14   1.97257186e-07
   -0.0020     0.0110   8.00640512e+06   6.11704176e-06   1.75027909e-14   9.60895754e-08
   -0.0010     0.0110   8.00640512e+06   5.68802374e-06   4.64208703e-15   2.54848598e-08
    0.0000     0.0110   8.00640512e+06   5.54961787e-06   2.22460570e-19   1.22129904e-12
    0.0010     0.0110   8.00640512e+06   5.68802374e-06   4.52493518e-15   2.48417011e-08
    0.0020     0.0110   8.00640512e+06   6.11704176e-06   1.73351927e-14   9.51694683e-08
    0.0030     0.0110   8.00640512e+06   6.87920050e-06   3.58303894e-14   1.96707309e-07
    0.0040     0.0110   8.00640512e+06   8.04913890e-06   5.60344136e-14   3.07626540e-07
    0.0050     0.0110   8.00640512e+06   9.73924291e-06   7.31755208e-14   4.01730487e-07
    0.0060     0.0110   8.00640512e+06   1.21075366e-05   8.25029414e-14   4.52937629e-07
    0.0070     0.0110   8.00640512e+06   1.53678271e-05   8.03411386e-14   4.41069423e-07
    0.0080     0.0110   8.00640512e+06   1.98021033e-05   6.53826225e-14   3.58947808e-07
    0.0090     0.0110   8.00640512e+06   2.57751870e-05   4.02202170e-14   2.20807275e-07
    0.0100     0.0110   8.00640512e+06   3.37516369e-05   1.31196629e-14   7.20263896e-08
    0.0110     0.0110   8.00640512e+06   4.43149036e-05   3.34330454e-17   1.83545993e-10
    0.0120     0.0110   8.00640512e+06   5.81887357e-05   2.68566218e-14   1.47441708e-07
    0.0130     0.0110   8.00640512e+06   7.62608349e-05   1.31925763e-13   7.24266809e-07
    0.0140     0.0110   8.00640512e+06   9.96087602e-05   3.68761415e-13   2.02448444e-06
    0.0150     0.0110   8.00640512e+06   1.29528079e-04   8.09055352e-13   4.44167937e-06
    0.0160     0.0110   8.00640512e+06   1.67562766e-04   1.54590317e-12   8.48694245e-06
   -0.0150     0.0120   8.00640512e+06   1.57099392e-04   4.98747555e-13   2.73810280e-06
   -0.0140     0.0120   8.00640512e+06   1.22891985e-04   1.83645429e-13   1.00820557e-06
   -0.0130     0.0120   8.00640512e+06   9.58774416e-05   3.93721267e-14   2.16151296e-07
   -0.0120     0.0120   8.00640512e+06   7.46904172e-05   1.56584457e-16   8.59641988e-10
   -0.0110     0.0120   8.00640512e+06   5.81887357e-05   1.75724948e-14   9.64722469e-08
   -0.0100     0.0120   8.00640512e+06   4.54252398e-05   5.76825840e-14   3.16674925e-07
   -0.0090     0.0120   8.00640512e+06   3.56218890e-05   9.84046530e-14   5.40237347e-07
   -0.0080     0.0120   8.00640512e+06   2.81461062e-05   1.27100450e-13   6.97776050e-07
   -0.0070     0.0120   8.00640512e+06   2.24893728e-05   1.38388435e-13   7.59746602e-07
   -0.0060     0.0120   8.00640512e+06   1.82480757e-05   1.32181473e-13   7.25670646e-07
   -0.0050     0.0120   8.00640512e+06   1.51066043e-05   1.11950515e-13   6.14603554e-07
   -0.0040     0.0120   8.00640512e+06   1.28227006e-05   8.32152749e-14   4.56848309e-07
   -0.0030     0.0120   8.00640512e+06   1.12150609e-05   5.22629256e-14   2.86921232e-07
   -0.0020     0.0120   8.00640512e+06   1.01531925e-05   2.50958349e-14   1.37775063e-07
   -0.0010     0.0120   8.00640512e+06   9.54952233e-06   6.60932395e-15   3.62849065e-08
    0.0000     0.0120   8.00640512e+06   9.35376138e-06   4.46224279e-19   2.44975226e-12
    0.0010     0.0120   8.00640512e+06   9.54952233e-06   6.40876203e-15   3.51838301e-08
    0.0020     0.0120   8.00640512e+06   1.01531925e-05   2.47900780e-14   1.36096470e-07
    0.0030     0.0120   8.00640512e+06   1.12150609e-05   5.20241089e-14   2.85610138e-07
    0.0040     0.0120   8.00640512e+06   1.28227006e-05   8.32570105e-14   4.57077436e-07
    0.0050     0.0120   8.00640512e+06   1.51066043e-05   1.12479719e-13   6.17508861e-07
    0.0060     0.0120   8.00640512e+06   1.82480757e-05   1.33343029e-13   7.32047539e-07
    0.0070     0.0120   8.00640512e+06   2.24893728e-05   1.40210315e-13   7.69748648e-07
    0.0080     0.0120   8.00640512e+06   2.81461062e-05   1.29448822e-13   7.10668512e-07
    0.0090     0.0120   8.00640512e+06   3.56218890e-05   1.00960401e-13   5.54268295e-07
    0.0100     0.0120   8.00640512e+06   4.54252398e-05   5.99525831e-14   3.29137124e-07
    0.0110     0.0120   8.00640512e+06   5.81887357e-05   1.89508716e-14   1.04039476e-07
    0.0120     0.0120   8.00640512e+06   7.46904172e-05   5.31051441e-17   2.91544975e-10
    0.0130     0.0120   8.00640512e+06   9.58774416e-05   3.74267523e-14   2.05471274e-07
    0.0140     0.0120   8.00640512e+06   1.22891985e-04   1.80049976e-13   9.88466690e-07
    0.0150     0.0120   8.00640512e+06   1.57099392e-04   4.94697303e-13   2.71586709e-06
   -0.0150     0.0130   8.00640512e+06   1.91229075e-04   2.46237630e-13   1.35183408e-06
   -0.0140     0.0130   8.00640512e+06   1.52034767e-04   5.40153609e-14   2.96542027e-07
   -0.0130     0.0130   8.00640512e+06   1.20731283e-04   2.61922672e-16   1.43794430e-09
   -0.0120     0.0130   8.00640512e+06   9.58774416e-05   2.42811560e-14   1.33302510e-07
   -0.0110     0.0130   8.00640512e+06   7.62608349e-05   8.23576102e-14   4.52139766e-07
   -0.0100     0.0130   8.00640512e+06   6.08696855e-05   1.44899139e-13   7.95490092e-07
   -0.0090     0.0130   8.00640512e+06   4.88669448e-05   1.93801262e-13   1.06396066e-06
   -0.0080     0.0130   8.00640512e+06   3.95666410e-05   2.20034357e-13   1.20797923e-06
   -0.0070     0.0130   8.00640512e+06   3.24124773e-05   2.21454744e-13   1.21577709e-06
   -0.0060     0.0130   8.00640512e+06   2.69586792e-05   2.00840705e-13   1.10260690e-06
   -0.0050     0.0130   8.00640512e+06   2.28530937e-05   1.64154484e-13   9.01201116e-07
   -0.0040     0.0130   8.00640512e+06   1.98225400e-05   1.19031288e-13   6.53476695e-07
   -0.0030     0.0130   8.00640512e+06   1.76604129e-05   7.34963111e-14   4.03491613e-07
   -0.0020     0.0130   8.00640512e+06   1.62165397e-05   3.49107913e-14   1.91658755e-07
   -0.0010     0.0130   8.00640512e+06   1.53892899e-05   9.14810002e-15   5.02226788e-08
    0.0000     0.0130   8.00640512e+06   1.51199396e-05   8.46527313e-19   4.64739883e-12
    0.0010     0.0130   8.00640512e+06   1.53892899e-05   8.81998202e-15   4.84213250e-08
    0.0020     0.0130   8.00640512e+06   1.62165397e-05   3.43868689e-14   1.88782443e-07
    0.0030     0.0130   8.00640512e+06   1.76604129e-05   7.30192739e-14   4.00872699e-07
    0.0040     0.0130   8.00640512e+06   1.98225400e-05   1.18912233e-13   6.52823085e-07
    0.0050     0.0130   8.00640512e+06   2.28530937e-05   1.64714724e-13   9.04276809e-07
    0.0060     0.0130   8.00640512e+06   2.69586792e-05   2.02343079e-13   1.11085487e-06
    0.0070     0.0130   8.00640512e+06   3.24124773e-05   2.24032045e-13   1.22992637e-06
    0.0080     0.0130   8.00640512e+06   3.95666410e-05   2.23624405e-13   1.22768844e-06
    0.0090     0.0130   8.00640512e+06   4.88669448e-05   1.98100059e-13   1.08756087e-06
    0.0100     0.0130   8.00640512e+06   6.08696855e-05   1.49345434e-13   8.19900062e-07
    0.0110     0.0130   8.00640512e+06   7.62608349e-05   8.61641190e-14   4.73037337e-07
    0.0120     0.0130   8.00640512e+06   9.58774416e-05   2.65295697e-14   1.45646206e-07
    0.0130     0.0130   8.00640512e+06   1.20731283e-04   8.07482921e-17   4.43304679e-10
    0.0140     0.0130   8.00640512e+06   1.52034767e-04   5.08615336e-14   2.79227650e-07
    0.0150     0.0130   8.00640512e+06   1.91229075e-04   2.40304736e-13   1.31926275e-06
   -0.0140     0.0140   8.00640512e+06   1.88325355e-04   4.22544323e-16   2.31975031e-09
   -0.0130     0.0140   8.00640512e+06   1.52034767e-04   3.26434738e-14   1.79211278e-07
   -0.0120     0.0140   8.00640512e+06   1.22891985e-04   1.14020225e-13   6.25966171e-07
   -0.0110     0.0140   8.00640512e+06   9.96087602e-05   2.05928226e-13   1.13053718e-06
   -0.0100     0.0140   8.00640512e+06   8.11035308e-05   2.83471242e-13   1.55624502e-06
   -0.0090     0.0140   8.00640512e+06   6.64755243e-05   3.32843917e-13   1.82729891e-06
   -0.0080     0.0140   8.00640512e+06   5.49811081e-05   3.48917160e-13   1.91554032e-06
   -0.0070     0.0140   8.00640512e+06   4.60123888e-05   3.33047409e-13   1.82841607e-06
   -0.0060     0.0140   8.00640512e+06   3.90780618e-05   2.91110842e-13   1.59818610e-06
   -0.0050     0.0140   8.00640512e+06   3.37865115e-05   2.31763565e-13   1.27237209e-06
   -0.0040     0.0140   8.00640512e+06   2.98311635e-05   1.64928803e-13   9.05452095e-07
   -0.0030     0.0140   8.00640512e+06   2.69780892e-05   1.00512115e-13   5.51807223e-07
   -0.0020     0.0140   8.00640512e+06   2.50558632e-05   4.73456422e-14   2.59925556e-07
   -0.0010     0.0140   8.00640512e+06   2.39476742e-05   1.23623912e-14   6.78690001e-08
    0.0000     0.0140   8.00640512e+06   2.35856896e-05   1.53147051e-18   8.40770778e-12
    0.0010     0.0140   8.00640512e+06   2.39476742e-05   1.18456957e-14   6.50323638e-08
    0.0020     0.0140   8.00640512e+06   2.50558632e-05   4.64912446e-14   2.55234949e-07
    0.0030     0.0140   8.00640512e+06   2.69780892e-05   9.96524582e-14   5.47087744e-07
    0.0040     0.0140   8.00640512e+06   2.98311635e-05   1.64500599e-13   9.03101272e-07
    0.0050     0.0140   8.00640512e+06   3.37865115e-05   2.32238787e-13   1.27498103e-06
    0.0060     0.0140   8.00640512e+06   3.90780618e-05   2.92913608e-13   1.60808321e-06
    0.0070     0.0140   8.00640512e+06   4.60123888e-05   3.36464384e-13   1.84717512e-06
    0.0080     0.0140   8.00640512e+06   5.49811081e-05   3.54010996e-13   1.94350527e-06
    0.0090     0.0140   8.00640512e+06   6.64755243e-05   3.39381167e-13   1.86318813e-06
    0.0100     0.0140   8.00640512e+06   8.11035308e-05   2.90878084e-13   1.59690827e-06
    0.0110     0.0140   8.00640512e+06   9.96087602e-05   2.13289239e-13   1.17094882e-06
    0.0120     0.0140   8.00640512e+06   1.22891985e-04   1.20137346e-13   6.59548903e-07
    0.0130     0.0140   8.00640512e+06   1.52034767e-04   3.61741898e-14   1.98594759e-07
    0.0140     0.0140   8.00640512e+06   1.88325355e-04   1.18252179e-16   6.49199419e-10
   -0.0130     0.0150   8.00640512e+06   1.91229075e-04   1.53791268e-13   8.44307498e-07
   -0.0120     0.0150   8.00640512e+06   1.57099392e-04   2.84120956e-13   1.55981193e-06
   -0.0110     0.0150   8.00640512e+06   1.29528079e-04   4.00701217e-13   2.19983259e-06
   -0.0100     0.0150   8.00640512e+06   1.07358630e-04   4.83683239e-13   2.65540035e-06
   -0.0090     0.0150   8.00640512e+06   8.96218321e-05   5.23882939e-13   2.87609498e-06
   -0.0080     0.0150   8.00640512e+06   7.55121278e-05   5.20364393e-13   2.85677832e-06
   -0.0070     0.0150   8.00640512e+06   6.43662101e-05   4.78247161e-13   2.62555651e-06
   -0.0060     0.0150   8.00640512e+06   5.56438759e-05   4.06738547e-13   2.23297727e-06
   -0.0050     0.0150   8.00640512e+06   4.89111276e-05   3.17391841e-13   1.74246766e-06
   -0.0040     0.0150   8.00640512e+06   4.38255271e-05   2.22591566e-13   1.22201820e-06
   -0.0030     0.0150   8.00640512e+06   4.01238010e-05   1.34266755e-13   7.37118755e-07
   -0.0020     0.0150   8.00640512e+06   3.76116991e-05   6.28332496e-14   3.44951860e-07
   -0.0010     0.0150   8.00640512e+06   3.61561063e-05   1.63660479e-14   8.98489048e-08
    0.0000     0.0150   8.00640512e+06   3.56794073e-05   2.65952396e-18   1.46006731e-11
    0.0010     0.0150   8.00640512e+06   3.61561063e-05   1.55784681e-14   8.55251253e-08
    0.0020     0.0150   8.00640512e+06   3.76116991e-05   6.14950595e-14   3.37605253e-07
    0.0030     0.0150   8.00640512e+06   4.01238010e-05   1.32822477e-13   7.29189731e-07
    0.0040     0.0150   8.00640512e+06   4.38255271e-05   2.21636349e-13   1.21677410e-06
    0.0050     0.0150   8.00640512e+06   4.89111276e-05   3.17590831e-13   1.74356012e-06
    0.0060     0.0150   8.00640512e+06   5.56438759e-05   4.08728288e-13   2.24390086e-06
    0.0070     0.0150   8.00640512e+06   6.43662101e-05   4.82526622e-13   2.64905057e-06
    0.0080     0.0150   8.00640512e+06   7.55121278e-05   5.27185178e-13   2.89422414e-06
    0.0090     0.0150   8.00640512e+06   8.96218321e-05   5.33150096e-13   2.92697128e-06
    0.0100     0.0150   8.00640512e+06   1.07358630e-04   4.94880005e-13   2.71687012e-06
    0.0110     0.0150   8.00640512e+06   1.29528079e-04   4.12852944e-13   2.26654505e-06
    0.0120     0.0150   8.00640512e+06   1.57099392e-04   2.95815350e-13   1.62401365e-06
    0.0130     0.0150   8.00640512e+06   1.91229075e-04   1.63273997e-13   8.96367276e-07
   -0.0110     0.0160   8.00640512e+06   1.67562766e-04   6.80030654e-13   3.73333928e-06
   -0.0100     0.0160   8.00640512e+06   1.41110533e-04   7.56597302e-13   4.15368691e-06
   -0.0090     0.0160   8.00640512e+06   1.19719509e-04   7.75901767e-13   4.25966760e-06
   -0.0080     0.0160   8.00640512e+06   1.02517944e-04   7.41494730e-13   4.07077444e-06
   -0.0070     0.0160   8.00640512e+06   8.87833033e-05   6.62522674e-13   3.63722122e-06
   -0.0060     0.0160   8.00640512e+06   7.79231170e-05   5.51758061e-13   3.02912821e-06
   -0.0050     0.0160   8.00640512e+06   6.94580878e-05   4.23855496e-13   2.32694859e-06
   -0.0040     0.0160   8.00640512e+06   6.30074440e-05   2.93834900e-13   1.61314107e-06
   -0.0030     0.0160   8.00640512e+06   5.82765466e-05   1.75792701e-13   9.65094427e-07
   -0.0020     0.0160   8.00640512e+06   5.50467491e-05   8.18420641e-14   4.49309440e-07
   -0.0010     0.0160   8.00640512e+06   5.31675097e-05   2.12831621e-14   1.16843652e-07
    0.0000     0.0160   8.00640512e+06   5.25507571e-05   4.45679289e-18   2.44676029e-11
    0.0010     0.0160   8.00640512e+06   5.31675097e-05   2.01159902e-14   1.10435928e-07
    0.0020     0.0160   8.00640512e+06   5.50467491e-05   7.98156416e-14   4.38184467e-07
    0.0030     0.0160   8.00640512e+06   5.82765466e-05   1.73489313e-13   9.52448928e-07
    0.0040     0.0160   8.00640512e+06   6.30074440e-05   2.92045991e-13   1.60332003e-06
    0.0050     0.0160   8.00640512e+06   6.94580878e-05   4.23488620e-13   2.32493446e-06
    0.0060     0.0160   8.00640512e+06   7.79231170e-05   5.53721719e-13   3.03990862e-06
    0.0070     0.0160   8.00640512e+06   8.87833033e-05   6.67596651e-13   3.66507713e-06
    0.0080     0.0160   8.00640512e+06   1.02517944e-04   7.50195461e-13   4.11854108e-06
    0.0090     0.0160   8.00640512e+06   1.19719509e-04   7.88354170e-13   4.32803076e-06
    0.0100     0.0160   8.00640512e+06   1.41110533e-04   7.72426415e-13   4.24058806e-06
    0.0110     0.0160   8.00640512e+06   1.67562766e-04   6.98288304e-13   3.83357300e-06
   -0.0100     0.0170   8.00640512e+06   1.84111134e-04   1.11405686e-12   6.11612465e-06
   -0.0090     0.0170   8.00640512e+06   1.58454278e-04   1.09852009e-12   6.03082844e-06
   -0.0080     0.0170   8.00640512e+06   1.37625074e-04   1.01993280e-12   5.59938757e-06
   -0.0070     0.0170   8.00640512e+06   1.20837940e-04   8.91733054e-13   4.89557642e-06
   -0.0060     0.0170   8.00640512e+06   1.07444776e-04   7.30493362e-13   4.01037739e-06
   -0.0050     0.0170   8.00640512e+06   9.69180666e-05   5.54174645e-13   3.04239516e-06
   -0.0040     0.0170   8.00640512e+06   8.88362381e-05   3.80607183e-13   2.08951720e-06
   -0.0030     0.0170   8.00640512e+06   8.28712657e-05   2.26199601e-13   1.24182616e-06
   -0.0020     0.0170   8.00640512e+06   7.87785351e-05   1.04876889e-13   5.75769649e-07
   -0.0010     0.0170   8.00640512e+06   7.63889556e-05   2.72484631e-14   1.49592900e-07
    0.0000     0.0170   8.00640512e+06   7.56033263e-05   7.23839027e-18   3.97384538e-11
    0.0010     0.0170   8.00640512e+06   7.63889556e-05   2.55607172e-14   1.40327247e-07
    0.0020     0.0170   8.00640512e+06   7.87785351e-05   1.01895041e-13   5.59399426e-07
    0.0030     0.0170   8.00640512e+06   8.28712657e-05   2.22672971e-13   1.22246511e-06
    0.0040     0.0170   8.00640512e+06   8.88362381e-05   3.77566753e-13   2.07282537e-06
    0.0050     0.0170   8.00640512e+06   9.69180666e-05   5.52826787e-13   3.03499548e-06
    0.0060     0.0170   8.00640512e+06   1.07444776e-04   7.32087048e-13   4.01912666e-06
    0.0070     0.0170   8.00640512e+06   1.20837940e-04   8.97408158e-13   4.92673250e-06
    0.0080     0.0170   8.00640512e+06   1.37625074e-04   1.03055903e-12   5.65772511e-06
    0.0090     0.0170   8.00640512e+06   1.58454278e-04   1.11453797e-12   6.11876591e-06
    0.0100     0.0170   8.00640512e+06   1.84111134e-04   1.13533412e-12   6.23293591e-06
   -0.0080     0.0180   8.00640512e+06   1.82763195e-04   1.36381220e-12   7.48727082e-06
   -0.0070     0.0180   8.00640512e+06   1.62404193e-04   1.17213050e-12   6.43494646e-06
   -0.0060     0.0180   8.00640512e+06   1.46034732e-04   9.47560479e-13   5.20206661e-06
   -0.0050     0.0180   8.00640512e+06   1.33076163e-04   7.11575277e-13   3.90651791e-06
   -0.0040     0.0180   8.00640512e+06   1.23063641e-04   4.84991428e-13   2.66258225e-06
   -0.0030     0.0180   8.00640512e+06   1.15633737e-04   2.86675485e-13   1.57383618e-06
   -0.0020     0.0180   8.00640512e+06   1.10514298e-04   1.32479702e-13   7.27307913e-07
   -0.0010     0.0180   8.00640512e+06   1.07516562e-04   3.44077453e-14   1.88897054e-07
    0.0000     0.0180   8.00640512e+06   1.06529525e-04   1.14345208e-17   6.27750312e-11
    0.0010     0.0180   8.00640512e+06   1.07516562e-04   3.20194860e-14   1.75785612e-07
    0.0020     0.0180   8.00640512e+06   1.10514298e-04   1.28199228e-13   7.03808295e-07
    0.0030     0.0180   8.00640512e+06   1.15633737e-04   2.81452249e-13   1.54516084e-06
    0.0040     0.0180   8.00640512e+06   1.23063641e-04   4.80144919e-13   2.63597512e-06
    0.0050     0.0180   8.00640512e+06   1.33076163e-04   7.08674737e-13   3.89059408e-06
    0.0060     0.0180   8.00640512e+06   1.46034732e-04   9.48273413e-13   5.20598058e-06
    0.0070     0.0180   8.00640512e+06   1.62404193e-04   1.17804761e-12   6.46743114e-06
    0.0080     0.0180   8.00640512e+06   1.82763195e-04   1.37625828e-12   7.55559923e-06
   -0.0060     0.0190   8.00640512e+06   1.95852893e-04   1.20786996e-12   6.63115453e-06
   -0.0050     0.0190   8.00640512e+06   1.80049040e-04   8.99491339e-13   4.93816908e-06
   -0.0040     0.0190   8.00640512e+06   1.67770933e-04   6.09206971e-13   3.34452028e-06
   -0.0030     0.0190   8.00640512e+06   1.58617720e-04   3.58488052e-13   1.96808411e-06
   -0.0020     0.0190   8.00640512e+06   1.52288138e-04   1.65230528e-13   9.07108548e-07
   -0.0010     0.0190   8.00640512e+06   1.48572634e-04   4.29183255e-14   2.35619776e-07
    0.0000     0.0190   8.00640512e+06   1.47347727e-04   1.76219236e-17   9.67436090e-11
    0.0010     0.0190   8.00640512e+06   1.48572634e-04   3.96031115e-14   2.17419393e-07
    0.0020     0.0190   8.00640512e+06   1.52288138e-04   1.59217252e-13   8.74095921e-07
    0.0030     0.0190   8.00640512e+06   1.58617720e-04   3.50963441e-13   1.92677432e-06
    0.0040     0.0190   8.00640512e+06   1.67770933e-04   6.01834074e-13   3.30404339e-06
    0.0050     0.0190   8.00640512e+06   1.80049040e-04   8.94274419e-13   4.90952841e-06
    0.0060     0.0190   8.00640512e+06   1.95852893e-04   1.20698324e-12   6.62628650e-06
