# MEFS Score Result File
# Mode: Collapsed IFS
# Planet FITS file:   ifs_im.planet.fits
# Scenesum FITS file: ifs_im.scenesum.fits
# Pixel scale (CDELT): 0.350000 lambda/D
# Ref Pixel (CRPIX):  (16.50, 16.50)
# Dark current/pixel: 2.000000e-03
# Flux scaling factor: 4.000000e-01
# Format:
# Col 1:  Pixel Rank index (1-based, decreasing planet intensity)
# Col 2:  X coordinate (lambda/D)
# Col 3:  Y coordinate (lambda/D)
# Col 4:  Planet intensity (ifs_im.planet.fits)
# Col 5:  Total intensity (ifs_im.scenesum.fits)
# Col 6:  Difference (Total - Planet)
# Col 7:  Cumulative Planet intensity
# Col 8:  Cumulative Total intensity
# Col 9:  Cumulative Difference intensity
# Col 10: Cumulative dark current (rank * dark)
# Col 11: SNR for this pixel
# Col 12: Cumulative SNR
# Col 13: Row index
# Col 14: Col index
# -------------------------------------------------------------------------------
      1     1.9250     0.1750    1.693481e-02    1.474919e-01    1.305571e-01    1.693481e-02    1.474919e-01    1.305571e-01    2.000000e-03    4.151153e-02    4.151153e-02    16    21
      2     1.9250    -0.1750    1.625905e-02    1.459174e-01    1.296583e-01    3.319386e-02    2.934093e-01    2.602155e-01    4.000000e-03    4.012728e-02    5.773565e-02    15    21
      3     1.5750     0.1750    1.493524e-02    1.229051e-01    1.079698e-01    4.812910e-02    4.163144e-01    3.681853e-01    6.000000e-03    3.993890e-02    7.020343e-02    16    20
      4     1.5750    -0.1750    1.430044e-02    1.220686e-01    1.077681e-01    6.242954e-02    5.383829e-01    4.759534e-01    8.000000e-03    3.844412e-02    8.004044e-02    15    20
      5     1.9250     0.5250    9.773929e-03    1.282899e-01    1.185160e-01    7.220346e-02    6.666728e-01    5.944694e-01    1.000000e-02    2.611597e-02    8.419332e-02    17    21
      6     2.2750     0.1750    9.249077e-03    1.188613e-01    1.096122e-01    8.145254e-02    7.855342e-01    7.040816e-01    1.200000e-02    2.564144e-02    8.801136e-02    16    22
      7     2.2750    -0.1750    8.848863e-03    1.174914e-01    1.086425e-01    9.030141e-02    9.030255e-01    8.127241e-01    1.400000e-02    2.470052e-02    9.141179e-02    15    22
      8     1.9250    -0.5250    8.550853e-03    1.246027e-01    1.160518e-01    9.885226e-02    1.027628e+00    9.287759e-01    1.600000e-02    2.325925e-02    9.432448e-02    14    21
      9     1.5750     0.5250    8.281510e-03    1.129000e-01    1.046184e-01    1.071338e-01    1.140528e+00    1.033394e+00    1.800000e-02    2.359592e-02    9.723104e-02    17    20
     10     1.5750    -0.5250    7.162729e-03    1.110088e-01    1.038461e-01    1.142965e-01    1.251537e+00    1.137240e+00    2.000000e-02    2.066225e-02    9.940223e-02    14    20
     11     1.2250     0.1750    6.602657e-03    5.919244e-02    5.258978e-02    1.208992e-01    1.310729e+00    1.189830e+00    2.200000e-02    2.535827e-02    1.025858e-01    16    19
     12     1.2250    -0.1750    6.257917e-03    5.928396e-02    5.302604e-02    1.271571e-01    1.370013e+00    1.242856e+00    2.400000e-02    2.407926e-02    1.053739e-01    15    19
     13     2.2750     0.5250    5.063680e-03    1.019939e-01    9.693019e-02    1.322208e-01    1.472007e+00    1.339786e+00    2.600000e-02    1.533340e-02    1.064837e-01    17    22
     14     2.2750    -0.5250    4.367989e-03    9.888525e-02    9.451726e-02    1.365887e-01    1.570892e+00    1.434304e+00    2.800000e-02    1.346368e-02    1.073314e-01    14    22
     15     1.2250     0.5250    3.130312e-03    6.098886e-02    5.785855e-02    1.397191e-01    1.631881e+00    1.492162e+00    3.000000e-02    1.217374e-02    1.080196e-01    17    19
     16     1.9250     0.8750    2.593760e-03    9.852319e-02    9.592943e-02    1.423128e-01    1.730405e+00    1.588092e+00    3.200000e-02    8.077273e-03    1.083212e-01    18    21
     17     1.2250    -0.5250    2.584918e-03    6.158774e-02    5.900282e-02    1.448977e-01    1.791992e+00    1.647095e+00    3.400000e-02    1.004865e-02    1.087863e-01    14    19
     18     1.9250    -0.8750    1.951834e-03    9.456911e-02    9.261728e-02    1.468496e-01    1.886561e+00    1.739712e+00    3.600000e-02    6.218398e-03    1.089639e-01    13    21
     19     1.5750     0.8750    1.900257e-03    9.700828e-02    9.510802e-02    1.487498e-01    1.983570e+00    1.834820e+00    3.800000e-02    5.982026e-03    1.091280e-01    18    20
     20    -1.2250     0.1750    1.670302e-03    6.226613e-02    6.059582e-02    1.504201e-01    2.045836e+00    1.895416e+00    4.000000e-02    6.504776e-03    1.093216e-01    16    12
     21    -1.2250    -0.1750    1.613448e-03    6.260210e-02    6.098865e-02    1.520336e-01    2.108438e+00    1.956404e+00    4.200000e-02    6.270106e-03    1.095013e-01    15    12
     22     2.6250     0.1750    1.544346e-03    8.223066e-02    8.068631e-02    1.535779e-01    2.190669e+00    2.037091e+00    4.400000e-02    5.273078e-03    1.096282e-01    16    23
     23    -1.5750     0.1750    1.469449e-03    1.156415e-01    1.141720e-01    1.550474e-01    2.306310e+00    2.151263e+00    4.600000e-02    4.257737e-03    1.097108e-01    16    11
     24     2.6250    -0.1750    1.448562e-03    8.149312e-02    8.004456e-02    1.564959e-01    2.387803e+00    2.231307e+00    4.800000e-02    4.970232e-03    1.098234e-01    15    23
     25    -1.5750    -0.1750    1.421871e-03    1.152823e-01    1.138604e-01    1.579178e-01    2.503085e+00    2.345168e+00    5.000000e-02    4.126931e-03    1.099009e-01    15    11
     26     1.5750    -0.8750    1.368193e-03    9.475267e-02    9.338448e-02    1.592860e-01    2.597838e+00    2.438552e+00    5.200000e-02    4.367840e-03    1.099877e-01    13    20
     27     0.8750     0.1750    1.221652e-03    1.340341e-02    1.218176e-02    1.605076e-01    2.611242e+00    2.450734e+00    5.400000e-02    9.474709e-03    1.103950e-01    16    18
     28     0.8750    -0.1750    1.124849e-03    1.371680e-02    1.259195e-02    1.616325e-01    2.624958e+00    2.463326e+00    5.600000e-02    8.667664e-03    1.107347e-01    15    18
     29     2.2750     0.8750    1.123913e-03    7.714199e-02    7.601807e-02    1.627564e-01    2.702100e+00    2.539344e+00    5.800000e-02    3.967047e-03    1.108058e-01    18    22
     30    -1.2250     0.5250    1.054772e-03    6.610920e-02    6.505443e-02    1.638112e-01    2.768210e+00    2.604398e+00    6.000000e-02    4.010684e-03    1.108783e-01    17    12
     31    -1.5750     0.5250    9.520787e-04    1.102471e-01    1.092950e-01    1.647633e-01    2.878457e+00    2.713693e+00    6.200000e-02    2.829771e-03    1.109144e-01    17    11
     32    -1.2250    -0.5250    9.462181e-04    6.697857e-02    6.603235e-02    1.657095e-01    2.945435e+00    2.779726e+00    6.400000e-02    3.578291e-03    1.109721e-01    14    12
     33     3.3250     0.1750    8.821358e-04    5.090115e-02    5.001902e-02    1.665916e-01    2.996336e+00    2.829745e+00    6.600000e-02    3.803748e-03    1.110373e-01    16    25
     34     3.3250    -0.1750    8.768980e-04    5.069192e-02    4.981502e-02    1.674685e-01    3.047028e+00    2.879560e+00    6.800000e-02    3.788724e-03    1.111019e-01    15    25
     35    -1.5750    -0.5250    8.595402e-04    1.090923e-01    1.082327e-01    1.683280e-01    3.156121e+00    2.987792e+00    7.000000e-02    2.568920e-03    1.111316e-01    14    11
     36     2.2750    -0.8750    8.050840e-04    7.415527e-02    7.335018e-02    1.691331e-01    3.230276e+00    3.061143e+00    7.200000e-02    2.902069e-03    1.111695e-01    13    22
     37     3.3250     0.5250    7.974483e-04    4.837944e-02    4.758199e-02    1.699306e-01    3.278655e+00    3.108725e+00    7.400000e-02    3.525052e-03    1.112254e-01    17    25
     38     3.3250    -0.5250    7.746011e-04    4.790185e-02    4.712725e-02    1.707052e-01    3.326557e+00    3.155852e+00    7.600000e-02    3.440923e-03    1.112786e-01    14    25
     39    -0.8750     0.1750    6.597692e-04    1.657443e-02    1.591466e-02    1.713650e-01    3.343132e+00    3.171767e+00    7.800000e-02    4.757239e-03    1.113802e-01    16    13
     40    -0.8750    -0.1750    6.283150e-04    1.699744e-02    1.636912e-02    1.719933e-01    3.360129e+00    3.188136e+00    8.000000e-02    4.485019e-03    1.114705e-01    15    13
     41     2.6250     0.5250    6.196255e-04    7.292193e-02    7.230231e-02    1.726129e-01    3.433051e+00    3.260438e+00    8.200000e-02    2.254428e-03    1.114933e-01    17    23
     42     0.8750    -1.2250    6.122791e-04    5.036086e-02    4.974858e-02    1.732252e-01    3.483412e+00    3.310187e+00    8.400000e-02    2.660245e-03    1.115250e-01    12    18
     43     0.8750     1.2250    5.667830e-04    4.840114e-02    4.783436e-02    1.737920e-01    3.531813e+00    3.358021e+00    8.600000e-02    2.510547e-03    1.115533e-01    19    18
     44     3.3250     0.8750    5.653151e-04    4.469087e-02    4.412556e-02    1.743573e-01    3.576504e+00    3.402146e+00    8.800000e-02    2.600526e-03    1.115836e-01    18    25
     45     0.8750     1.5750    5.549519e-04    5.567119e-02    5.511623e-02    1.749122e-01    3.632175e+00    3.457263e+00    9.000000e-02    2.299833e-03    1.116073e-01    20    18
     46     2.9750    -0.8750    5.460656e-04    5.074003e-02    5.019397e-02    1.754583e-01    3.682915e+00    3.507457e+00    9.200000e-02    2.365581e-03    1.116324e-01    13    24
     47     2.9750     0.8750    5.320585e-04    5.152744e-02    5.099538e-02    1.759903e-01    3.734442e+00    3.558452e+00    9.400000e-02    2.288355e-03    1.116558e-01    18    24
     48     3.3250    -0.8750    5.208524e-04    4.423271e-02    4.371186e-02    1.765112e-01    3.778675e+00    3.602164e+00    9.600000e-02    2.408836e-03    1.116818e-01    13    25
     49     1.2250     1.5750    4.998749e-04    6.062758e-02    6.012771e-02    1.770111e-01    3.839303e+00    3.662292e+00    9.800000e-02    1.989538e-03    1.116995e-01    20    19
     50     0.8750    -1.5750    4.986145e-04    5.541090e-02    5.491229e-02    1.775097e-01    3.894714e+00    3.717204e+00    1.000000e-01    2.072001e-03    1.117187e-01    11    18
     51     2.6250    -0.5250    4.905746e-04    7.130394e-02    7.081337e-02    1.780003e-01    3.966018e+00    3.788017e+00    1.020000e-01    1.805897e-03    1.117333e-01    14    23
     52     2.9750     1.2250    4.856958e-04    4.567636e-02    4.519066e-02    1.784860e-01    4.011694e+00    3.833208e+00    1.040000e-01    2.213155e-03    1.117552e-01    19    24
     53     1.2250    -1.5750    4.760214e-04    5.877968e-02    5.830366e-02    1.789620e-01    4.070474e+00    3.891512e+00    1.060000e-01    1.923328e-03    1.117718e-01    11    19
     54     2.9750    -1.2250    4.530155e-04    4.516237e-02    4.470935e-02    1.794150e-01    4.115636e+00    3.936221e+00    1.080000e-01    2.076057e-03    1.117911e-01    12    24
     55     2.9750    -0.5250    3.822074e-04    5.762283e-02    5.724062e-02    1.797972e-01    4.173259e+00    3.993462e+00    1.100000e-01    1.560290e-03    1.118020e-01    14    24
     56    -1.2250     0.8750    3.813401e-04    7.122136e-02    7.084002e-02    1.801785e-01    4.244480e+00    4.064302e+00    1.120000e-01    1.405613e-03    1.118108e-01    18    12
     57     1.2250     0.8750    3.767145e-04    6.601139e-02    6.563467e-02    1.805553e-01    4.310492e+00    4.129936e+00    1.140000e-01    1.440529e-03    1.118201e-01    18    19
     58    -1.5750     0.8750    3.695747e-04    9.757988e-02    9.721031e-02    1.809248e-01    4.408071e+00    4.227147e+00    1.160000e-01    1.168993e-03    1.118262e-01    18    11
     59     0.8750     0.5250    3.551419e-04    1.832835e-02    1.797321e-02    1.812800e-01    4.426400e+00    4.245120e+00    1.180000e-01    2.469392e-03    1.118534e-01    17    18
     60     2.9750     0.5250    3.541390e-04    5.845082e-02    5.809668e-02    1.816341e-01    4.484851e+00    4.303216e+00    1.200000e-01    1.436165e-03    1.118627e-01    17    24
     61     0.5250     1.2250    3.443279e-04    3.072613e-02    3.038180e-02    1.819784e-01    4.515577e+00    4.333598e+00    1.220000e-01    1.893443e-03    1.118787e-01    19    17
     62     0.5250    -1.2250    3.420236e-04    3.365138e-02    3.330935e-02    1.823205e-01    4.549228e+00    4.366908e+00    1.240000e-01    1.802788e-03    1.118932e-01    12    17
     63    -0.8750     0.5250    3.355860e-04    2.241105e-02    2.207546e-02    1.826561e-01    4.571639e+00    4.388983e+00    1.260000e-01    2.133269e-03    1.119135e-01    17    13
     64    -1.9250     0.1750    3.354231e-04    1.299851e-01    1.296497e-01    1.829915e-01    4.701624e+00    4.518633e+00    1.280000e-01    9.221029e-04    1.119173e-01    16    10
     65    -2.6250     0.1750    3.225633e-04    7.807499e-02    7.775243e-02    1.833140e-01    4.779699e+00    4.596385e+00    1.300000e-01    1.137610e-03    1.119231e-01    16     8
     66    -1.9250    -0.1750    3.208231e-04    1.290213e-01    1.287005e-01    1.836349e-01    4.908721e+00    4.725086e+00    1.320000e-01    8.852452e-04    1.119266e-01    15    10
     67    -2.6250    -0.1750    3.201424e-04    7.746383e-02    7.714369e-02    1.839550e-01    4.986184e+00    4.802229e+00    1.340000e-01    1.133406e-03    1.119324e-01    15     8
     68    -1.2250    -0.8750    3.131092e-04    7.187026e-02    7.155715e-02    1.842681e-01    5.058055e+00    4.873787e+00    1.360000e-01    1.149589e-03    1.119383e-01    13    12
     69    -1.5750    -0.8750    3.080966e-04    9.546348e-02    9.515538e-02    1.845762e-01    5.153518e+00    4.968942e+00    1.380000e-01    9.853276e-04    1.119426e-01    13    11
     70     1.2250    -1.2250    2.969007e-04    6.829071e-02    6.799381e-02    1.848731e-01    5.221809e+00    5.036936e+00    1.400000e-01    1.117499e-03    1.119482e-01    12    19
     71     3.6750     0.1750    2.918910e-04    4.218675e-02    4.189485e-02    1.851650e-01    5.263996e+00    5.078831e+00    1.420000e-01    1.384028e-03    1.119567e-01    16    26
     72    -2.6250     0.5250    2.900690e-04    7.016404e-02    6.987397e-02    1.854551e-01    5.334160e+00    5.148705e+00    1.440000e-01    1.077630e-03    1.119619e-01    17     8
     73     3.6750    -0.1750    2.838739e-04    4.212247e-02    4.183860e-02    1.857389e-01    5.376282e+00    5.190543e+00    1.460000e-01    1.347110e-03    1.119700e-01    15    26
     74    -0.8750    -0.5250    2.837659e-04    2.388992e-02    2.360615e-02    1.860227e-01    5.400172e+00    5.214149e+00    1.480000e-01    1.753993e-03    1.119838e-01    14    13
     75    -2.6250    -0.5250    2.821474e-04    6.875888e-02    6.847674e-02    1.863049e-01    5.468931e+00    5.282626e+00    1.500000e-01    1.058575e-03    1.119888e-01    14     8
     76     4.3750     0.1750    2.603695e-04    4.063634e-02    4.037597e-02    1.865652e-01    5.509567e+00    5.323002e+00    1.520000e-01    1.257124e-03    1.119958e-01    16    28
     77     4.3750    -0.1750    2.597197e-04    4.062947e-02    4.036975e-02    1.868249e-01    5.550197e+00    5.363372e+00    1.540000e-01    1.254096e-03    1.120028e-01    15    28
     78     0.8750    -0.5250    2.497080e-04    1.967437e-02    1.942466e-02    1.870747e-01    5.569871e+00    5.382796e+00    1.560000e-01    1.686444e-03    1.120155e-01    14    18
     79     4.3750     0.5250    2.492504e-04    4.051866e-02    4.026941e-02    1.873239e-01    5.610390e+00    5.423066e+00    1.580000e-01    1.205249e-03    1.120220e-01    17    28
     80     2.6250    -1.2250    2.465376e-04    4.841044e-02    4.816390e-02    1.875704e-01    5.658800e+00    5.471230e+00    1.600000e-01    1.095377e-03    1.120274e-01    12    23
     81     4.3750    -0.5250    2.461388e-04    4.049434e-02    4.024820e-02    1.878166e-01    5.699295e+00    5.511478e+00    1.620000e-01    1.190585e-03    1.120337e-01    14    28
     82     2.9750    -0.1750    2.398773e-04    6.278896e-02    6.254908e-02    1.880565e-01    5.762083e+00    5.574027e+00    1.640000e-01    9.406677e-04    1.120377e-01    15    24
     83     3.3250     1.2250    2.389862e-04    4.171999e-02    4.148100e-02    1.882954e-01    5.803803e+00    5.615508e+00    1.660000e-01    1.139853e-03    1.120435e-01    19    25
     84     2.6250     1.5750    2.377366e-04    4.383451e-02    4.359677e-02    1.885332e-01    5.847638e+00    5.659105e+00    1.680000e-01    1.107583e-03    1.120489e-01    20    23
     85     1.5750    -1.5750    2.352146e-04    5.511903e-02    5.488382e-02    1.887684e-01    5.902757e+00    5.713989e+00    1.700000e-01    9.821585e-04    1.120532e-01    11    20
     86     2.9750     0.1750    2.302315e-04    6.315793e-02    6.292770e-02    1.889986e-01    5.965915e+00    5.776916e+00    1.720000e-01    9.003581e-04    1.120568e-01    16    24
     87     1.2250     1.2250    2.277351e-04    6.857964e-02    6.835191e-02    1.892264e-01    6.034495e+00    5.845268e+00    1.740000e-01    8.558363e-04    1.120601e-01    19    19
     88     1.5750     1.5750    2.266578e-04    5.753910e-02    5.731245e-02    1.894530e-01    6.092034e+00    5.902581e+00    1.760000e-01    9.271380e-04    1.120640e-01    20    20
     89     1.2250    -0.8750    2.232774e-04    6.689188e-02    6.666861e-02    1.896763e-01    6.158926e+00    5.969249e+00    1.780000e-01    8.492943e-04    1.120672e-01    13    19
     90     2.6250     1.2250    2.209260e-04    4.918115e-02    4.896023e-02    1.898972e-01    6.208107e+00    6.018209e+00    1.800000e-01    9.744430e-04    1.120714e-01    19    23
     91    -2.6250     0.8750    2.187681e-04    5.828646e-02    5.806769e-02    1.901160e-01    6.266393e+00    6.076277e+00    1.820000e-01    8.893805e-04    1.120749e-01    18     8
     92     0.5250    -0.8750    2.185056e-04    1.435808e-02    1.413957e-02    1.903345e-01    6.280751e+00    6.090417e+00    1.840000e-01    1.697130e-03    1.120878e-01    13    17
     93     4.3750     0.8750    2.137680e-04    4.025285e-02    4.003908e-02    1.905483e-01    6.321004e+00    6.130456e+00    1.860000e-01    1.037335e-03    1.120926e-01    18    28
     94     2.6250    -1.5750    2.128191e-04    4.352807e-02    4.331525e-02    1.907611e-01    6.364532e+00    6.173771e+00    1.880000e-01    9.950807e-04    1.120970e-01    11    23
     95     4.3750    -0.8750    2.060087e-04    4.020658e-02    4.000058e-02    1.909671e-01    6.404739e+00    6.213772e+00    1.900000e-01    1.000318e-03    1.121015e-01    13    28
     96    -2.6250    -0.8750    2.058166e-04    5.695342e-02    5.674760e-02    1.911729e-01    6.461692e+00    6.270519e+00    1.920000e-01    8.461925e-04    1.121047e-01    13     8
     97     0.5250     1.5750    2.035441e-04    4.715763e-02    4.695408e-02    1.913765e-01    6.508850e+00    6.317473e+00    1.940000e-01    9.161484e-04    1.121084e-01    20    17
     98    -0.5250    -1.2250    1.998040e-04    3.542335e-02    3.522355e-02    1.915763e-01    6.544273e+00    6.352697e+00    1.960000e-01    1.030093e-03    1.121131e-01    12    14
     99     3.3250    -1.2250    1.972909e-04    4.144844e-02    4.125115e-02    1.917735e-01    6.585722e+00    6.393948e+00    1.980000e-01    9.443571e-04    1.121171e-01    12    25
    100     3.6750     0.5250    1.971534e-04    4.147383e-02    4.127668e-02    1.919707e-01    6.627195e+00    6.435225e+00    2.000000e-01    9.434259e-04    1.121211e-01    17    26
    101    -0.5250     1.5750    1.967766e-04    4.825092e-02    4.805415e-02    1.921675e-01    6.675446e+00    6.483279e+00    2.020000e-01    8.760980e-04    1.121245e-01    20    14
    102     2.9750     1.5750    1.962233e-04    4.216004e-02    4.196382e-02    1.923637e-01    6.717606e+00    6.525243e+00    2.040000e-01    9.316936e-04    1.121284e-01    20    24
    103    -0.1750     1.5750    1.924922e-04    4.221269e-02    4.202019e-02    1.925562e-01    6.759819e+00    6.567263e+00    2.060000e-01    9.134741e-04    1.121321e-01    20    15
    104    -0.1750    -1.5750    1.880694e-04    4.424773e-02    4.405966e-02    1.927443e-01    6.804067e+00    6.611323e+00    2.080000e-01    8.727537e-04    1.121355e-01    11    15
    105    -0.5250     1.2250    1.879562e-04    3.253405e-02    3.234610e-02    1.929322e-01    6.836601e+00    6.643669e+00    2.100000e-01    1.008682e-03    1.121400e-01    19    14
    106    -1.9250     0.5250    1.847473e-04    1.171529e-01    1.169681e-01    1.931170e-01    6.953754e+00    6.760637e+00    2.120000e-01    5.347976e-04    1.121413e-01    17    10
    107     0.5250     0.8750    1.842068e-04    1.219438e-02    1.201017e-02    1.933012e-01    6.965948e+00    6.772647e+00    2.140000e-01    1.536199e-03    1.121518e-01    18    17
    108    -0.5250    -1.5750    1.841542e-04    4.938779e-02    4.920364e-02    1.934853e-01    7.015336e+00    6.821851e+00    2.160000e-01    8.109140e-04    1.121548e-01    11    14
    109     3.6750    -0.5250    1.787563e-04    4.134324e-02    4.116449e-02    1.936641e-01    7.056679e+00    6.863015e+00    2.180000e-01    8.568542e-04    1.121580e-01    14    26
    110    -0.1750    -1.2250    1.731117e-04    2.587963e-02    2.570652e-02    1.938372e-01    7.082559e+00    6.888722e+00    2.200000e-01    1.033568e-03    1.121628e-01    12    15
    111     4.0250    -1.2250    1.707242e-04    4.057360e-02    4.040288e-02    1.940079e-01    7.123132e+00    6.929124e+00    2.220000e-01    8.257640e-04    1.121658e-01    12    27
    112     0.5250    -1.5750    1.699837e-04    4.843354e-02    4.826356e-02    1.941779e-01    7.171566e+00    6.977388e+00    2.240000e-01    7.556433e-04    1.121684e-01    11    17
    113     4.0250     1.2250    1.674020e-04    4.059022e-02    4.042282e-02    1.943453e-01    7.212156e+00    7.017811e+00    2.260000e-01    8.095689e-04    1.121713e-01    19    27
    114     1.2250     1.9250    1.639593e-04    4.678441e-02    4.662045e-02    1.945093e-01    7.258941e+00    7.064431e+00    2.280000e-01    7.410831e-04    1.121737e-01    21    19
    115    -0.1750     1.2250    1.637961e-04    2.276221e-02    2.259841e-02    1.946731e-01    7.281703e+00    7.087030e+00    2.300000e-01    1.037474e-03    1.121785e-01    19    15
    116    -1.9250    -0.5250    1.596498e-04    1.145689e-01    1.144092e-01    1.948327e-01    7.396272e+00    7.201439e+00    2.320000e-01    4.672831e-04    1.121795e-01    14    10
    117     4.0250     1.5750    1.585141e-04    4.029353e-02    4.013502e-02    1.949912e-01    7.436565e+00    7.241574e+00    2.340000e-01    7.693406e-04    1.121822e-01    20    27
    118     2.9750    -1.5750    1.563296e-04    4.186783e-02    4.171150e-02    1.951476e-01    7.478433e+00    7.283285e+00    2.360000e-01    7.450676e-04    1.121846e-01    11    24
    119     0.8750    -0.8750    1.512666e-04    3.390714e-02    3.375587e-02    1.952988e-01    7.512340e+00    7.317041e+00    2.380000e-01    7.965990e-04    1.121875e-01    13    18
    120     4.0250    -1.5750    1.512010e-04    4.023454e-02    4.008334e-02    1.954500e-01    7.552575e+00    7.357125e+00    2.400000e-01    7.344204e-04    1.121899e-01    11    27
    121     4.3750     1.2250    1.443731e-04    3.984777e-02    3.970340e-02    1.955944e-01    7.592422e+00    7.396828e+00    2.420000e-01    7.045346e-04    1.121921e-01    19    28
    122     2.2750    -1.5750    1.385176e-04    4.435376e-02    4.421524e-02    1.957329e-01    7.636776e+00    7.441043e+00    2.440000e-01    6.424133e-04    1.121939e-01    11    22
    123     2.2750     1.5750    1.358573e-04    4.498211e-02    4.484625e-02    1.958688e-01    7.681758e+00    7.485890e+00    2.460000e-01    6.258782e-04    1.121957e-01    20    22
    124    -2.9750     0.1750    1.347682e-04    6.140885e-02    6.127408e-02    1.960035e-01    7.743167e+00    7.547164e+00    2.480000e-01    5.346276e-04    1.121969e-01    16     7
    125     4.3750    -1.2250    1.324632e-04    3.978769e-02    3.965523e-02    1.961360e-01    7.782955e+00    7.586819e+00    2.500000e-01    6.469692e-04    1.121988e-01    12    28
    126    -2.9750    -0.1750    1.318549e-04    6.103760e-02    6.090574e-02    1.962679e-01    7.843992e+00    7.647725e+00    2.520000e-01    5.246174e-04    1.122000e-01    15     7
    127     0.8750     1.9250    1.306576e-04    4.866883e-02    4.853817e-02    1.963985e-01    7.892661e+00    7.696263e+00    2.540000e-01    5.797022e-04    1.122015e-01    21    18
    128     4.0250    -0.8750    1.305088e-04    4.064443e-02    4.051392e-02    1.965290e-01    7.933306e+00    7.736777e+00    2.560000e-01    6.310228e-04    1.122033e-01    13    27
    129    -2.6250     1.2250    1.240365e-04    4.850021e-02    4.837618e-02    1.966531e-01    7.981806e+00    7.785153e+00    2.580000e-01    5.512772e-04    1.122046e-01    19     8
    130     1.9250     1.2250    1.233898e-04    6.984959e-02    6.972620e-02    1.967764e-01    8.051655e+00    7.854879e+00    2.600000e-01    4.599330e-04    1.122056e-01    19    21
    131    -0.1750     1.9250    1.228580e-04    4.745152e-02    4.732866e-02    1.968993e-01    8.099107e+00    7.902208e+00    2.620000e-01    5.517913e-04    1.122069e-01    21    15
    132     4.0250     0.8750    1.227846e-04    4.063466e-02    4.051188e-02    1.970221e-01    8.139742e+00    7.942720e+00    2.640000e-01    5.937971e-04    1.122085e-01    18    27
    133    -3.6750     0.1750    1.223220e-04    4.158114e-02    4.145882e-02    1.971444e-01    8.181323e+00    7.984178e+00    2.660000e-01    5.851223e-04    1.122100e-01    16     5
    134    -3.6750    -0.1750    1.219845e-04    4.153318e-02    4.141119e-02    1.972664e-01    8.222856e+00    8.025590e+00    2.680000e-01    5.838307e-04    1.122116e-01    15     5
    135    -3.6750     0.5250    1.175305e-04    4.107873e-02    4.096120e-02    1.973839e-01    8.263935e+00    8.066551e+00    2.700000e-01    5.654934e-04    1.122130e-01    17     5
    136    -3.6750    -0.5250    1.162274e-04    4.098660e-02    4.087038e-02    1.975002e-01    8.304921e+00    8.107421e+00    2.720000e-01    5.598293e-04    1.122144e-01    14     5
    137     1.2250    -1.9250    1.157054e-04    4.515163e-02    4.503593e-02    1.976159e-01    8.350073e+00    8.152457e+00    2.740000e-01    5.321977e-04    1.122156e-01    10    19
    138    -2.2750    -0.8750    1.149642e-04    7.070085e-02    7.058589e-02    1.977308e-01    8.420774e+00    8.223043e+00    2.760000e-01    4.260396e-04    1.122165e-01    13     9
    139     1.9250    -1.5750    1.148736e-04    4.818331e-02    4.806843e-02    1.978457e-01    8.468957e+00    8.271111e+00    2.780000e-01    5.122052e-04    1.122176e-01    11    21
    140    -2.2750     0.8750    1.130508e-04    7.318653e-02    7.307348e-02    1.979587e-01    8.542144e+00    8.344185e+00    2.800000e-01    4.119812e-04    1.122184e-01    18     9
    141    -2.6250    -1.2250    1.107645e-04    4.775563e-02    4.764486e-02    1.980695e-01    8.589899e+00    8.391830e+00    2.820000e-01    4.960171e-04    1.122195e-01    12     8
    142    -2.2750     1.2250    1.104915e-04    5.484321e-02    5.473272e-02    1.981800e-01    8.644742e+00    8.446562e+00    2.840000e-01    4.629862e-04    1.122204e-01    19     9
    143     5.4250     0.1750    1.093841e-04    3.924806e-02    3.913868e-02    1.982894e-01    8.683991e+00    8.485701e+00    2.860000e-01    5.378701e-04    1.122217e-01    16    31
    144     5.4250    -0.1750    1.091702e-04    3.924550e-02    3.913633e-02    1.983986e-01    8.723236e+00    8.524837e+00    2.880000e-01    5.368361e-04    1.122230e-01    15    31
    145    -0.1750    -1.9250    1.078707e-04    4.706589e-02    4.695802e-02    1.985064e-01    8.770302e+00    8.571795e+00    2.900000e-01    4.864485e-04    1.122241e-01    10    15
    146    -2.2750    -1.2250    1.065880e-04    5.322230e-02    5.311571e-02    1.986130e-01    8.823524e+00    8.624911e+00    2.920000e-01    4.531401e-04    1.122250e-01    12     9
    147     5.4250     0.5250    1.059269e-04    3.920879e-02    3.910287e-02    1.987189e-01    8.862733e+00    8.664014e+00    2.940000e-01    5.211396e-04    1.122262e-01    17    31
    148     5.4250    -0.5250    1.050037e-04    3.920065e-02    3.909565e-02    1.988239e-01    8.901934e+00    8.703110e+00    2.960000e-01    5.166541e-04    1.122274e-01    14    31
    149    -3.6750     0.8750    1.043209e-04    4.052532e-02    4.042100e-02    1.989283e-01    8.942459e+00    8.743531e+00    2.980000e-01    5.052605e-04    1.122285e-01    18     5
    150     1.2250    -2.6250    1.035695e-04    4.012433e-02    4.002076e-02    1.990318e-01    8.982583e+00    8.783551e+00    3.000000e-01    5.040016e-04    1.122296e-01     8    19
    151     1.5750    -2.6250    1.031987e-04    4.071954e-02    4.061634e-02    1.991350e-01    9.023303e+00    8.824168e+00    3.020000e-01    4.986972e-04    1.122308e-01     8    20
    152     1.9250     1.5750    1.027218e-04    4.983500e-02    4.973228e-02    1.992378e-01    9.073138e+00    8.873900e+00    3.040000e-01    4.507350e-04    1.122317e-01    20    21
    153     0.8750     0.8750    1.018516e-04    3.143439e-02    3.133253e-02    1.993396e-01    9.104572e+00    8.905233e+00    3.060000e-01    5.561739e-04    1.122330e-01    18    18
    154     1.5750     2.6250    1.016895e-04    4.067516e-02    4.057348e-02    1.994413e-01    9.145247e+00    8.945806e+00    3.080000e-01    4.916676e-04    1.122341e-01    23    20
    155     1.5750     1.9250    1.016018e-04    4.336259e-02    4.326099e-02    1.995429e-01    9.188610e+00    8.989067e+00    3.100000e-01    4.765043e-04    1.122351e-01    21    20
    156    -3.6750    -0.8750    1.014713e-04    4.047066e-02    4.036919e-02    1.996444e-01    9.229081e+00    9.029436e+00    3.120000e-01    4.917910e-04    1.122362e-01    13     5
    157     1.2250     2.6250    1.011847e-04    3.991328e-02    3.981209e-02    1.997456e-01    9.268994e+00    9.069248e+00    3.140000e-01    4.936457e-04    1.122373e-01    23    19
    158    -2.9750     0.5250    1.004689e-04    5.677721e-02    5.667674e-02    1.998460e-01    9.325771e+00    9.125925e+00    3.160000e-01    4.140534e-04    1.122380e-01    17     7
    159     3.6750     1.9250    9.930219e-05    4.019379e-02    4.009448e-02    1.999453e-01    9.365965e+00    9.166020e+00    3.180000e-01    4.828632e-04    1.122391e-01    21    26
    160     3.6750    -1.9250    9.762028e-05    4.017233e-02    4.007471e-02    2.000429e-01    9.406137e+00    9.206094e+00    3.200000e-01    4.748148e-04    1.122401e-01    10    26
    161     5.4250     0.8750    9.553325e-05    3.912260e-02    3.902707e-02    2.001385e-01    9.445260e+00    9.245121e+00    3.220000e-01    4.705550e-04    1.122411e-01    18    31
    162    -0.1750    -0.8750    9.389070e-05    7.845951e-03    7.752060e-03    2.002324e-01    9.453106e+00    9.252873e+00    3.240000e-01    9.417439e-04    1.122450e-01    13    15
    163    -2.9750    -0.5250    9.345814e-05    5.594375e-02    5.585029e-02    2.003258e-01    9.509050e+00    9.308724e+00    3.260000e-01    3.879394e-04    1.122457e-01    14     7
    164     5.4250    -0.8750    9.326045e-05    3.910704e-02    3.901378e-02    2.004191e-01    9.548157e+00    9.347737e+00    3.280000e-01    4.594596e-04    1.122466e-01    13    31
    165    -2.2750    -0.5250    9.229449e-05    9.072282e-02    9.063053e-02    2.005114e-01    9.638879e+00    9.438368e+00    3.300000e-01    3.029469e-04    1.122470e-01    14     9
    166    -2.2750     0.5250    8.872516e-05    9.302618e-02    9.293745e-02    2.006001e-01    9.731906e+00    9.531305e+00    3.320000e-01    2.876885e-04    1.122474e-01    17     9
    167     4.7250     0.1750    8.855391e-05    3.946779e-02    3.937924e-02    2.006887e-01    9.771373e+00    9.570685e+00    3.340000e-01    4.343993e-04    1.122483e-01    16    29
    168     0.8750    -1.9250    8.801346e-05    4.718975e-02    4.710174e-02    2.007767e-01    9.818563e+00    9.617786e+00    3.360000e-01    3.964821e-04    1.122490e-01    10    18
    169     4.7250    -0.1750    8.683182e-05    3.946092e-02    3.937409e-02    2.008635e-01    9.858024e+00    9.657161e+00    3.380000e-01    4.259956e-04    1.122498e-01    15    29
    170     4.0250     1.9250    8.485017e-05    3.975179e-02    3.966693e-02    2.009484e-01    9.897776e+00    9.696827e+00    3.400000e-01    4.148340e-04    1.122505e-01    21    27
    171    -0.5250    -0.8750    8.283345e-05    1.609501e-02    1.601218e-02    2.010312e-01    9.913871e+00    9.712840e+00    3.420000e-01    6.143765e-04    1.122522e-01    13    14
    172     4.0250    -0.5250    8.273828e-05    4.060788e-02    4.052514e-02    2.011139e-01    9.954479e+00    9.753365e+00    3.440000e-01    4.004426e-04    1.122529e-01    14    27
    173    -0.1750     0.8750    8.241723e-05    6.183134e-03    6.100716e-03    2.011964e-01    9.960662e+00    9.759466e+00    3.460000e-01    9.065298e-04    1.122566e-01    18    15
    174     5.0750     1.5750    8.058702e-05    3.929301e-02    3.921243e-02    2.012769e-01    9.999955e+00    9.798678e+00    3.480000e-01    3.961899e-04    1.122573e-01    20    30
    175     5.0750    -1.5750    8.045110e-05    3.927743e-02    3.919697e-02    2.013574e-01    1.003923e+01    9.837875e+00    3.500000e-01    3.955969e-04    1.122580e-01    11    30
    176    -1.5750     1.2250    7.969695e-05    7.768496e-02    7.760526e-02    2.014371e-01    1.011692e+01    9.915480e+00    3.520000e-01    2.821866e-04    1.122583e-01    19    11
    177    -3.6750     1.2250    7.962312e-05    4.030262e-02    4.022299e-02    2.015167e-01    1.015722e+01    9.955703e+00    3.540000e-01    3.867651e-04    1.122590e-01    19     5
    178     4.0250     0.5250    7.746726e-05    4.059730e-02    4.051983e-02    2.015942e-01    1.019782e+01    9.996223e+00    3.560000e-01    3.750012e-04    1.122596e-01    17    27
    179     0.8750     2.6250    7.705610e-05    3.905053e-02    3.897347e-02    2.016712e-01    1.023687e+01    1.003520e+01    3.580000e-01    3.799623e-04    1.122603e-01    23    18
    180    -0.5250     1.9250    7.699526e-05    4.840348e-02    4.832648e-02    2.017482e-01    1.028527e+01    1.008352e+01    3.600000e-01    3.426907e-04    1.122608e-01    21    14
    181     0.8750    -2.6250    7.679213e-05    3.929277e-02    3.921598e-02    2.018250e-01    1.032456e+01    1.012274e+01    3.620000e-01    3.775515e-04    1.122614e-01     8    18
    182     1.9250     2.6250    7.649463e-05    4.071396e-02    4.063747e-02    2.019015e-01    1.036528e+01    1.016338e+01    3.640000e-01    3.697920e-04    1.122620e-01    23    21
    183     1.9250    -2.6250    7.585066e-05    4.056314e-02    4.048729e-02    2.019774e-01    1.040584e+01    1.020386e+01    3.660000e-01    3.673296e-04    1.122626e-01     8    21
    184    -3.6750    -1.2250    7.519299e-05    4.029575e-02    4.022056e-02    2.020526e-01    1.044614e+01    1.024408e+01    3.680000e-01    3.652946e-04    1.122632e-01    12     5
    185     2.6250     0.8750    7.470240e-05    5.964565e-02    5.957094e-02    2.021273e-01    1.050578e+01    1.030366e+01    3.700000e-01    3.006910e-04    1.122636e-01    18    23
    186     5.4250     1.2250    7.424410e-05    3.898089e-02    3.890665e-02    2.022015e-01    1.054476e+01    1.034256e+01    3.720000e-01    3.664192e-04    1.122642e-01    19    31
    187     4.0250    -1.9250    7.265689e-05    3.967358e-02    3.960092e-02    2.022742e-01    1.058444e+01    1.038216e+01    3.740000e-01    3.556052e-04    1.122648e-01    10    27
    188     3.6750    -1.5750    7.260297e-05    4.024691e-02    4.017431e-02    2.023468e-01    1.062468e+01    1.042234e+01    3.760000e-01    3.529263e-04    1.122654e-01    11    26
    189     5.0750    -1.2250    7.256527e-05    3.935015e-02    3.927758e-02    2.024193e-01    1.066403e+01    1.046161e+01    3.780000e-01    3.565411e-04    1.122659e-01    12    30
    190    -2.2750    -0.1750    7.217843e-05    1.043153e-01    1.042431e-01    2.024915e-01    1.076835e+01    1.056586e+01    3.800000e-01    2.212902e-04    1.122661e-01    15     9
    191     1.5750    -1.9250    7.172210e-05    4.229694e-02    4.222522e-02    2.025632e-01    1.081065e+01    1.060808e+01    3.820000e-01    3.404982e-04    1.122667e-01    10    20
    192     2.6250    -0.8750    7.148285e-05    5.821157e-02    5.814009e-02    2.026347e-01    1.086886e+01    1.066622e+01    3.840000e-01    2.911416e-04    1.122670e-01    13    23
    193    -2.2750     1.5750    7.126052e-05    4.461877e-02    4.454751e-02    2.027060e-01    1.091348e+01    1.071077e+01    3.860000e-01    3.297896e-04    1.122675e-01    20     9
    194    -2.2750     0.1750    7.081618e-05    1.052531e-01    1.051823e-01    2.027768e-01    1.101873e+01    1.081595e+01    3.880000e-01    2.161644e-04    1.122677e-01    16     9
    195     3.6750     0.8750    7.079523e-05    4.061378e-02    4.054299e-02    2.028476e-01    1.105934e+01    1.085650e+01    3.900000e-01    3.426640e-04    1.122683e-01    18    26
    196    -1.2250     1.2250    7.058404e-05    7.077419e-02    7.070361e-02    2.029182e-01    1.113012e+01    1.092720e+01    3.920000e-01    2.615215e-04    1.122686e-01    19    12
    197     5.4250    -1.2250    7.032460e-05    3.895754e-02    3.888721e-02    2.029885e-01    1.116908e+01    1.096609e+01    3.940000e-01    3.471905e-04    1.122691e-01    12    31
    198     5.0750     1.2250    7.003112e-05    3.935065e-02    3.928062e-02    2.030585e-01    1.120843e+01    1.100537e+01    3.960000e-01    3.440982e-04    1.122696e-01    19    30
    199     5.0750     1.9250    6.774602e-05    3.911730e-02    3.904955e-02    2.031263e-01    1.124754e+01    1.104442e+01    3.980000e-01    3.338213e-04    1.122701e-01    21    30
    200     4.7250     0.5250    6.740714e-05    3.938663e-02    3.931922e-02    2.031937e-01    1.128693e+01    1.108374e+01    4.000000e-01    3.310720e-04    1.122706e-01    17    29
    201    -0.5250     0.8750    6.553774e-05    1.383940e-02    1.377387e-02    2.032592e-01    1.130077e+01    1.109751e+01    4.020000e-01    5.196673e-04    1.122718e-01    18    14
    202    -2.2750    -1.5750    6.442627e-05    4.406921e-02    4.400479e-02    2.033236e-01    1.134484e+01    1.114151e+01    4.040000e-01    2.999536e-04    1.122722e-01    11     9
    203     5.0750    -1.9250    6.392077e-05    3.908438e-02    3.902045e-02    2.033876e-01    1.138392e+01    1.118054e+01    4.060000e-01    3.151128e-04    1.122726e-01    10    30
    204     3.6750     1.5750    6.364165e-05    4.023026e-02    4.016662e-02    2.034512e-01    1.142415e+01    1.122070e+01    4.080000e-01    3.094586e-04    1.122731e-01    20    26
    205     4.7250    -0.5250    6.306609e-05    3.937030e-02    3.930723e-02    2.035143e-01    1.146352e+01    1.126001e+01    4.100000e-01    3.098281e-04    1.122735e-01    14    29
    206    -1.5750    -1.2250    6.098075e-05    7.486333e-02    7.480235e-02    2.035753e-01    1.153839e+01    1.133481e+01    4.120000e-01    2.198675e-04    1.122737e-01    12    11
    207     1.5750     1.2250    6.087073e-05    7.786251e-02    7.780164e-02    2.036361e-01    1.161625e+01    1.141261e+01    4.140000e-01    2.153136e-04    1.122739e-01    19    20
    208     4.3750     1.5750    6.065892e-05    3.941641e-02    3.935575e-02    2.036968e-01    1.165567e+01    1.145197e+01    4.160000e-01    2.978452e-04    1.122743e-01    20    28
    209    -0.5250    -1.9250    5.982735e-05    4.747940e-02    4.741957e-02    2.037566e-01    1.170314e+01    1.149939e+01    4.180000e-01    2.687975e-04    1.122746e-01    10    14
    210     1.9250    -1.2250    5.922528e-05    6.677593e-02    6.671671e-02    2.038158e-01    1.176992e+01    1.156611e+01    4.200000e-01    2.257366e-04    1.122749e-01    12    21
    211    -4.7250     0.1750    5.909433e-05    3.936394e-02    3.930484e-02    2.038749e-01    1.180928e+01    1.160541e+01    4.220000e-01    2.903520e-04    1.122752e-01    16     2
    212    -4.7250    -0.1750    5.901193e-05    3.935955e-02    3.930054e-02    2.039339e-01    1.184864e+01    1.164471e+01    4.240000e-01    2.899628e-04    1.122756e-01    15     2
    213    -0.8750     0.8750    5.900721e-05    3.554748e-02    3.548848e-02    2.039929e-01    1.188419e+01    1.168020e+01    4.260000e-01    3.042802e-04    1.122760e-01    18    13
    214     4.0250    -0.1750    5.811749e-05    4.058460e-02    4.052649e-02    2.040511e-01    1.192478e+01    1.172073e+01    4.280000e-01    2.814391e-04    1.122764e-01    15    27
    215    -4.7250     0.5250    5.784983e-05    3.931934e-02    3.926149e-02    2.041089e-01    1.196410e+01    1.175999e+01    4.300000e-01    2.843948e-04    1.122767e-01    17     2
    216    -4.7250    -0.5250    5.747800e-05    3.930961e-02    3.925213e-02    2.041664e-01    1.200341e+01    1.179924e+01    4.320000e-01    2.826013e-04    1.122771e-01    14     2
    217     3.6750    -0.8750    5.701195e-05    4.052704e-02    4.047002e-02    2.042234e-01    1.204393e+01    1.183971e+01    4.340000e-01    2.762755e-04    1.122774e-01    13    26
    218    -3.3250     1.5750    5.671793e-05    4.017351e-02    4.011679e-02    2.042801e-01    1.208411e+01    1.187983e+01    4.360000e-01    2.759997e-04    1.122778e-01    20     6
    219     1.9250     1.9250    5.668916e-05    4.142254e-02    4.136585e-02    2.043368e-01    1.212553e+01    1.192119e+01    4.380000e-01    2.718686e-04    1.122781e-01    21    21
    220     4.0250     0.1750    5.656296e-05    4.058149e-02    4.052493e-02    2.043934e-01    1.216611e+01    1.196172e+01    4.400000e-01    2.739261e-04    1.122784e-01    16    27
    221    -3.3250    -1.5750    5.598217e-05    4.010977e-02    4.005379e-02    2.044494e-01    1.220622e+01    1.200177e+01    4.420000e-01    2.726276e-04    1.122788e-01    11     6
    222     3.6750     2.2750    5.589818e-05    3.983703e-02    3.978113e-02    2.045053e-01    1.224606e+01    1.204155e+01    4.440000e-01    2.731036e-04    1.122791e-01    22    26
    223    -4.0250     0.1750    5.455390e-05    4.062971e-02    4.057516e-02    2.045598e-01    1.228669e+01    1.208213e+01    4.460000e-01    2.640535e-04    1.122794e-01    16     4
    224    -4.7250     0.8750    5.382094e-05    3.925969e-02    3.920587e-02    2.046136e-01    1.232595e+01    1.212133e+01    4.480000e-01    2.647922e-04    1.122797e-01    18     2
    225    -4.0250    -0.1750    5.370324e-05    4.062966e-02    4.057595e-02    2.046673e-01    1.236658e+01    1.216191e+01    4.500000e-01    2.599388e-04    1.122800e-01    15     4
    226     5.0750    -0.8750    5.324630e-05    3.934205e-02    3.928880e-02    2.047206e-01    1.240592e+01    1.220120e+01    4.520000e-01    2.617062e-04    1.122803e-01    13    30
    227    -3.3250    -1.2250    5.310632e-05    4.096498e-02    4.091187e-02    2.047737e-01    1.244688e+01    1.224211e+01    4.540000e-01    2.560476e-04    1.122806e-01    12     6
    228    -4.7250    -0.8750    5.288016e-05    3.925201e-02    3.919913e-02    2.048266e-01    1.248613e+01    1.228131e+01    4.560000e-01    2.601909e-04    1.122809e-01    13     2
    229    -1.2250    -1.2250    5.266373e-05    7.005734e-02    7.000468e-02    2.048792e-01    1.255619e+01    1.235131e+01    4.580000e-01    1.961164e-04    1.122811e-01    12    12
    230     2.2750     1.9250    5.230526e-05    4.173565e-02    4.168335e-02    2.049315e-01    1.259793e+01    1.239300e+01    4.600000e-01    2.499585e-04    1.122814e-01    21    22
    231    -0.8750    -2.6250    5.229302e-05    3.937656e-02    3.932426e-02    2.049838e-01    1.263730e+01    1.243232e+01    4.620000e-01    2.569167e-04    1.122817e-01     8    13
    232    -0.8750     2.6250    5.199150e-05    3.912986e-02    3.907786e-02    2.050358e-01    1.267643e+01    1.247140e+01    4.640000e-01    2.562002e-04    1.122820e-01    23    13
    233     4.7250     2.2750    5.173314e-05    3.922148e-02    3.916975e-02    2.050876e-01    1.271566e+01    1.251057e+01    4.660000e-01    2.546447e-04    1.122823e-01    22    29
    234    -3.3250     1.2250    5.152367e-05    4.115858e-02    4.110705e-02    2.051391e-01    1.275681e+01    1.255168e+01    4.680000e-01    2.478644e-04    1.122825e-01    19     6
    235     3.3250     2.2750    5.108197e-05    3.985093e-02    3.979985e-02    2.051902e-01    1.279667e+01    1.259148e+01    4.700000e-01    2.495458e-04    1.122828e-01    22    25
    236     4.7250    -2.2750    5.108027e-05    3.920471e-02    3.915363e-02    2.052412e-01    1.283587e+01    1.263063e+01    4.720000e-01    2.514842e-04    1.122831e-01     9    29
    237     0.5250     0.1750    5.105844e-05    9.747108e-04    9.236524e-04    2.052923e-01    1.283684e+01    1.263155e+01    4.740000e-01    9.282173e-04    1.122869e-01    16    17
    238     5.0750     0.8750    5.042897e-05    3.933658e-02    3.928615e-02    2.053427e-01    1.287618e+01    1.267084e+01    4.760000e-01    2.478838e-04    1.122872e-01    18    30
    239     1.5750    -1.2250    5.041496e-05    7.522662e-02    7.517620e-02    2.053931e-01    1.295141e+01    1.274601e+01    4.780000e-01    1.813569e-04    1.122873e-01    12    20
    240     4.3750    -1.5750    5.036703e-05    3.936664e-02    3.931627e-02    2.054435e-01    1.299077e+01    1.278533e+01    4.800000e-01    2.474896e-04    1.122876e-01    11    28
    241    -2.9750     0.8750    4.977717e-05    5.005708e-02    5.000730e-02    2.054933e-01    1.304083e+01    1.283534e+01    4.820000e-01    2.180634e-04    1.122878e-01    18     7
    242     1.2250     2.9750    4.975446e-05    4.029202e-02    4.024227e-02    2.055430e-01    1.308112e+01    1.287558e+01    4.840000e-01    2.417951e-04    1.122881e-01    24    19
    243    -0.5250     0.1750    4.921700e-05    1.479775e-03    1.430558e-03    2.055923e-01    1.308260e+01    1.287701e+01    4.860000e-01    8.284947e-04    1.122911e-01    16    14
    244     3.3250    -2.2750    4.912180e-05    3.985804e-02    3.980892e-02    2.056414e-01    1.312246e+01    1.291682e+01    4.880000e-01    2.399552e-04    1.122914e-01     9    25
    245     2.6250     1.9250    4.821951e-05    4.170086e-02    4.165265e-02    2.056896e-01    1.316416e+01    1.295847e+01    4.900000e-01    2.305358e-04    1.122916e-01    21    23
    246    -3.6750     1.5750    4.687819e-05    4.027181e-02    4.022493e-02    2.057365e-01    1.320443e+01    1.299870e+01    4.920000e-01    2.278792e-04    1.122919e-01    20     5
    247     3.6750    -2.2750    4.671595e-05    3.977145e-02    3.972473e-02    2.057832e-01    1.324421e+01    1.303842e+01    4.940000e-01    2.284456e-04    1.122921e-01     9    26
    248     1.5750     2.9750    4.646279e-05    3.994337e-02    3.989691e-02    2.058297e-01    1.328415e+01    1.307832e+01    4.960000e-01    2.267426e-04    1.122923e-01    24    20
    249    -1.9250     0.8750    4.552347e-05    9.378938e-02    9.374386e-02    2.058752e-01    1.337794e+01    1.317206e+01    4.980000e-01    1.470529e-04    1.122924e-01    18    10
    250    -2.6250     1.5750    4.536842e-05    4.350473e-02    4.345936e-02    2.059205e-01    1.342144e+01    1.321552e+01    5.000000e-01    2.125734e-04    1.122926e-01    20     8
    251    -4.7250     1.2250    4.517610e-05    3.922932e-02    3.918414e-02    2.059657e-01    1.346067e+01    1.325471e+01    5.020000e-01    2.223658e-04    1.122928e-01    19     2
    252     2.2750     2.6250    4.501595e-05    3.998211e-02    3.993710e-02    2.060107e-01    1.350065e+01    1.329464e+01    5.040000e-01    2.195845e-04    1.122931e-01    23    22
    253    -3.3250     1.9250    4.442646e-05    3.991398e-02    3.986955e-02    2.060552e-01    1.354057e+01    1.333451e+01    5.060000e-01    2.168864e-04    1.122933e-01    21     6
    254    -4.0250     0.5250    4.425534e-05    4.060964e-02    4.056539e-02    2.060994e-01    1.358118e+01    1.337508e+01    5.080000e-01    2.142823e-04    1.122935e-01    17     4
    255    -0.5250    -0.1750    4.395610e-05    1.620394e-03    1.576438e-03    2.061434e-01    1.358280e+01    1.337666e+01    5.100000e-01    7.261406e-04    1.122958e-01    15    14
    256    -4.7250    -1.2250    4.349723e-05    3.922855e-02    3.918505e-02    2.061869e-01    1.362203e+01    1.341584e+01    5.120000e-01    2.141083e-04    1.122960e-01    12     2
    257     5.4250     1.5750    4.348384e-05    3.880009e-02    3.875661e-02    2.062304e-01    1.366083e+01    1.345460e+01    5.140000e-01    2.151622e-04    1.122962e-01    20    31
    258     2.2750    -2.6250    4.316943e-05    3.980076e-02    3.975759e-02    2.062735e-01    1.370063e+01    1.349435e+01    5.160000e-01    2.110377e-04    1.122964e-01     8    22
    259    -2.9750    -0.8750    4.297157e-05    4.928395e-02    4.924098e-02    2.063165e-01    1.374991e+01    1.354360e+01    5.180000e-01    1.896743e-04    1.122966e-01    13     7
    260     0.1750    -1.9250    4.249179e-05    4.694569e-02    4.690320e-02    2.063590e-01    1.379686e+01    1.359050e+01    5.200000e-01    1.919815e-04    1.122968e-01    10    16
    261     0.5250     2.6250    4.232567e-05    3.848000e-02    3.843767e-02    2.064013e-01    1.383534e+01    1.362894e+01    5.220000e-01    2.102600e-04    1.122970e-01    23    17
    262     0.5250    -0.1750    4.216746e-05    1.074831e-03    1.032663e-03    2.064435e-01    1.383641e+01    1.362997e+01    5.240000e-01    7.552820e-04    1.122995e-01    15    17
    263    -3.6750    -1.5750    4.213213e-05    4.026643e-02    4.022430e-02    2.064856e-01    1.387668e+01    1.367019e+01    5.260000e-01    2.048327e-04    1.122997e-01    11     5
    264    -0.5250     2.9750    4.206862e-05    4.009133e-02    4.004926e-02    2.065277e-01    1.391677e+01    1.371024e+01    5.280000e-01    2.049487e-04    1.122999e-01    24    14
    265    -4.0250    -0.5250    4.204816e-05    4.060908e-02    4.056703e-02    2.065697e-01    1.395738e+01    1.375081e+01    5.300000e-01    2.036019e-04    1.123000e-01    14     4
    266     4.7250    -1.9250    4.193903e-05    3.926012e-02    3.921819e-02    2.066117e-01    1.399664e+01    1.379003e+01    5.320000e-01    2.063633e-04    1.123002e-01    10    29
    267    -3.3250    -1.9250    4.150963e-05    3.990808e-02    3.986657e-02    2.066532e-01    1.403655e+01    1.382989e+01    5.340000e-01    2.026679e-04    1.123004e-01    10     6
    268     0.1750     2.2750    4.145456e-05    4.108136e-02    4.103991e-02    2.066946e-01    1.407763e+01    1.387093e+01    5.360000e-01    1.996267e-04    1.123006e-01    22    16
    269    -0.8750    -0.8750    4.117762e-05    3.791789e-02    3.787672e-02    2.067358e-01    1.411555e+01    1.390881e+01    5.380000e-01    2.059935e-04    1.123008e-01    13    13
    270     0.1750     1.9250    3.988791e-05    4.727469e-02    4.723481e-02    2.067757e-01    1.416282e+01    1.395605e+01    5.400000e-01    1.796196e-04    1.123009e-01    21    16
    271     1.9250    -1.9250    3.939466e-05    4.110074e-02    4.106135e-02    2.068151e-01    1.420392e+01    1.399711e+01    5.420000e-01    1.896691e-04    1.123011e-01    10    21
    272     5.4250    -1.5750    3.892203e-05    3.877476e-02    3.873583e-02    2.068540e-01    1.424270e+01    1.403584e+01    5.440000e-01    1.926605e-04    1.123013e-01    11    31
    273    -3.3250    -0.8750    3.887448e-05    4.302283e-02    4.298396e-02    2.068929e-01    1.428572e+01    1.407883e+01    5.460000e-01    1.831305e-04    1.123014e-01    13     6
    274    -0.5250    -2.9750    3.871258e-05    4.016595e-02    4.012724e-02    2.069316e-01    1.432589e+01    1.411895e+01    5.480000e-01    1.884395e-04    1.123016e-01     7    14
    275     4.7250     1.9250    3.843140e-05    3.925419e-02    3.921576e-02    2.069700e-01    1.436514e+01    1.415817e+01    5.500000e-01    1.891254e-04    1.123017e-01    21    29
    276     2.2750     1.2250    3.834291e-05    5.625344e-02    5.621509e-02    2.070084e-01    1.442139e+01    1.421438e+01    5.520000e-01    1.588113e-04    1.123018e-01    19    22
    277     0.5250    -2.6250    3.826675e-05    3.867210e-02    3.863383e-02    2.070466e-01    1.446007e+01    1.425302e+01    5.540000e-01    1.896571e-04    1.123020e-01     8    17
    278     0.1750    -2.2750    3.794729e-05    4.032299e-02    4.028504e-02    2.070846e-01    1.450039e+01    1.429330e+01    5.560000e-01    1.843733e-04    1.123021e-01     9    16
    279    -2.6250    -1.5750    3.739653e-05    4.321362e-02    4.317622e-02    2.071220e-01    1.454360e+01    1.433648e+01    5.580000e-01    1.757993e-04    1.123023e-01    11     8
    280     1.2250    -2.9750    3.711253e-05    4.014759e-02    4.011048e-02    2.071591e-01    1.458375e+01    1.437659e+01    5.600000e-01    1.806937e-04    1.123024e-01     7    19
    281    -3.3250     0.8750    3.676769e-05    4.339358e-02    4.335682e-02    2.071959e-01    1.462714e+01    1.441995e+01    5.620000e-01    1.725017e-04    1.123026e-01    18     6
    282     5.0750    -0.5250    3.676741e-05    3.931273e-02    3.927597e-02    2.072326e-01    1.466646e+01    1.445922e+01    5.640000e-01    1.808123e-04    1.123027e-01    14    30
    283     1.9250     3.6750    3.654484e-05    3.945807e-02    3.942153e-02    2.072692e-01    1.470591e+01    1.449864e+01    5.660000e-01    1.794032e-04    1.123029e-01    26    21
    284     1.5750    -3.6750    3.651317e-05    3.935306e-02    3.931654e-02    2.073057e-01    1.474527e+01    1.453796e+01    5.680000e-01    1.794750e-04    1.123030e-01     5    20
    285     1.9250    -3.6750    3.627063e-05    3.945980e-02    3.942353e-02    2.073420e-01    1.478473e+01    1.457738e+01    5.700000e-01    1.780539e-04    1.123031e-01     5    21
    286    -0.5250    -2.6250    3.613118e-05    3.873380e-02    3.869767e-02    2.073781e-01    1.482346e+01    1.461608e+01    5.720000e-01    1.789420e-04    1.123033e-01     8    14
    287     2.2750    -1.2250    3.579374e-05    5.445174e-02    5.441595e-02    2.074139e-01    1.487791e+01    1.467050e+01    5.740000e-01    1.506020e-04    1.123034e-01    12    22
    288     2.2750    -1.9250    3.568989e-05    4.166456e-02    4.162887e-02    2.074496e-01    1.491958e+01    1.471213e+01    5.760000e-01    1.707274e-04    1.123035e-01    10    22
    289     1.5750     3.6750    3.538869e-05    3.928890e-02    3.925351e-02    2.074850e-01    1.495887e+01    1.475138e+01    5.780000e-01    1.740852e-04    1.123036e-01    26    20
    290     5.0750     0.5250    3.501892e-05    3.930856e-02    3.927354e-02    2.075200e-01    1.499817e+01    1.479065e+01    5.800000e-01    1.722260e-04    1.123038e-01    17    30
    291     5.0750     2.2750    3.490591e-05    3.884935e-02    3.881444e-02    2.075549e-01    1.503702e+01    1.482947e+01    5.820000e-01    1.726319e-04    1.123039e-01    22    30
    292     4.7250     0.8750    3.432567e-05    3.926722e-02    3.923290e-02    2.075892e-01    1.507629e+01    1.486870e+01    5.840000e-01    1.689024e-04    1.123040e-01    18    29
    293    -1.9250    -0.8750    3.430603e-05    9.044721e-02    9.041290e-02    2.076235e-01    1.516674e+01    1.495911e+01    5.860000e-01    1.128088e-04    1.123041e-01    13    10
    294    -4.3750     1.9250    3.411825e-05    3.914989e-02    3.911577e-02    2.076576e-01    1.520589e+01    1.499823e+01    5.880000e-01    1.681212e-04    1.123042e-01    21     3
    295    -4.3750    -1.5750    3.405068e-05    3.927799e-02    3.924394e-02    2.076917e-01    1.524517e+01    1.503747e+01    5.900000e-01    1.675280e-04    1.123043e-01    11     3
    296     4.7250     2.6250    3.402364e-05    3.901344e-02    3.897942e-02    2.077257e-01    1.528418e+01    1.507645e+01    5.920000e-01    1.679336e-04    1.123045e-01    23    29
    297     1.5750    -2.9750    3.396869e-05    3.973743e-02    3.970346e-02    2.077597e-01    1.532392e+01    1.511616e+01    5.940000e-01    1.662031e-04    1.123046e-01     7    20
    298    -0.8750     1.5750    3.351518e-05    5.620460e-02    5.617108e-02    2.077932e-01    1.538012e+01    1.517233e+01    5.960000e-01    1.388794e-04    1.123047e-01    20    13
    299    -4.3750     1.5750    3.349589e-05    3.931074e-02    3.927724e-02    2.078267e-01    1.541943e+01    1.521161e+01    5.980000e-01    1.647343e-04    1.123048e-01    20     3
    300    -4.3750    -1.9250    3.345950e-05    3.913998e-02    3.910652e-02    2.078602e-01    1.545857e+01    1.525071e+01    6.000000e-01    1.648963e-04    1.123049e-01    10     3
    301    -1.2250    -2.2750    3.319824e-05    3.926739e-02    3.923419e-02    2.078934e-01    1.549784e+01    1.528995e+01    6.020000e-01    1.633567e-04    1.123050e-01     9    12
    302     0.5250    -2.2750    3.238534e-05    3.999764e-02    3.996526e-02    2.079257e-01    1.553784e+01    1.532991e+01    6.040000e-01    1.579678e-04    1.123052e-01     9    17
    303    -4.7250     1.5750    3.180783e-05    3.924202e-02    3.921021e-02    2.079575e-01    1.557708e+01    1.536912e+01    6.060000e-01    1.565657e-04    1.123053e-01    20     2
    304     3.3250     1.5750    3.132952e-05    4.024529e-02    4.021396e-02    2.079889e-01    1.561732e+01    1.540934e+01    6.080000e-01    1.523714e-04    1.123054e-01    20    25
    305    -0.5250     2.6250    3.118938e-05    3.852355e-02    3.849236e-02    2.080201e-01    1.565585e+01    1.544783e+01    6.100000e-01    1.548766e-04    1.123055e-01    23    14
    306    -1.2250     2.2750    3.109419e-05    3.945870e-02    3.942761e-02    2.080512e-01    1.569531e+01    1.548726e+01    6.120000e-01    1.526541e-04    1.123056e-01    22    12
    307     3.3250    -1.9250    3.103996e-05    3.986092e-02    3.982988e-02    2.080822e-01    1.573517e+01    1.552709e+01    6.140000e-01    1.516547e-04    1.123057e-01    10    25
    308    -0.8750    -1.5750    3.083562e-05    5.577297e-02    5.574214e-02    2.081130e-01    1.579094e+01    1.558283e+01    6.160000e-01    1.282550e-04    1.123057e-01    11    13
    309     0.8750     2.9750    3.083318e-05    4.025575e-02    4.022492e-02    2.081439e-01    1.583120e+01    1.562305e+01    6.180000e-01    1.499398e-04    1.123058e-01    24    18
    310     2.6250    -1.9250    3.079044e-05    4.150989e-02    4.147910e-02    2.081747e-01    1.587271e+01    1.566453e+01    6.200000e-01    1.475599e-04    1.123059e-01    10    23
    311    -1.2250     2.6250    3.061413e-05    3.996978e-02    3.993916e-02    2.082053e-01    1.591268e+01    1.570447e+01    6.220000e-01    1.493810e-04    1.123060e-01    23    12
    312     1.2250    -3.6750    3.050451e-05    3.913339e-02    3.910288e-02    2.082358e-01    1.595181e+01    1.574357e+01    6.240000e-01    1.503508e-04    1.123061e-01     5    19
    313     2.2750     3.6750    3.016020e-05    3.938685e-02    3.935669e-02    2.082659e-01    1.599120e+01    1.578293e+01    6.260000e-01    1.481989e-04    1.123062e-01    26    22
    314    -0.1750    -0.5250    3.014637e-05    1.041214e-03    1.011068e-03    2.082961e-01    1.599224e+01    1.578394e+01    6.280000e-01    5.439633e-04    1.123076e-01    14    15
    315     5.0750    -2.2750    2.998140e-05    3.881075e-02    3.878077e-02    2.083261e-01    1.603105e+01    1.582272e+01    6.300000e-01    1.483560e-04    1.123077e-01     9    30
    316     4.7250    -2.6250    2.991264e-05    3.897369e-02    3.894378e-02    2.083560e-01    1.607002e+01    1.586167e+01    6.320000e-01    1.477215e-04    1.123078e-01     8    29
    317     4.7250    -0.8750    2.987143e-05    3.925219e-02    3.922232e-02    2.083859e-01    1.610927e+01    1.590089e+01    6.340000e-01    1.470196e-04    1.123079e-01    13    29
    318     1.5750    -2.2750    2.986009e-05    3.982034e-02    3.979048e-02    2.084157e-01    1.614909e+01    1.594068e+01    6.360000e-01    1.459628e-04    1.123079e-01     9    20
    319    -0.8750     2.9750    2.972528e-05    4.027447e-02    4.024474e-02    2.084454e-01    1.618937e+01    1.598092e+01    6.380000e-01    1.445221e-04    1.123080e-01    24    13
    320     4.3750    -2.6250    2.964808e-05    3.914123e-02    3.911158e-02    2.084751e-01    1.622851e+01    1.602004e+01    6.400000e-01    1.461173e-04    1.123081e-01     8    28
    321    -4.7250    -1.5750    2.963103e-05    3.924508e-02    3.921545e-02    2.085047e-01    1.626776e+01    1.605925e+01    6.420000e-01    1.458494e-04    1.123082e-01    11     2
    322     1.2250     3.6750    2.926131e-05    3.905002e-02    3.902076e-02    2.085340e-01    1.630681e+01    1.609827e+01    6.440000e-01    1.443718e-04    1.123083e-01    26    19
    323    -2.2750     1.9250    2.911387e-05    4.179848e-02    4.176936e-02    2.085631e-01    1.634860e+01    1.614004e+01    6.460000e-01    1.390676e-04    1.123084e-01    21     9
    324     4.3750     2.6250    2.900426e-05    3.913913e-02    3.911013e-02    2.085921e-01    1.638774e+01    1.617915e+01    6.480000e-01    1.429490e-04    1.123085e-01    23    28
    325    -0.1750     2.2750    2.845707e-05    4.104396e-02    4.101551e-02    2.086206e-01    1.642879e+01    1.622017e+01    6.500000e-01    1.371167e-04    1.123086e-01    22    15
    326     5.0750    -0.1750    2.845261e-05    3.929585e-02    3.926740e-02    2.086490e-01    1.646808e+01    1.625943e+01    6.520000e-01    1.399650e-04    1.123087e-01    15    30
    327     2.2750    -3.6750    2.825716e-05    3.932250e-02    3.929424e-02    2.086773e-01    1.650741e+01    1.629873e+01    6.540000e-01    1.389590e-04    1.123088e-01     5    22
    328     5.0750     0.1750    2.791035e-05    3.929465e-02    3.926674e-02    2.087052e-01    1.654670e+01    1.633799e+01    6.560000e-01    1.373004e-04    1.123088e-01    16    30
    329    -4.3750    -1.2250    2.772032e-05    3.955886e-02    3.953114e-02    2.087329e-01    1.658626e+01    1.637753e+01    6.580000e-01    1.359320e-04    1.123089e-01    12     3
    330    -1.2250    -2.6250    2.753423e-05    4.016072e-02    4.013318e-02    2.087604e-01    1.662642e+01    1.641766e+01    6.600000e-01    1.340532e-04    1.123090e-01     8    12
    331    -4.0250     0.8750    2.713272e-05    4.056170e-02    4.053457e-02    2.087876e-01    1.666698e+01    1.645819e+01    6.620000e-01    1.314757e-04    1.123091e-01    18     4
    332     1.9250     2.9750    2.712755e-05    3.938486e-02    3.935773e-02    2.088147e-01    1.670637e+01    1.649755e+01    6.640000e-01    1.333053e-04    1.123092e-01    24    21
    333     2.6250     2.6250    2.668819e-05    3.938346e-02    3.935678e-02    2.088414e-01    1.674575e+01    1.653691e+01    6.660000e-01    1.311492e-04    1.123092e-01    23    23
    334     1.9250    -2.2750    2.668654e-05    4.085461e-02    4.082792e-02    2.088681e-01    1.678660e+01    1.657774e+01    6.680000e-01    1.288719e-04    1.123093e-01     9    21
    335    -4.3750     1.2250    2.657398e-05    3.960352e-02    3.957695e-02    2.088946e-01    1.682621e+01    1.661731e+01    6.700000e-01    1.302426e-04    1.123094e-01    19     3
    336    -0.1750    -2.9750    2.645718e-05    4.003262e-02    4.000617e-02    2.089211e-01    1.686624e+01    1.665732e+01    6.720000e-01    1.290071e-04    1.123095e-01     7    15
    337     1.2250    -2.2750    2.617070e-05    3.923179e-02    3.920562e-02    2.089473e-01    1.690547e+01    1.669652e+01    6.740000e-01    1.288432e-04    1.123095e-01     9    19
    338    -4.3750     2.2750    2.614089e-05    3.913298e-02    3.910683e-02    2.089734e-01    1.694460e+01    1.673563e+01    6.760000e-01    1.288509e-04    1.123096e-01    22     3
    339     0.5250     2.2750    2.607787e-05    4.073937e-02    4.071329e-02    2.089995e-01    1.698534e+01    1.677634e+01    6.780000e-01    1.261030e-04    1.123097e-01    22    17
    340    -0.8750    -2.2750    2.606092e-05    3.940411e-02    3.937805e-02    2.090255e-01    1.702475e+01    1.681572e+01    6.800000e-01    1.280358e-04    1.123098e-01     9    13
    341    -3.3250    -0.5250    2.589980e-05    4.605140e-02    4.602550e-02    2.090514e-01    1.707080e+01    1.686175e+01    6.820000e-01    1.181208e-04    1.123098e-01    14     6
    342     2.9750    -2.2750    2.567391e-05    3.959017e-02    3.956450e-02    2.090771e-01    1.711039e+01    1.690131e+01    6.840000e-01    1.258527e-04    1.123099e-01     9    24
    343     0.5250    -0.5250    2.510836e-05    3.800440e-03    3.775331e-03    2.091022e-01    1.711419e+01    1.690509e+01    6.860000e-01    3.289652e-04    1.123104e-01    14    17
    344    -0.1750     2.9750    2.505950e-05    3.989606e-02    3.987100e-02    2.091273e-01    1.715409e+01    1.694496e+01    6.880000e-01    1.223928e-04    1.123104e-01    24    15
    345     0.8750    -2.2750    2.498619e-05    3.946881e-02    3.944382e-02    2.091523e-01    1.719356e+01    1.698440e+01    6.900000e-01    1.226616e-04    1.123105e-01     9    18
    346    -2.2750    -1.9250    2.476954e-05    4.172733e-02    4.170256e-02    2.091770e-01    1.723528e+01    1.702611e+01    6.920000e-01    1.184182e-04    1.123106e-01    10     9
    347    -3.3250     0.5250    2.463994e-05    4.647453e-02    4.644989e-02    2.092017e-01    1.728176e+01    1.707256e+01    6.940000e-01    1.118852e-04    1.123106e-01    17     6
    348    -0.1750     0.5250    2.462269e-05    7.473090e-04    7.226863e-04    2.092263e-01    1.728250e+01    1.707328e+01    6.960000e-01    4.676751e-04    1.123116e-01    17    15
    349    -4.0250    -0.8750    2.452726e-05    4.055254e-02    4.052801e-02    2.092508e-01    1.732306e+01    1.711381e+01    6.980000e-01    1.188670e-04    1.123117e-01    13     4
    350     3.3250     1.9250    2.444363e-05    3.986238e-02    3.983794e-02    2.092753e-01    1.736292e+01    1.715364e+01    7.000000e-01    1.194337e-04    1.123117e-01    21    25
    351    -4.3750    -2.2750    2.443893e-05    3.913664e-02    3.911220e-02    2.092997e-01    1.740206e+01    1.719276e+01    7.020000e-01    1.204589e-04    1.123118e-01     9     3
    352     2.6250    -2.6250    2.409616e-05    3.933476e-02    3.931066e-02    2.093238e-01    1.744139e+01    1.723207e+01    7.040000e-01    1.184851e-04    1.123118e-01     8    23
    353    -0.8750    -2.9750    2.395041e-05    4.024045e-02    4.021650e-02    2.093478e-01    1.748163e+01    1.727228e+01    7.060000e-01    1.164999e-04    1.123119e-01     7    13
    354    -0.8750    -1.2250    2.373297e-05    5.255254e-02    5.252881e-02    2.093715e-01    1.753418e+01    1.732481e+01    7.080000e-01    1.015898e-04    1.123120e-01    12    13
    355    -5.4250     1.9250    2.339947e-05    3.861155e-02    3.858815e-02    2.093949e-01    1.757280e+01    1.736340e+01    7.100000e-01    1.160797e-04    1.123120e-01    21     0
    356    -5.4250    -1.9250    2.334212e-05    3.859965e-02    3.857631e-02    2.094182e-01    1.761140e+01    1.740198e+01    7.120000e-01    1.158122e-04    1.123121e-01    10     0
    357     0.5250     1.9250    2.317509e-05    4.821628e-02    4.819310e-02    2.094414e-01    1.765961e+01    1.745017e+01    7.140000e-01    1.033948e-04    1.123121e-01    21    17
    358    -3.3250     2.2750    2.284283e-05    3.986522e-02    3.984238e-02    2.094643e-01    1.769948e+01    1.749001e+01    7.160000e-01    1.116104e-04    1.123122e-01    22     6
    359    -5.0750     0.1750    2.272871e-05    3.931117e-02    3.928844e-02    2.094870e-01    1.773879e+01    1.752930e+01    7.180000e-01    1.117948e-04    1.123122e-01    16     1
    360    -5.0750    -0.1750    2.242876e-05    3.931109e-02    3.928866e-02    2.095094e-01    1.777810e+01    1.756859e+01    7.200000e-01    1.103199e-04    1.123123e-01    15     1
    361     0.8750    -3.6750    2.217136e-05    3.894020e-02    3.891802e-02    2.095316e-01    1.781704e+01    1.760751e+01    7.220000e-01    1.095468e-04    1.123123e-01     5    18
    362     0.8750     3.6750    2.202548e-05    3.887438e-02    3.885235e-02    2.095536e-01    1.785591e+01    1.764636e+01    7.240000e-01    1.089138e-04    1.123124e-01    26    18
    363     0.8750    -2.9750    2.197501e-05    4.023474e-02    4.021276e-02    2.095756e-01    1.789615e+01    1.768657e+01    7.260000e-01    1.069009e-04    1.123124e-01     7    18
    364     2.9750     2.2750    2.190692e-05    3.962863e-02    3.960673e-02    2.095975e-01    1.793578e+01    1.772618e+01    7.280000e-01    1.073423e-04    1.123125e-01    22    24
    365     2.9750     2.6250    2.172974e-05    3.953585e-02    3.951412e-02    2.096192e-01    1.797531e+01    1.776569e+01    7.300000e-01    1.065932e-04    1.123125e-01    23    24
    366    -5.4250    -1.5750    2.172524e-05    3.870115e-02    3.867943e-02    2.096409e-01    1.801401e+01    1.780437e+01    7.320000e-01    1.076578e-04    1.123126e-01    11     0
    367    -1.2250    -3.6750    2.140300e-05    3.915541e-02    3.913401e-02    2.096623e-01    1.805317e+01    1.784351e+01    7.340000e-01    1.054747e-04    1.123126e-01     5    12
    368    -5.4250     1.5750    2.121212e-05    3.871895e-02    3.869774e-02    2.096836e-01    1.809189e+01    1.788220e+01    7.360000e-01    1.050927e-04    1.123127e-01    20     0
    369    -1.2250     3.6750    2.120102e-05    3.907287e-02    3.905167e-02    2.097048e-01    1.813096e+01    1.792126e+01    7.380000e-01    1.045845e-04    1.123127e-01    26    12
    370     0.1750    -1.5750    2.113776e-05    4.369268e-02    4.367155e-02    2.097259e-01    1.817465e+01    1.796493e+01    7.400000e-01    9.886331e-05    1.123128e-01    11    16
    371     0.1750     1.2250    2.102117e-05    2.198962e-02    2.196860e-02    2.097469e-01    1.819664e+01    1.798690e+01    7.420000e-01    1.356610e-04    1.123129e-01    19    16
    372     3.6750    -1.2250    2.089984e-05    4.020492e-02    4.018402e-02    2.097678e-01    1.823685e+01    1.802708e+01    7.440000e-01    1.017077e-04    1.123129e-01    12    26
    373    -5.4250     2.2750    2.089902e-05    3.855141e-02    3.853051e-02    2.097887e-01    1.827540e+01    1.806561e+01    7.460000e-01    1.037555e-04    1.123130e-01    22     0
    374     4.3750     2.9750    2.042353e-05    3.905487e-02    3.903444e-02    2.098091e-01    1.831445e+01    1.810465e+01    7.480000e-01    1.007721e-04    1.123130e-01    24    28
    375     3.3250    -1.5750    2.038643e-05    4.015131e-02    4.013092e-02    2.098295e-01    1.835461e+01    1.814478e+01    7.500000e-01    9.927289e-05    1.123130e-01    11    25
    376    -0.8750     2.2750    2.030321e-05    3.995347e-02    3.993316e-02    2.098498e-01    1.839456e+01    1.818471e+01    7.520000e-01    9.910047e-05    1.123131e-01    22    13
    377     0.1750    -0.8750    2.017371e-05    7.317430e-03    7.297256e-03    2.098700e-01    1.840188e+01    1.819201e+01    7.540000e-01    2.087700e-04    1.123133e-01    13    16
    378    -5.4250    -2.2750    2.012188e-05    3.854498e-02    3.852486e-02    2.098901e-01    1.844042e+01    1.823053e+01    7.560000e-01    9.990618e-05    1.123133e-01     9     0
    379     0.1750    -1.2250    1.994335e-05    2.509463e-02    2.507469e-02    2.099101e-01    1.846552e+01    1.825561e+01    7.580000e-01    1.211147e-04    1.123134e-01    12    16
    380    -3.3250    -2.2750    1.993720e-05    3.986245e-02    3.984251e-02    2.099300e-01    1.850538e+01    1.829545e+01    7.600000e-01    9.742007e-05    1.123134e-01     9     6
    381    -3.3250    -0.1750    1.976461e-05    4.852036e-02    4.850059e-02    2.099498e-01    1.855390e+01    1.834395e+01    7.620000e-01    8.791643e-05    1.123135e-01    15     6
    382    -0.1750    -2.2750    1.972827e-05    4.028003e-02    4.026031e-02    2.099695e-01    1.859418e+01    1.838421e+01    7.640000e-01    9.592242e-05    1.123135e-01     9    15
    383    -0.8750     1.2250    1.964469e-05    5.085277e-02    5.083313e-02    2.099891e-01    1.864503e+01    1.843504e+01    7.660000e-01    8.543396e-05    1.123135e-01    19    13
    384    -4.3750    -0.8750    1.954742e-05    3.987499e-02    3.985545e-02    2.100087e-01    1.868491e+01    1.847490e+01    7.680000e-01    9.550162e-05    1.123136e-01    13     3
    385     0.1750     1.5750    1.951480e-05    4.159763e-02    4.157812e-02    2.100282e-01    1.872650e+01    1.851648e+01    7.700000e-01    9.344058e-05    1.123136e-01    20    16
    386    -3.3250     0.1750    1.941809e-05    4.871358e-02    4.869416e-02    2.100476e-01    1.877522e+01    1.856517e+01    7.720000e-01    8.621071e-05    1.123137e-01    16     6
    387     2.6250     3.6750    1.917585e-05    3.909087e-02    3.907170e-02    2.100668e-01    1.881431e+01    1.860424e+01    7.740000e-01    9.457594e-05    1.123137e-01    26    23
    388    -5.0750     0.5250    1.904733e-05    3.931061e-02    3.929157e-02    2.100858e-01    1.885362e+01    1.864353e+01    7.760000e-01    9.369214e-05    1.123137e-01    17     1
    389     5.4250    -2.9750    1.878175e-05    3.843331e-02    3.841453e-02    2.101046e-01    1.889205e+01    1.868195e+01    7.780000e-01    9.338250e-05    1.123138e-01     7    31
    390     3.6750     1.2250    1.873186e-05    4.021261e-02    4.019388e-02    2.101234e-01    1.893227e+01    1.872214e+01    7.800000e-01    9.115141e-05    1.123138e-01    19    26
    391    -0.1750     3.3250    1.872439e-05    3.956701e-02    3.954828e-02    2.101421e-01    1.897183e+01    1.876169e+01    7.820000e-01    9.181965e-05    1.123139e-01    25    15
    392     0.1750     0.8750    1.854066e-05    5.716836e-03    5.698295e-03    2.101606e-01    1.897755e+01    1.876739e+01    7.840000e-01    2.108067e-04    1.123140e-01    18    16
    393    -4.3750     0.8750    1.852613e-05    3.991428e-02    3.989575e-02    2.101792e-01    1.901746e+01    1.880728e+01    7.860000e-01    9.047065e-05    1.123141e-01    18     3
    394     5.4250     2.9750    1.850902e-05    3.845222e-02    3.843371e-02    2.101977e-01    1.905592e+01    1.884572e+01    7.880000e-01    9.200531e-05    1.123141e-01    24    31
    395     1.9250    -2.9750    1.841350e-05    3.924278e-02    3.922436e-02    2.102161e-01    1.909516e+01    1.888494e+01    7.900000e-01    9.064951e-05    1.123142e-01     7    21
    396     1.5750     2.2750    1.836306e-05    3.973721e-02    3.971885e-02    2.102344e-01    1.913490e+01    1.892466e+01    7.920000e-01    8.986444e-05    1.123142e-01    22    20
    397    -0.8750     4.0250    1.831945e-05    3.934908e-02    3.933076e-02    2.102528e-01    1.917424e+01    1.896399e+01    7.940000e-01    9.007068e-05    1.123142e-01    27    13
    398    -5.0750    -0.5250    1.823901e-05    3.931084e-02    3.929260e-02    2.102710e-01    1.921356e+01    1.900328e+01    7.960000e-01    8.971673e-05    1.123143e-01    14     1
    399     3.3250     2.6250    1.805938e-05    3.972548e-02    3.970743e-02    2.102891e-01    1.925328e+01    1.904299e+01    7.980000e-01    8.839105e-05    1.123143e-01    23    25
    400    -3.6750     1.9250    1.779401e-05    4.011004e-02    4.009225e-02    2.103069e-01    1.929339e+01    1.908308e+01    8.000000e-01    8.669404e-05    1.123143e-01    21     5
    401     2.9750    -2.6250    1.775996e-05    3.956090e-02    3.954314e-02    2.103246e-01    1.933295e+01    1.912263e+01    8.020000e-01    8.709773e-05    1.123144e-01     8    24
    402     2.2750    -2.2750    1.758518e-05    4.105040e-02    4.103282e-02    2.103422e-01    1.937400e+01    1.916366e+01    8.040000e-01    8.473632e-05    1.123144e-01     9    22
    403     2.6250    -3.3250    1.757769e-05    3.948943e-02    3.947185e-02    2.103598e-01    1.941349e+01    1.920313e+01    8.060000e-01    8.627819e-05    1.123144e-01     6    23
    404     4.3750    -2.9750    1.754837e-05    3.902761e-02    3.901006e-02    2.103773e-01    1.945252e+01    1.924214e+01    8.080000e-01    8.661752e-05    1.123145e-01     7    28
    405     2.2750    -3.3250    1.742506e-05    3.943435e-02    3.941693e-02    2.103947e-01    1.949195e+01    1.928156e+01    8.100000e-01    8.558598e-05    1.123145e-01     6    22
    406     1.5750     4.0250    1.738965e-05    3.929489e-02    3.927750e-02    2.104121e-01    1.953125e+01    1.932084e+01    8.120000e-01    8.555613e-05    1.123145e-01    27    20
    407    -5.4250    -1.2250    1.725291e-05    3.883056e-02    3.881331e-02    2.104294e-01    1.957008e+01    1.935965e+01    8.140000e-01    8.536463e-05    1.123146e-01    12     0
    408     1.9250     2.2750    1.705021e-05    4.075948e-02    4.074243e-02    2.104464e-01    1.961084e+01    1.940039e+01    8.160000e-01    8.243789e-05    1.123146e-01    22    21
    409    -4.7250     1.9250    1.682557e-05    3.924669e-02    3.922987e-02    2.104633e-01    1.965009e+01    1.943962e+01    8.180000e-01    8.282979e-05    1.123146e-01    21     2
    410     4.7250    -1.5750    1.672763e-05    3.920781e-02    3.919108e-02    2.104800e-01    1.968929e+01    1.947881e+01    8.200000e-01    8.238657e-05    1.123147e-01    11    29
    411     2.6250    -3.6750    1.662432e-05    3.901788e-02    3.900125e-02    2.104966e-01    1.972831e+01    1.951781e+01    8.220000e-01    8.206714e-05    1.123147e-01     5    23
    412     4.0250    -2.9750    1.657065e-05    3.903552e-02    3.901895e-02    2.105132e-01    1.976735e+01    1.955683e+01    8.240000e-01    8.178468e-05    1.123147e-01     7    27
    413     2.2750     4.7250    1.656558e-05    3.891939e-02    3.890283e-02    2.105298e-01    1.980627e+01    1.959574e+01    8.260000e-01    8.187551e-05    1.123147e-01    29    22
    414    -5.4250     1.2250    1.655952e-05    3.884901e-02    3.883245e-02    2.105463e-01    1.984512e+01    1.963457e+01    8.280000e-01    8.191606e-05    1.123148e-01    19     0
    415    -0.8750    -4.0250    1.654398e-05    3.935393e-02    3.933739e-02    2.105629e-01    1.988447e+01    1.967391e+01    8.300000e-01    8.133825e-05    1.123148e-01     4    13
    416     4.0250     2.9750    1.649182e-05    3.902415e-02    3.900766e-02    2.105793e-01    1.992349e+01    1.971291e+01    8.320000e-01    8.140697e-05    1.123148e-01    24    27
    417    -0.8750    -3.6750    1.622816e-05    3.895610e-02    3.893987e-02    2.105956e-01    1.996245e+01    1.975185e+01    8.340000e-01    8.017221e-05    1.123149e-01     5    13
    418    -1.5750    -3.3250    1.618285e-05    3.894281e-02    3.892663e-02    2.106118e-01    2.000139e+01    1.979078e+01    8.360000e-01    7.996141e-05    1.123149e-01     6    11
    419     1.9250     4.7250    1.600478e-05    3.892730e-02    3.891130e-02    2.106278e-01    2.004032e+01    1.982969e+01    8.380000e-01    7.909668e-05    1.123149e-01    29    21
    420     1.2250     2.2750    1.586296e-05    3.947139e-02    3.945552e-02    2.106436e-01    2.007979e+01    1.986915e+01    8.400000e-01    7.788015e-05    1.123149e-01    22    19
    421     1.9250    -4.7250    1.584434e-05    3.893505e-02    3.891921e-02    2.106595e-01    2.011873e+01    1.990807e+01    8.420000e-01    7.829654e-05    1.123150e-01     2    21
    422    -2.9750     2.2750    1.581219e-05    3.960852e-02    3.959271e-02    2.106753e-01    2.015833e+01    1.994766e+01    8.440000e-01    7.750296e-05    1.123150e-01    22     7
    423     0.8750     2.2750    1.574527e-05    4.005668e-02    4.004093e-02    2.106910e-01    2.019839e+01    1.998770e+01    8.460000e-01    7.676288e-05    1.123150e-01    22    18
    424     0.5250     0.5250    1.566850e-05    3.078540e-03    3.062871e-03    2.107067e-01    2.020147e+01    1.999076e+01    8.480000e-01    2.195276e-04    1.123152e-01    17    17
    425     0.1750    -3.3250    1.564451e-05    3.939923e-02    3.938358e-02    2.107223e-01    2.024087e+01    2.003015e+01    8.500000e-01    7.687477e-05    1.123153e-01     6    16
    426    -0.1750    -3.3250    1.564385e-05    3.939273e-02    3.937708e-02    2.107380e-01    2.028026e+01    2.006952e+01    8.520000e-01    7.687758e-05    1.123153e-01     6    15
    427     2.2750    -4.7250    1.556295e-05    3.889308e-02    3.887751e-02    2.107535e-01    2.031915e+01    2.010840e+01    8.540000e-01    7.694570e-05    1.123153e-01     2    22
    428    -4.0250     2.6250    1.555681e-05    3.901361e-02    3.899805e-02    2.107691e-01    2.035817e+01    2.014740e+01    8.560000e-01    7.680230e-05    1.123153e-01    23     4
    429     0.1750     3.3250    1.551573e-05    3.957021e-02    3.955469e-02    2.107846e-01    2.039774e+01    2.018695e+01    8.580000e-01    7.608516e-05    1.123154e-01    25    16
    430     4.0250     2.2750    1.544184e-05    3.923431e-02    3.921887e-02    2.108001e-01    2.043697e+01    2.022617e+01    8.600000e-01    7.603061e-05    1.123154e-01    22    27
    431    -2.9750    -2.2750    1.529646e-05    3.958123e-02    3.956593e-02    2.108154e-01    2.047655e+01    2.026574e+01    8.620000e-01    7.500020e-05    1.123154e-01     9     7
    432    -0.5250    -4.0250    1.520197e-05    3.931850e-02    3.930329e-02    2.108306e-01    2.051587e+01    2.030504e+01    8.640000e-01    7.477349e-05    1.123154e-01     4    14
    433    -4.0250    -2.6250    1.516962e-05    3.901032e-02    3.899515e-02    2.108457e-01    2.055488e+01    2.034404e+01    8.660000e-01    7.489414e-05    1.123155e-01     8     4
    434     1.2250     4.0250    1.516671e-05    3.936622e-02    3.935105e-02    2.108609e-01    2.059425e+01    2.038339e+01    8.680000e-01    7.455706e-05    1.123155e-01    27    19
    435    -0.5250     4.0250    1.496745e-05    3.928151e-02    3.926655e-02    2.108759e-01    2.063353e+01    2.042265e+01    8.700000e-01    7.365312e-05    1.123155e-01    27    14
    436     0.5250     3.6750    1.491154e-05    3.878354e-02    3.876863e-02    2.108908e-01    2.067231e+01    2.046142e+01    8.720000e-01    7.382454e-05    1.123155e-01    26    17
    437    -1.5750     3.3250    1.487082e-05    3.894065e-02    3.892577e-02    2.109056e-01    2.071125e+01    2.050035e+01    8.740000e-01    7.348162e-05    1.123156e-01    25    11
    438    -4.7250    -1.9250    1.483681e-05    3.924193e-02    3.922709e-02    2.109205e-01    2.075050e+01    2.053958e+01    8.760000e-01    7.304541e-05    1.123156e-01    10     2
    439     4.3750    -2.2750    1.478582e-05    3.910202e-02    3.908723e-02    2.109353e-01    2.078960e+01    2.057866e+01    8.780000e-01    7.291817e-05    1.123156e-01     9    28
    440    -1.5750     3.6750    1.478137e-05    3.930056e-02    3.928578e-02    2.109501e-01    2.082890e+01    2.061795e+01    8.800000e-01    7.272084e-05    1.123156e-01    26    11
    441     5.4250     1.9250    1.469903e-05    3.863528e-02    3.862058e-02    2.109648e-01    2.086753e+01    2.065657e+01    8.820000e-01    7.290519e-05    1.123157e-01    21    31
    442    -3.6750    -1.9250    1.465914e-05    4.007300e-02    4.005834e-02    2.109794e-01    2.090761e+01    2.069663e+01    8.840000e-01    7.145476e-05    1.123157e-01    10     5
    443     2.6250     3.3250    1.457309e-05    3.951767e-02    3.950310e-02    2.109940e-01    2.094713e+01    2.073613e+01    8.860000e-01    7.150869e-05    1.123157e-01    25    23
    444    -2.9750    -1.9250    1.444391e-05    4.010729e-02    4.009285e-02    2.110084e-01    2.098723e+01    2.077622e+01    8.880000e-01    7.037712e-05    1.123157e-01    10     7
    445     2.6250    -2.2750    1.438182e-05    4.015820e-02    4.014382e-02    2.110228e-01    2.102739e+01    2.081637e+01    8.900000e-01    7.003238e-05    1.123158e-01     9    23
    446     2.9750     1.9250    1.434236e-05    4.039845e-02    4.038411e-02    2.110372e-01    2.106779e+01    2.085675e+01    8.920000e-01    6.964216e-05    1.123158e-01    21    24
    447    -4.0250    -2.2750    1.430896e-05    3.913383e-02    3.911952e-02    2.110515e-01    2.110692e+01    2.089587e+01    8.940000e-01    7.053960e-05    1.123158e-01     9     4
    448     2.9750    -3.3250    1.427374e-05    3.918696e-02    3.917268e-02    2.110657e-01    2.114611e+01    2.093504e+01    8.960000e-01    7.032060e-05    1.123158e-01     6    24
    449    -1.2250    -1.9250    1.413933e-05    4.464221e-02    4.462807e-02    2.110799e-01    2.119075e+01    2.097967e+01    8.980000e-01    6.545964e-05    1.123158e-01    10    12
    450     1.5750    -4.7250    1.407670e-05    3.888921e-02    3.887513e-02    2.110939e-01    2.122964e+01    2.101855e+01    9.000000e-01    6.960201e-05    1.123159e-01     2    20
    451    -5.4250     2.6250    1.406369e-05    3.851233e-02    3.849827e-02    2.111080e-01    2.126815e+01    2.105705e+01    9.020000e-01    6.986027e-05    1.123159e-01    23     0
    452     5.4250     3.3250    1.398138e-05    3.823574e-02    3.822176e-02    2.111220e-01    2.130639e+01    2.109527e+01    9.040000e-01    6.968972e-05    1.123159e-01    25    31
    453    -0.8750     3.6750    1.390617e-05    3.888455e-02    3.887064e-02    2.111359e-01    2.134527e+01    2.113414e+01    9.060000e-01    6.876290e-05    1.123159e-01    26    13
    454     4.7250     1.5750    1.383892e-05    3.919849e-02    3.918465e-02    2.111497e-01    2.138447e+01    2.117332e+01    9.080000e-01    6.816929e-05    1.123159e-01    20    29
    455     1.5750     4.7250    1.376008e-05    3.886134e-02    3.884758e-02    2.111635e-01    2.142333e+01    2.121217e+01    9.100000e-01    6.805992e-05    1.123160e-01    29    20
    456     0.5250    -3.6750    1.360498e-05    3.882141e-02    3.880781e-02    2.111771e-01    2.146216e+01    2.125098e+01    9.120000e-01    6.732582e-05    1.123160e-01     5    17
    457    -4.0250     2.2750    1.358104e-05    3.917267e-02    3.915909e-02    2.111907e-01    2.150133e+01    2.129014e+01    9.140000e-01    6.692015e-05    1.123160e-01    22     4
    458    -4.3750     2.6250    1.355938e-05    3.913591e-02    3.912235e-02    2.112042e-01    2.154046e+01    2.132926e+01    9.160000e-01    6.684329e-05    1.123160e-01    23     3
    459     0.5250    -1.9250    1.355615e-05    4.738485e-02    4.737129e-02    2.112178e-01    2.158785e+01    2.137663e+01    9.180000e-01    6.099300e-05    1.123160e-01    10    17
    460    -2.9750     1.9250    1.351918e-05    4.023931e-02    4.022579e-02    2.112313e-01    2.162809e+01    2.141686e+01    9.200000e-01    6.576917e-05    1.123161e-01    21     7
    461    -4.3750    -0.5250    1.351339e-05    4.011876e-02    4.010525e-02    2.112448e-01    2.166821e+01    2.145696e+01    9.220000e-01    6.583498e-05    1.123161e-01    14     3
    462     2.6250     4.7250    1.346283e-05    3.878950e-02    3.877604e-02    2.112583e-01    2.170700e+01    2.149574e+01    9.240000e-01    6.664851e-05    1.123161e-01    29    23
    463     1.9250     4.0250    1.334058e-05    3.909774e-02    3.908440e-02    2.112716e-01    2.174609e+01    2.153482e+01    9.260000e-01    6.579537e-05    1.123161e-01    27    21
    464    -2.9750     1.2250    1.329744e-05    4.464686e-02    4.463356e-02    2.112849e-01    2.179074e+01    2.157946e+01    9.280000e-01    6.155950e-05    1.123161e-01    19     7
    465     1.9250    -3.3250    1.314143e-05    3.912759e-02    3.911445e-02    2.112981e-01    2.182987e+01    2.161857e+01    9.300000e-01    6.478982e-05    1.123162e-01     6    21
    466    -1.5750    -3.6750    1.306631e-05    3.935555e-02    3.934249e-02    2.113111e-01    2.186922e+01    2.165791e+01    9.320000e-01    6.424178e-05    1.123162e-01     5    11
    467     2.2750     3.3250    1.294794e-05    3.938305e-02    3.937011e-02    2.113241e-01    2.190861e+01    2.169728e+01    9.340000e-01    6.363873e-05    1.123162e-01    25    22
    468     3.3250    -2.6250    1.294778e-05    3.968804e-02    3.967509e-02    2.113370e-01    2.194830e+01    2.173696e+01    9.360000e-01    6.340482e-05    1.123162e-01     8    25
    469    -4.3750     0.5250    1.293604e-05    4.014263e-02    4.012969e-02    2.113500e-01    2.198844e+01    2.177709e+01    9.380000e-01    6.300486e-05    1.123162e-01    17     3
    470     2.9750     3.3250    1.290420e-05    3.925765e-02    3.924474e-02    2.113629e-01    2.202770e+01    2.181633e+01    9.400000e-01    6.352005e-05    1.123162e-01    25    24
    471    -5.4250    -2.6250    1.289682e-05    3.850382e-02    3.849092e-02    2.113758e-01    2.206620e+01    2.185482e+01    9.420000e-01    6.407160e-05    1.123163e-01     8     0
    472     1.5750    -4.0250    1.276079e-05    3.922403e-02    3.921127e-02    2.113885e-01    2.210542e+01    2.189403e+01    9.440000e-01    6.283985e-05    1.123163e-01     4    20
    473    -1.9250     1.5750    1.267024e-05    4.875915e-02    4.874648e-02    2.114012e-01    2.215418e+01    2.194278e+01    9.460000e-01    5.623071e-05    1.123163e-01    20    10
    474    -1.9250    -1.5750    1.263857e-05    4.725629e-02    4.724365e-02    2.114138e-01    2.220144e+01    2.199002e+01    9.480000e-01    5.693919e-05    1.123163e-01    11    10
    475    -5.0750     0.8750    1.260256e-05    3.930571e-02    3.929310e-02    2.114264e-01    2.224074e+01    2.202932e+01    9.500000e-01    6.199942e-05    1.123163e-01    18     1
    476    -5.4250    -0.8750    1.256639e-05    3.894787e-02    3.893530e-02    2.114390e-01    2.227969e+01    2.206825e+01    9.520000e-01    6.209096e-05    1.123163e-01    13     0
    477    -5.0750    -2.6250    1.250971e-05    3.855678e-02    3.854427e-02    2.114515e-01    2.231825e+01    2.210680e+01    9.540000e-01    6.210814e-05    1.123164e-01     8     1
    478     2.6250    -4.3750    1.245160e-05    3.893725e-02    3.892480e-02    2.114640e-01    2.235719e+01    2.214572e+01    9.560000e-01    6.153180e-05    1.123164e-01     3    23
    479     5.4250    -3.3250    1.244850e-05    3.818999e-02    3.817754e-02    2.114764e-01    2.239538e+01    2.218390e+01    9.580000e-01    6.208557e-05    1.123164e-01     6    31
    480    -0.5250     0.5250    1.234000e-05    4.050386e-03    4.038046e-03    2.114888e-01    2.239943e+01    2.218794e+01    9.600000e-01    1.584824e-04    1.123165e-01    17    14
    481    -5.0750     2.6250    1.225953e-05    3.857610e-02    3.856384e-02    2.115010e-01    2.243800e+01    2.222650e+01    9.620000e-01    6.085174e-05    1.123165e-01    23     1
    482    -0.5250    -0.5250    1.216490e-05    4.879656e-03    4.867491e-03    2.115132e-01    2.244288e+01    2.223137e+01    9.640000e-01    1.465350e-04    1.123166e-01    14    14
    483    -5.4250     0.8750    1.200227e-05    3.896138e-02    3.894938e-02    2.115252e-01    2.248184e+01    2.227032e+01    9.660000e-01    5.929422e-05    1.123166e-01    18     0
    484    -1.2250     1.9250    1.196670e-05    4.617992e-02    4.616795e-02    2.115372e-01    2.252802e+01    2.231649e+01    9.680000e-01    5.451143e-05    1.123167e-01    21    12
    485     2.9750    -4.3750    1.196094e-05    3.887768e-02    3.886572e-02    2.115491e-01    2.256690e+01    2.235535e+01    9.700000e-01    5.915053e-05    1.123167e-01     3    24
    486    -5.0750     2.9750    1.195189e-05    3.849308e-02    3.848113e-02    2.115611e-01    2.260539e+01    2.239383e+01    9.720000e-01    5.938573e-05    1.123167e-01    24     1
    487    -4.3750    -2.6250    1.182132e-05    3.912870e-02    3.911688e-02    2.115729e-01    2.264452e+01    2.243295e+01    9.740000e-01    5.828153e-05    1.123167e-01     8     3
    488     4.3750     2.2750    1.178905e-05    3.909410e-02    3.908232e-02    2.115847e-01    2.268362e+01    2.247203e+01    9.760000e-01    5.814693e-05    1.123167e-01    22    28
    489     2.6250    -4.7250    1.177299e-05    3.873677e-02    3.872500e-02    2.115965e-01    2.272235e+01    2.251076e+01    9.780000e-01    5.832179e-05    1.123167e-01     2    23
    490     5.4250    -1.9250    1.175949e-05    3.861725e-02    3.860549e-02    2.116082e-01    2.276097e+01    2.254936e+01    9.800000e-01    5.834051e-05    1.123167e-01    10    31
    491     1.2250    -4.7250    1.174822e-05    3.881696e-02    3.880521e-02    2.116200e-01    2.279979e+01    2.258817e+01    9.820000e-01    5.814191e-05    1.123168e-01     2    19
    492    -1.5750     1.5750    1.164503e-05    5.635083e-02    5.633918e-02    2.116316e-01    2.285614e+01    2.264451e+01    9.840000e-01    4.820295e-05    1.123168e-01    20    11
    493    -5.0750    -0.8750    1.157543e-05    3.930435e-02    3.929277e-02    2.116432e-01    2.289544e+01    2.268380e+01    9.860000e-01    5.694799e-05    1.123168e-01    13     1
    494     5.4250    -2.6250    1.155425e-05    3.850930e-02    3.849775e-02    2.116547e-01    2.293395e+01    2.272230e+01    9.880000e-01    5.739873e-05    1.123168e-01     8    31
    495    -5.0750    -2.9750    1.150687e-05    3.848745e-02    3.847594e-02    2.116662e-01    2.297244e+01    2.276077e+01    9.900000e-01    5.717885e-05    1.123168e-01     7     1
    496     1.2250     4.7250    1.145675e-05    3.878775e-02    3.877629e-02    2.116777e-01    2.301123e+01    2.279955e+01    9.920000e-01    5.671990e-05    1.123168e-01    29    19
    497    -1.2250     4.0250    1.133920e-05    3.935917e-02    3.934783e-02    2.116890e-01    2.305059e+01    2.283890e+01    9.940000e-01    5.574898e-05    1.123168e-01    27    12
    498     2.2750     2.2750    1.132615e-05    4.116354e-02    4.115221e-02    2.117004e-01    2.309175e+01    2.288005e+01    9.960000e-01    5.450883e-05    1.123169e-01    22    22
    499     1.2250    -4.0250    1.120577e-05    3.933365e-02    3.932244e-02    2.117116e-01    2.313108e+01    2.291937e+01    9.980000e-01    5.511009e-05    1.123169e-01     4    19
    500     0.1750     2.6250    1.119098e-05    3.823101e-02    3.821982e-02    2.117228e-01    2.316932e+01    2.295759e+01    1.000000e+00    5.578624e-05    1.123169e-01    23    16
    501    -1.5750     4.7250    1.118341e-05    3.886957e-02    3.885838e-02    2.117339e-01    2.320818e+01    2.299645e+01    1.002000e+00    5.531141e-05    1.123169e-01    29    11
    502     2.9750     4.3750    1.111553e-05    3.890870e-02    3.889758e-02    2.117451e-01    2.324709e+01    2.303535e+01    1.004000e+00    5.494944e-05    1.123169e-01    28    24
    503     3.3250    -3.3250    1.104501e-05    3.891010e-02    3.889906e-02    2.117561e-01    2.328600e+01    2.307425e+01    1.006000e+00    5.459993e-05    1.123169e-01     6    25
    504    -4.0250     1.2250    1.097981e-05    4.040341e-02    4.039243e-02    2.117671e-01    2.332641e+01    2.311464e+01    1.008000e+00    5.331365e-05    1.123169e-01    19     4
    505     3.3250     3.3250    1.097481e-05    3.893768e-02    3.892671e-02    2.117781e-01    2.336534e+01    2.315357e+01    1.010000e+00    5.423467e-05    1.123169e-01    25    25
    506    -1.5750    -4.7250    1.092800e-05    3.889495e-02    3.888402e-02    2.117890e-01    2.340424e+01    2.319245e+01    1.012000e+00    5.403159e-05    1.123170e-01     2    11
    507    -0.5250     3.3250    1.077818e-05    3.946126e-02    3.945048e-02    2.117998e-01    2.344370e+01    2.323190e+01    1.014000e+00    5.292585e-05    1.123170e-01    25    14
    508    -4.3750    -0.1750    1.066823e-05    4.024618e-02    4.023551e-02    2.118104e-01    2.348395e+01    2.327214e+01    1.016000e+00    5.189720e-05    1.123170e-01    15     3
    509     5.0750    -3.3250    1.064441e-05    3.845085e-02    3.844021e-02    2.118211e-01    2.352240e+01    2.331058e+01    1.018000e+00    5.291765e-05    1.123170e-01     6    30
    510    -4.3750     0.1750    1.049898e-05    4.025372e-02    4.024322e-02    2.118316e-01    2.356265e+01    2.335082e+01    1.020000e+00    5.106938e-05    1.123170e-01    16     3
    511    -4.0250     2.9750    1.049158e-05    3.903984e-02    3.902935e-02    2.118421e-01    2.360169e+01    2.338985e+01    1.022000e+00    5.178243e-05    1.123170e-01    24     4
    512     2.6250     4.3750    1.044984e-05    3.892580e-02    3.891535e-02    2.118525e-01    2.364062e+01    2.342876e+01    1.024000e+00    5.164826e-05    1.123170e-01    28    23
    513    -2.9750    -1.2250    1.041745e-05    4.418277e-02    4.417236e-02    2.118629e-01    2.368480e+01    2.347294e+01    1.026000e+00    4.846992e-05    1.123170e-01    12     7
    514     4.0250    -2.2750    1.035394e-05    3.918238e-02    3.917203e-02    2.118733e-01    2.372398e+01    2.351211e+01    1.028000e+00    5.101469e-05    1.123171e-01     9    27
    515     4.7250     1.2250    1.034686e-05    3.918774e-02    3.917739e-02    2.118836e-01    2.376317e+01    2.355129e+01    1.030000e+00    5.097649e-05    1.123171e-01    19    29
    516    -1.9250     3.3250    1.018888e-05    3.910616e-02    3.909598e-02    2.118938e-01    2.380228e+01    2.359038e+01    1.032000e+00    5.024803e-05    1.123171e-01    25    10
    517     3.6750     3.3250    1.013977e-05    3.894555e-02    3.893541e-02    2.119040e-01    2.384122e+01    2.362932e+01    1.034000e+00    5.010382e-05    1.123171e-01    25    26
    518     2.2750     2.9750    1.011314e-05    3.912382e-02    3.911371e-02    2.119141e-01    2.388035e+01    2.366843e+01    1.036000e+00    4.986386e-05    1.123171e-01    24    22
    519    -2.9750     2.6250    1.008527e-05    3.957847e-02    3.956838e-02    2.119242e-01    2.391992e+01    2.370800e+01    1.038000e+00    4.945389e-05    1.123171e-01    23     7
    520     5.0750     3.3250    1.006662e-05    3.845777e-02    3.844770e-02    2.119342e-01    2.395838e+01    2.374645e+01    1.040000e+00    5.004134e-05    1.123171e-01    25    30
    521     0.5250    -3.3250    1.000127e-05    3.930854e-02    3.929854e-02    2.119442e-01    2.399769e+01    2.378575e+01    1.042000e+00    4.920200e-05    1.123171e-01     6    17
    522     5.4250     2.6250    9.876480e-06    3.851240e-02    3.850253e-02    2.119541e-01    2.403620e+01    2.382425e+01    1.044000e+00    4.906313e-05    1.123171e-01    23    31
    523    -1.2250     1.5750    9.868258e-06    6.023685e-02    6.022698e-02    2.119640e-01    2.409644e+01    2.388448e+01    1.046000e+00    3.955326e-05    1.123171e-01    20    12
    524     2.6250     2.2750    9.806837e-06    4.033183e-02    4.032203e-02    2.119738e-01    2.413677e+01    2.392480e+01    1.048000e+00    4.765902e-05    1.123172e-01    22    23
    525    -1.9250    -4.3750    9.749218e-06    3.879045e-02    3.878070e-02    2.119835e-01    2.417556e+01    2.396358e+01    1.050000e+00    4.826570e-05    1.123172e-01     3    10
    526    -1.9250    -3.3250    9.607386e-06    3.916844e-02    3.915884e-02    2.119931e-01    2.421473e+01    2.400274e+01    1.052000e+00    4.734481e-05    1.123172e-01     6    10
    527    -4.0250    -2.9750    9.485896e-06    3.904669e-02    3.903721e-02    2.120026e-01    2.425378e+01    2.404177e+01    1.054000e+00    4.681544e-05    1.123172e-01     7     4
    528     2.9750     3.6750    9.464593e-06    3.885600e-02    3.884654e-02    2.120121e-01    2.429263e+01    2.408062e+01    1.056000e+00    4.681917e-05    1.123172e-01    26    24
    529     4.3750     1.9250    9.420282e-06    3.913980e-02    3.913038e-02    2.120215e-01    2.433177e+01    2.411975e+01    1.058000e+00    4.643903e-05    1.123172e-01    21    28
    530     2.2750    -4.3750    9.393181e-06    3.886026e-02    3.885087e-02    2.120309e-01    2.437063e+01    2.415860e+01    1.060000e+00    4.646353e-05    1.123172e-01     3    22
    531    -1.5750    -1.5750    9.258618e-06    5.396345e-02    5.395419e-02    2.120402e-01    2.442460e+01    2.421256e+01    1.062000e+00    3.913434e-05    1.123172e-01    11    11
    532    -5.4250    -0.5250    9.245898e-06    3.902875e-02    3.901951e-02    2.120494e-01    2.446363e+01    2.425158e+01    1.064000e+00    4.564109e-05    1.123172e-01    14     0
    533     0.8750     4.7250    9.219815e-06    3.874053e-02    3.873131e-02    2.120586e-01    2.450237e+01    2.429031e+01    1.066000e+00    4.567302e-05    1.123172e-01    29    18
    534    -4.0250    -1.2250    9.206540e-06    4.036967e-02    4.036047e-02    2.120678e-01    2.454274e+01    2.433067e+01    1.068000e+00    4.472205e-05    1.123173e-01    12     4
    535     1.9250    -4.0250    9.152979e-06    3.901782e-02    3.900866e-02    2.120770e-01    2.458175e+01    2.436968e+01    1.070000e+00    4.518848e-05    1.123173e-01     4    21
    536    -1.2250    -4.7250    9.122426e-06    3.882388e-02    3.881476e-02    2.120861e-01    2.462058e+01    2.440849e+01    1.072000e+00    4.514448e-05    1.123173e-01     2    12
    537    -2.9750    -2.6250    9.114689e-06    3.960220e-02    3.959308e-02    2.120952e-01    2.466018e+01    2.444808e+01    1.074000e+00    4.468236e-05    1.123173e-01     8     7
    538    -1.2250    -3.3250    9.106239e-06    3.894455e-02    3.893544e-02    2.121043e-01    2.469912e+01    2.448702e+01    1.076000e+00    4.499795e-05    1.123173e-01     6    12
    539    -1.9250     4.3750    9.095104e-06    3.877772e-02    3.876863e-02    2.121134e-01    2.473790e+01    2.452579e+01    1.078000e+00    4.503475e-05    1.123173e-01    28    10
    540     0.8750    -4.7250    9.094476e-06    3.875953e-02    3.875044e-02    2.121225e-01    2.477666e+01    2.456454e+01    1.080000e+00    4.504169e-05    1.123173e-01     2    18
    541     4.7250    -1.2250    9.046520e-06    3.918475e-02    3.917570e-02    2.121316e-01    2.481585e+01    2.460371e+01    1.082000e+00    4.457237e-05    1.123173e-01    12    29
    542     3.6750    -3.3250    9.034314e-06    3.895959e-02    3.895056e-02    2.121406e-01    2.485481e+01    2.464267e+01    1.084000e+00    4.463437e-05    1.123173e-01     6    26
    543    -1.9250     1.2250    9.033040e-06    6.773286e-02    6.772383e-02    2.121496e-01    2.492254e+01    2.471039e+01    1.086000e+00    3.420480e-05    1.123173e-01    19    10
    544    -1.9250    -2.9750    9.015551e-06    3.918582e-02    3.917681e-02    2.121587e-01    2.496172e+01    2.474957e+01    1.088000e+00    4.441921e-05    1.123173e-01     7    10
    545    -1.9250    -1.2250    8.976359e-06    6.483915e-02    6.483017e-02    2.121676e-01    2.502656e+01    2.481440e+01    1.090000e+00    3.471807e-05    1.123173e-01    12    10
    546    -5.0750    -2.2750    8.970878e-06    3.872899e-02    3.872002e-02    2.121766e-01    2.506529e+01    2.485312e+01    1.092000e+00    4.444627e-05    1.123174e-01     9     1
    547    -5.4250     0.5250    8.921079e-06    3.903658e-02    3.902766e-02    2.121855e-01    2.510433e+01    2.489214e+01    1.094000e+00    4.403364e-05    1.123174e-01    17     0
    548    -1.2250    -4.0250    8.835397e-06    3.932237e-02    3.931353e-02    2.121944e-01    2.514365e+01    2.493146e+01    1.096000e+00    4.345973e-05    1.123174e-01     4    12
    549    -2.2750     2.2750    8.796334e-06    4.110490e-02    4.109611e-02    2.122032e-01    2.518476e+01    2.497255e+01    1.098000e+00    4.236372e-05    1.123174e-01    22     9
    550    -0.1750     4.3750    8.719864e-06    3.910408e-02    3.909536e-02    2.122119e-01    2.522386e+01    2.501165e+01    1.100000e+00    4.300522e-05    1.123174e-01    28    15
    551     0.8750     4.0250    8.656735e-06    3.933158e-02    3.932293e-02    2.122205e-01    2.526319e+01    2.505097e+01    1.102000e+00    4.257627e-05    1.123174e-01    27    18
    552     3.3250     4.3750    8.632305e-06    3.871068e-02    3.870205e-02    2.122292e-01    2.530190e+01    2.508967e+01    1.104000e+00    4.277860e-05    1.123174e-01    28    25
    553     5.0750     3.6750    8.567502e-06    3.833633e-02    3.832777e-02    2.122377e-01    2.534024e+01    2.512800e+01    1.106000e+00    4.265401e-05    1.123174e-01    26    30
    554     1.9250     3.3250    8.512081e-06    3.906425e-02    3.905574e-02    2.122462e-01    2.537930e+01    2.516706e+01    1.108000e+00    4.200092e-05    1.123174e-01    25    21
    555    -2.6250     1.9250    8.438667e-06    4.152763e-02    4.151919e-02    2.122547e-01    2.542083e+01    2.520858e+01    1.110000e+00    4.044355e-05    1.123174e-01    21     8
    556     3.3250    -4.3750    8.424128e-06    3.865881e-02    3.865039e-02    2.122631e-01    2.545949e+01    2.524723e+01    1.112000e+00    4.177367e-05    1.123174e-01     3    25
    557    -1.2250    -1.5750    8.408746e-06    5.825681e-02    5.824840e-02    2.122715e-01    2.551775e+01    2.530548e+01    1.114000e+00    3.425294e-05    1.123174e-01    11    12
    558     1.5750    -3.3250    8.407957e-06    3.892084e-02    3.891243e-02    2.122799e-01    2.555667e+01    2.534439e+01    1.116000e+00    4.155982e-05    1.123174e-01     6    20
    559    -1.9250     1.9250    8.322949e-06    4.132504e-02    4.131672e-02    2.122882e-01    2.559799e+01    2.538570e+01    1.118000e+00    3.998214e-05    1.123175e-01    21    10
    560    -1.9250     2.9750    8.293465e-06    3.930178e-02    3.929348e-02    2.122965e-01    2.563729e+01    2.542500e+01    1.120000e+00    4.080450e-05    1.123175e-01    24    10
    561    -5.0750     2.2750    8.262767e-06    3.876081e-02    3.875255e-02    2.123048e-01    2.567606e+01    2.546375e+01    1.122000e+00    4.092230e-05    1.123175e-01    22     1
    562    -1.2250     4.7250    8.190763e-06    3.879339e-02    3.878520e-02    2.123130e-01    2.571485e+01    2.550254e+01    1.124000e+00    4.054953e-05    1.123175e-01    29    12
    563    -0.8750     5.0750    8.170966e-06    3.889926e-02    3.889109e-02    2.123212e-01    2.575375e+01    2.554143e+01    1.126000e+00    4.039915e-05    1.123175e-01    30    13
    564     2.9750    -1.9250    8.158735e-06    4.024357e-02    4.023541e-02    2.123293e-01    2.579399e+01    2.558166e+01    1.128000e+00    3.969178e-05    1.123175e-01    10    24
    565     4.0250     3.3250    8.036755e-06    3.902998e-02    3.902194e-02    2.123374e-01    2.583302e+01    2.562068e+01    1.130000e+00    3.967232e-05    1.123175e-01    25    27
    566     3.6750    -2.9750    7.862370e-06    3.895462e-02    3.894676e-02    2.123452e-01    2.587198e+01    2.565963e+01    1.132000e+00    3.884725e-05    1.123175e-01     7    26
    567    -1.2250     5.0750    7.838906e-06    3.889344e-02    3.888560e-02    2.123531e-01    2.591087e+01    2.569852e+01    1.134000e+00    3.876029e-05    1.123175e-01    30    12
    568    -0.8750    -5.0750    7.837385e-06    3.889222e-02    3.888438e-02    2.123609e-01    2.594976e+01    2.573740e+01    1.136000e+00    3.875335e-05    1.123175e-01     1    13
    569    -1.9250     4.7250    7.803525e-06    3.892388e-02    3.891608e-02    2.123687e-01    2.598869e+01    2.577632e+01    1.138000e+00    3.857101e-05    1.123175e-01    29    10
    570    -0.1750    -4.3750    7.797756e-06    3.902838e-02    3.902059e-02    2.123765e-01    2.602771e+01    2.581534e+01    1.140000e+00    3.849339e-05    1.123175e-01     3    15
    571     3.3250     5.4250    7.736539e-06    3.814740e-02    3.813966e-02    2.123842e-01    2.606586e+01    2.585348e+01    1.142000e+00    3.860790e-05    1.123175e-01    31    25
    572    -0.5250     4.3750    7.736521e-06    3.906573e-02    3.905799e-02    2.123920e-01    2.610493e+01    2.589253e+01    1.144000e+00    3.817377e-05    1.123175e-01    28    14
    573     0.5250     3.3250    7.718688e-06    3.947868e-02    3.947096e-02    2.123997e-01    2.614441e+01    2.593201e+01    1.146000e+00    3.789576e-05    1.123175e-01    25    17
    574     0.1750    -2.6250    7.715990e-06    3.838255e-02    3.837484e-02    2.124074e-01    2.618279e+01    2.597038e+01    1.148000e+00    3.839311e-05    1.123176e-01     8    16
    575     2.9750    -5.4250    7.692397e-06    3.830351e-02    3.829582e-02    2.124151e-01    2.622109e+01    2.600868e+01    1.150000e+00    3.831323e-05    1.123176e-01     0    24
    576     4.7250     2.9750    7.652489e-06    3.871232e-02    3.870466e-02    2.124227e-01    2.625980e+01    2.604738e+01    1.152000e+00    3.792268e-05    1.123176e-01    24    29
    577    -5.4250    -0.1750    7.624503e-06    3.907072e-02    3.906310e-02    2.124304e-01    2.629887e+01    2.608644e+01    1.154000e+00    3.761881e-05    1.123176e-01    15     0
    578     3.3250    -5.4250    7.602131e-06    3.807762e-02    3.807002e-02    2.124380e-01    2.633695e+01    2.612451e+01    1.156000e+00    3.797023e-05    1.123176e-01     0    25
    579    -5.0750     3.3250    7.595779e-06    3.844743e-02    3.843984e-02    2.124456e-01    2.637540e+01    2.616295e+01    1.158000e+00    3.776470e-05    1.123176e-01    25     1
    580    -1.5750     2.2750    7.584149e-06    3.984977e-02    3.984219e-02    2.124532e-01    2.641525e+01    2.620280e+01    1.160000e+00    3.706986e-05    1.123176e-01    22    11
    581     5.0750    -3.6750    7.538326e-06    3.830260e-02    3.829507e-02    2.124607e-01    2.645355e+01    2.624109e+01    1.162000e+00    3.754635e-05    1.123176e-01     5    30
    582     2.9750     4.7250    7.527065e-06    3.857939e-02    3.857186e-02    2.124682e-01    2.649213e+01    2.627966e+01    1.164000e+00    3.736222e-05    1.123176e-01    29    24
    583    -5.4250     0.1750    7.523620e-06    3.907343e-02    3.906591e-02    2.124757e-01    2.653120e+01    2.631873e+01    1.166000e+00    3.711988e-05    1.123176e-01    16     0
    584     4.7250    -3.6750    7.517458e-06    3.844167e-02    3.843416e-02    2.124833e-01    2.656965e+01    2.635716e+01    1.168000e+00    3.737800e-05    1.123176e-01     5    29
    585    -4.0250    -1.9250    7.492152e-06    3.950394e-02    3.949644e-02    2.124908e-01    2.660915e+01    2.639666e+01    1.170000e+00    3.677246e-05    1.123176e-01    10     4
    586    -2.2750    -2.2750    7.463233e-06    4.095770e-02    4.095023e-02    2.124982e-01    2.665011e+01    2.643761e+01    1.172000e+00    3.600550e-05    1.123176e-01     9     9
    587     0.1750     3.6750    7.456477e-06    3.874641e-02    3.873896e-02    2.125057e-01    2.668885e+01    2.647635e+01    1.174000e+00    3.693595e-05    1.123176e-01    26    16
    588    -0.1750    -4.0250    7.447015e-06    3.927420e-02    3.926676e-02    2.125131e-01    2.672813e+01    2.651562e+01    1.176000e+00    3.665251e-05    1.123176e-01     4    15
    589    -1.5750    -2.2750    7.432391e-06    3.994549e-02    3.993806e-02    2.125206e-01    2.676807e+01    2.655555e+01    1.178000e+00    3.628670e-05    1.123176e-01     9    11
    590    -0.1750    -0.1750    7.392895e-06    2.235460e-04    2.161531e-04    2.125279e-01    2.676830e+01    2.655577e+01    1.180000e+00    1.565203e-04    1.123178e-01    15    15
    591     0.5250     2.9750    7.391195e-06    4.002547e-02    4.001808e-02    2.125353e-01    2.680832e+01    2.659579e+01    1.182000e+00    3.605124e-05    1.123178e-01    24    17
    592    -1.9250    -1.9250    7.359359e-06    4.108936e-02    4.108200e-02    2.125427e-01    2.684941e+01    2.663687e+01    1.184000e+00    3.545013e-05    1.123178e-01    10    10
    593     2.9750    -3.6750    7.343137e-06    3.883559e-02    3.882825e-02    2.125500e-01    2.688825e+01    2.667570e+01    1.186000e+00    3.633483e-05    1.123178e-01     5    24
    594     4.7250     3.6750    7.213417e-06    3.844400e-02    3.843679e-02    2.125573e-01    2.692669e+01    2.671414e+01    1.188000e+00    3.586536e-05    1.123178e-01    26    29
    595    -0.5250    -3.3250    7.182748e-06    3.928624e-02    3.927905e-02    2.125644e-01    2.696598e+01    2.675341e+01    1.190000e+00    3.534681e-05    1.123178e-01     6    14
    596     2.9750     5.4250    7.105199e-06    3.833689e-02    3.832978e-02    2.125715e-01    2.700432e+01    2.679174e+01    1.192000e+00    3.537422e-05    1.123178e-01    31    24
    597     5.0750     2.6250    7.054327e-06    3.860465e-02    3.859760e-02    2.125786e-01    2.704292e+01    2.683034e+01    1.194000e+00    3.500499e-05    1.123178e-01    23    30
    598     4.0250    -2.6250    7.007819e-06    3.899546e-02    3.898846e-02    2.125856e-01    2.708192e+01    2.686933e+01    1.196000e+00    3.460811e-05    1.123178e-01     8    27
    599     2.2750     4.3750    6.937838e-06    3.883057e-02    3.882364e-02    2.125925e-01    2.712075e+01    2.690815e+01    1.198000e+00    3.433164e-05    1.123178e-01    28    22
    600    -0.1750    -2.6250    6.925666e-06    3.840121e-02    3.839429e-02    2.125995e-01    2.715915e+01    2.694655e+01    1.200000e+00    3.445300e-05    1.123178e-01     8    15
    601    -3.3250     2.6250    6.913987e-06    3.969264e-02    3.968572e-02    2.126064e-01    2.719884e+01    2.698623e+01    1.202000e+00    3.385812e-05    1.123178e-01    23     6
    602     4.3750    -1.9250    6.881554e-06    3.912185e-02    3.911497e-02    2.126133e-01    2.723796e+01    2.702535e+01    1.204000e+00    3.393234e-05    1.123178e-01    10    28
    603    -5.0750    -3.3250    6.829594e-06    3.843334e-02    3.842651e-02    2.126201e-01    2.727640e+01    2.706378e+01    1.206000e+00    3.396162e-05    1.123178e-01     6     1
    604    -2.2750     4.3750    6.825441e-06    3.884418e-02    3.883736e-02    2.126269e-01    2.731524e+01    2.710261e+01    1.208000e+00    3.376987e-05    1.123178e-01    28     9
    605     0.1750    -4.3750    6.810732e-06    3.903003e-02    3.902321e-02    2.126337e-01    2.735427e+01    2.714164e+01    1.210000e+00    3.362071e-05    1.123178e-01     3    16
    606    -0.8750     1.9250    6.770499e-06    4.842230e-02    4.841553e-02    2.126405e-01    2.740269e+01    2.719005e+01    1.212000e+00    3.014950e-05    1.123178e-01    21    13
    607    -1.9250    -4.7250    6.687039e-06    3.892661e-02    3.891992e-02    2.126472e-01    2.744162e+01    2.722897e+01    1.214000e+00    3.305183e-05    1.123178e-01     2    10
    608    -1.2250    -5.0750    6.669813e-06    3.886652e-02    3.885985e-02    2.126539e-01    2.748048e+01    2.726783e+01    1.216000e+00    3.299092e-05    1.123179e-01     1    12
    609    -1.2250     3.3250    6.653571e-06    3.903262e-02    3.902597e-02    2.126605e-01    2.751952e+01    2.730686e+01    1.218000e+00    3.284392e-05    1.123179e-01    25    12
    610     0.5250     4.7250    6.623773e-06    3.872093e-02    3.871431e-02    2.126671e-01    2.755824e+01    2.734557e+01    1.220000e+00    3.282171e-05    1.123179e-01    29    17
    611    -4.0250     1.9250    6.525765e-06    3.956904e-02    3.956251e-02    2.126737e-01    2.759781e+01    2.738513e+01    1.222000e+00    3.200460e-05    1.123179e-01    21     4
    612    -2.9750    -1.5750    6.502797e-06    4.142395e-02    4.141745e-02    2.126802e-01    2.763923e+01    2.742655e+01    1.224000e+00    3.120348e-05    1.123179e-01    11     7
    613     0.1750     4.3750    6.496476e-06    3.910431e-02    3.909781e-02    2.126867e-01    2.767834e+01    2.746565e+01    1.226000e+00    3.204054e-05    1.123179e-01    28    16
    614    -0.1750     0.1750    6.365129e-06    2.142450e-04    2.078799e-04    2.126930e-01    2.767855e+01    2.746586e+01    1.228000e+00    1.350738e-04    1.123180e-01    16    15
    615    -2.2750    -4.3750    6.334985e-06    3.887101e-02    3.886467e-02    2.126994e-01    2.771742e+01    2.750472e+01    1.230000e+00    3.133317e-05    1.123180e-01     3     9
    616     2.2750     4.0250    6.326286e-06    3.887122e-02    3.886489e-02    2.127057e-01    2.775629e+01    2.754359e+01    1.232000e+00    3.129006e-05    1.123180e-01    27    22
    617     3.6750     2.6250    6.314124e-06    3.932130e-02    3.931499e-02    2.127120e-01    2.779561e+01    2.758290e+01    1.234000e+00    3.105939e-05    1.123180e-01    23    26
    618    -5.4250     2.9750    6.297772e-06    3.840892e-02    3.840262e-02    2.127183e-01    2.783402e+01    2.762130e+01    1.236000e+00    3.132669e-05    1.123180e-01    24     0
    619    -0.1750     4.0250    6.227026e-06    3.922110e-02    3.921487e-02    2.127245e-01    2.787324e+01    2.766052e+01    1.238000e+00    3.066818e-05    1.123180e-01    27    15
    620    -1.2250     2.9750    6.216726e-06    4.022202e-02    4.021580e-02    2.127307e-01    2.791347e+01    2.770073e+01    1.240000e+00    3.025243e-05    1.123180e-01    24    12
    621     3.6750     2.9750    6.209837e-06    3.897534e-02    3.896913e-02    2.127369e-01    2.795244e+01    2.773970e+01    1.242000e+00    3.067510e-05    1.123180e-01    24    26
    622     0.8750    -3.3250    6.197534e-06    3.913758e-02    3.913138e-02    2.127431e-01    2.799158e+01    2.777884e+01    1.244000e+00    3.055391e-05    1.123180e-01     6    18
    623    -0.5250    -5.0750    6.191540e-06    3.888788e-02    3.888169e-02    2.127493e-01    2.803047e+01    2.781772e+01    1.246000e+00    3.061742e-05    1.123180e-01     1    14
    624     2.6250    -5.4250    6.179947e-06    3.838061e-02    3.837443e-02    2.127555e-01    2.806885e+01    2.785609e+01    1.248000e+00    3.075141e-05    1.123180e-01     0    23
    625    -2.6250    -1.9250    6.158672e-06    4.133364e-02    4.132748e-02    2.127617e-01    2.811018e+01    2.789742e+01    1.250000e+00    2.958310e-05    1.123180e-01    10     8
    626     4.0250    -3.3250    6.132574e-06    3.901538e-02    3.900925e-02    2.127678e-01    2.814920e+01    2.793643e+01    1.252000e+00    3.027868e-05    1.123180e-01     6    27
    627    -1.5750    -1.9250    6.066088e-06    4.192089e-02    4.191483e-02    2.127739e-01    2.819112e+01    2.797834e+01    1.254000e+00    2.894297e-05    1.123180e-01    10    11
    628     2.2750    -2.9750    6.032076e-06    3.911507e-02    3.910904e-02    2.127799e-01    2.823023e+01    2.801745e+01    1.256000e+00    2.974640e-05    1.123180e-01     7    22
    629     0.8750    -4.0250    5.992073e-06    3.934067e-02    3.933468e-02    2.127859e-01    2.826957e+01    2.805679e+01    1.258000e+00    2.946842e-05    1.123180e-01     4    18
    630    -1.5750    -4.3750    5.967485e-06    3.877256e-02    3.876659e-02    2.127919e-01    2.830835e+01    2.809555e+01    1.260000e+00    2.955123e-05    1.123180e-01     3    11
    631     0.5250    -4.7250    5.964828e-06    3.872827e-02    3.872231e-02    2.127978e-01    2.834707e+01    2.813428e+01    1.262000e+00    2.955413e-05    1.123180e-01     2    17
    632     1.2250    -3.3250    5.964375e-06    3.895901e-02    3.895305e-02    2.128038e-01    2.838603e+01    2.817323e+01    1.264000e+00    2.946854e-05    1.123180e-01     6    19
    633    -5.0750     1.2250    5.962455e-06    3.927187e-02    3.926591e-02    2.128098e-01    2.842530e+01    2.821249e+01    1.266000e+00    2.934720e-05    1.123180e-01    19     1
    634     1.5750     5.0750    5.955126e-06    3.884855e-02    3.884259e-02    2.128157e-01    2.846415e+01    2.825134e+01    1.268000e+00    2.946259e-05    1.123180e-01    30    20
    635     0.1750    -2.9750    5.940313e-06    4.000198e-02    3.999604e-02    2.128217e-01    2.850415e+01    2.829133e+01    1.270000e+00    2.898303e-05    1.123180e-01     7    16
    636     4.3750     4.0250    5.920763e-06    3.843567e-02    3.842975e-02    2.128276e-01    2.854259e+01    2.832976e+01    1.272000e+00    2.944175e-05    1.123180e-01    27    28
    637    -2.2750    -4.0250    5.917514e-06    3.881122e-02    3.880531e-02    2.128335e-01    2.858140e+01    2.836857e+01    1.274000e+00    2.928991e-05    1.123180e-01     4     9
    638    -0.5250    -4.3750    5.905766e-06    3.898749e-02    3.898158e-02    2.128394e-01    2.862039e+01    2.840755e+01    1.276000e+00    2.916885e-05    1.123181e-01     3    14
    639     2.9750    -4.7250    5.882248e-06    3.853145e-02    3.852556e-02    2.128453e-01    2.865892e+01    2.844608e+01    1.278000e+00    2.921567e-05    1.123181e-01     2    24
    640    -2.9750     1.5750    5.814847e-06    4.166671e-02    4.166090e-02    2.128511e-01    2.870059e+01    2.848774e+01    1.280000e+00    2.782493e-05    1.123181e-01    20     7
    641    -1.5750     1.9250    5.810764e-06    4.284410e-02    4.283829e-02    2.128569e-01    2.874343e+01    2.853057e+01    1.282000e+00    2.743800e-05    1.123181e-01    21    11
    642     3.6750     5.4250    5.798985e-06    3.781322e-02    3.780743e-02    2.128627e-01    2.878124e+01    2.856838e+01    1.284000e+00    2.906074e-05    1.123181e-01    31    26
    643     0.1750    -0.5250    5.734109e-06    8.858690e-04    8.801349e-04    2.128684e-01    2.878213e+01    2.856926e+01    1.286000e+00    1.066342e-04    1.123181e-01    14    16
    644    -0.5250     5.0750    5.719878e-06    3.888171e-02    3.887600e-02    2.128742e-01    2.882101e+01    2.860814e+01    1.288000e+00    2.828732e-05    1.123181e-01    30    14
    645     1.9250    -4.3750    5.604907e-06    3.877927e-02    3.877367e-02    2.128798e-01    2.885979e+01    2.864691e+01    1.290000e+00    2.775357e-05    1.123181e-01     3    21
    646     4.3750    -4.0250    5.579605e-06    3.843272e-02    3.842714e-02    2.128853e-01    2.889822e+01    2.868534e+01    1.292000e+00    2.774642e-05    1.123181e-01     4    28
    647     0.1750    -3.6750    5.574680e-06    3.876723e-02    3.876166e-02    2.128909e-01    2.893699e+01    2.872410e+01    1.294000e+00    2.760798e-05    1.123181e-01     5    16
    648    -3.3250    -2.6250    5.524336e-06    3.964653e-02    3.964100e-02    2.128964e-01    2.897664e+01    2.876374e+01    1.296000e+00    2.706836e-05    1.123181e-01     8     6
    649     1.9250     5.0750    5.446894e-06    3.873935e-02    3.873390e-02    2.129019e-01    2.901538e+01    2.880248e+01    1.298000e+00    2.698440e-05    1.123181e-01    30    21
    650    -4.7250     2.2750    5.446769e-06    3.915229e-02    3.914684e-02    2.129073e-01    2.905453e+01    2.884162e+01    1.300000e+00    2.684808e-05    1.123181e-01    22     2
    651     3.6750     4.3750    5.436654e-06    3.848528e-02    3.847984e-02    2.129128e-01    2.909301e+01    2.888010e+01    1.302000e+00    2.701805e-05    1.123181e-01    28    26
    652     4.0250    -4.0250    5.407418e-06    3.850201e-02    3.849661e-02    2.129182e-01    2.913152e+01    2.891860e+01    1.304000e+00    2.686722e-05    1.123181e-01     4    27
    653    -5.4250    -2.9750    5.351445e-06    3.838227e-02    3.837691e-02    2.129235e-01    2.916990e+01    2.895698e+01    1.306000e+00    2.662852e-05    1.123182e-01     7     0
    654     4.7250    -2.9750    5.308765e-06    3.867321e-02    3.866790e-02    2.129288e-01    2.920857e+01    2.899564e+01    1.308000e+00    2.632152e-05    1.123182e-01     7    29
    655    -2.2750    -5.4250    5.267703e-06    3.838788e-02    3.838261e-02    2.129341e-01    2.924696e+01    2.903403e+01    1.310000e+00    2.621002e-05    1.123182e-01     0     9
    656    -2.2750     4.0250    5.254310e-06    3.884681e-02    3.884156e-02    2.129394e-01    2.928581e+01    2.907287e+01    1.312000e+00    2.599613e-05    1.123182e-01    27     9
    657    -0.5250    -3.6750    5.246637e-06    3.882455e-02    3.881930e-02    2.129446e-01    2.932463e+01    2.911169e+01    1.314000e+00    2.596524e-05    1.123182e-01     5    14
    658    -5.0750    -1.2250    5.170137e-06    3.926304e-02    3.925787e-02    2.129498e-01    2.936389e+01    2.915094e+01    1.316000e+00    2.545038e-05    1.123182e-01    12     1
    659     3.6750    -5.4250    5.159905e-06    3.773249e-02    3.772733e-02    2.129549e-01    2.940163e+01    2.918867e+01    1.318000e+00    2.588455e-05    1.123182e-01     0    26
    660    -0.5250     2.2750    5.117126e-06    4.063860e-02    4.063349e-02    2.129601e-01    2.944227e+01    2.922931e+01    1.320000e+00    2.477984e-05    1.123182e-01    22    14
    661    -2.2750     5.4250    5.116316e-06    3.838980e-02    3.838468e-02    2.129652e-01    2.948066e+01    2.926769e+01    1.322000e+00    2.545623e-05    1.123182e-01    31     9
    662     2.6250     5.4250    5.100954e-06    3.838560e-02    3.838050e-02    2.129703e-01    2.951904e+01    2.930607e+01    1.324000e+00    2.538111e-05    1.123182e-01    31    23
    663     4.0250     2.6250    5.080281e-06    3.900166e-02    3.899658e-02    2.129754e-01    2.955804e+01    2.934507e+01    1.326000e+00    2.508765e-05    1.123182e-01    23    27
    664     4.0250     4.0250    5.049089e-06    3.853168e-02    3.852663e-02    2.129804e-01    2.959657e+01    2.938359e+01    1.328000e+00    2.507776e-05    1.123182e-01    27    27
    665     1.2250     5.0750    5.047262e-06    3.889402e-02    3.888897e-02    2.129854e-01    2.963547e+01    2.942248e+01    1.330000e+00    2.495739e-05    1.123182e-01    30    19
    666     1.5750     3.3250    5.040734e-06    3.892971e-02    3.892467e-02    2.129905e-01    2.967440e+01    2.946141e+01    1.332000e+00    2.491424e-05    1.123182e-01    25    20
    667     3.6750    -5.0750    5.039689e-06    3.823467e-02    3.822963e-02    2.129955e-01    2.971263e+01    2.949964e+01    1.334000e+00    2.512328e-05    1.123182e-01     1    26
    668     5.0750    -2.6250    4.970891e-06    3.857960e-02    3.857463e-02    2.130005e-01    2.975121e+01    2.953821e+01    1.336000e+00    2.467481e-05    1.123182e-01     8    30
    669    -4.7250    -3.3250    4.806245e-06    3.847217e-02    3.846736e-02    2.130053e-01    2.978968e+01    2.957668e+01    1.338000e+00    2.388922e-05    1.123182e-01     6     2
    670     0.5250    -4.3750    4.735559e-06    3.899416e-02    3.898942e-02    2.130100e-01    2.982868e+01    2.961567e+01    1.340000e+00    2.338757e-05    1.123182e-01     3    17
    671     3.6750    -4.3750    4.733862e-06    3.845669e-02    3.845195e-02    2.130148e-01    2.986714e+01    2.965412e+01    1.342000e+00    2.353396e-05    1.123182e-01     3    26
    672    -0.1750     5.4250    4.728775e-06    3.869632e-02    3.869159e-02    2.130195e-01    2.990583e+01    2.969281e+01    1.344000e+00    2.343936e-05    1.123182e-01    31    15
    673     4.7250     4.0250    4.728009e-06    3.837392e-02    3.836919e-02    2.130242e-01    2.994421e+01    2.973118e+01    1.346000e+00    2.352894e-05    1.123182e-01    27    29
    674    -0.5250    -2.2750    4.720121e-06    3.990216e-02    3.989744e-02    2.130290e-01    2.998411e+01    2.977108e+01    1.348000e+00    2.305741e-05    1.123182e-01     9    14
    675    -0.8750    -1.9250    4.717731e-06    4.693098e-02    4.692626e-02    2.130337e-01    3.003104e+01    2.981801e+01    1.350000e+00    2.132653e-05    1.123182e-01    10    13
    676    -4.7250     3.3250    4.702504e-06    3.848463e-02    3.847993e-02    2.130384e-01    3.006952e+01    2.985649e+01    1.352000e+00    2.337001e-05    1.123182e-01    25     2
    677    -0.1750     2.6250    4.681572e-06    3.823998e-02    3.823529e-02    2.130431e-01    3.010776e+01    2.989472e+01    1.354000e+00    2.333660e-05    1.123182e-01    23    15
    678     3.6750    -4.0250    4.656104e-06    3.874767e-02    3.874302e-02    2.130477e-01    3.014651e+01    2.993346e+01    1.356000e+00    2.306463e-05    1.123182e-01     4    26
    679    -2.6250    -5.0750    4.642861e-06    3.841185e-02    3.840721e-02    2.130524e-01    3.018492e+01    2.997187e+01    1.358000e+00    2.309438e-05    1.123182e-01     1     8
    680    -1.5750     4.3750    4.576031e-06    3.879546e-02    3.879088e-02    2.130569e-01    3.022372e+01    3.001066e+01    1.360000e+00    2.265472e-05    1.123182e-01    28    11
    681    -2.9750     2.9750    4.528479e-06    3.959338e-02    3.958885e-02    2.130615e-01    3.026331e+01    3.005025e+01    1.362000e+00    2.220325e-05    1.123182e-01    24     7
    682    -2.6250     5.4250    4.474483e-06    3.838241e-02    3.837794e-02    2.130659e-01    3.030169e+01    3.008863e+01    1.364000e+00    2.226500e-05    1.123182e-01    31     8
    683     2.2750    -5.4250    4.454018e-06    3.838835e-02    3.838389e-02    2.130704e-01    3.034008e+01    3.012701e+01    1.366000e+00    2.216154e-05    1.123182e-01     0    22
    684     4.0250    -5.0750    4.438679e-06    3.790010e-02    3.789566e-02    2.130748e-01    3.037798e+01    3.016491e+01    1.368000e+00    2.221993e-05    1.123182e-01     1    27
    685     0.5250    -2.9750    4.405442e-06    4.011116e-02    4.010676e-02    2.130792e-01    3.041809e+01    3.020501e+01    1.370000e+00    2.146684e-05    1.123182e-01     7    17
    686    -1.5750     5.0750    4.404619e-06    3.883513e-02    3.883072e-02    2.130836e-01    3.045693e+01    3.024385e+01    1.372000e+00    2.179556e-05    1.123182e-01    30    11
    687    -0.1750    -5.4250    4.369379e-06    3.864005e-02    3.863568e-02    2.130880e-01    3.049557e+01    3.028248e+01    1.374000e+00    2.167301e-05    1.123182e-01     0    15
    688    -4.7250    -2.2750    4.356819e-06    3.912804e-02    3.912368e-02    2.130924e-01    3.053470e+01    3.032160e+01    1.376000e+00    2.148214e-05    1.123182e-01     9     2
    689     5.4250    -4.3750    4.309668e-06    3.719269e-02    3.718838e-02    2.130967e-01    3.057189e+01    3.035879e+01    1.378000e+00    2.176795e-05    1.123182e-01     3    31
    690    -0.8750    -4.7250    4.277130e-06    3.876099e-02    3.875671e-02    2.131009e-01    3.061065e+01    3.039755e+01    1.380000e+00    2.118397e-05    1.123182e-01     2    13
    691    -0.5250     5.4250    4.257957e-06    3.867137e-02    3.866711e-02    2.131052e-01    3.064932e+01    3.043622e+01    1.382000e+00    2.111223e-05    1.123182e-01    31    14
    692     0.1750     2.9750    4.249526e-06    3.986159e-02    3.985734e-02    2.131095e-01    3.068918e+01    3.047607e+01    1.384000e+00    2.076876e-05    1.123182e-01    24    16
    693    -2.6250     5.0750    4.227078e-06    3.843370e-02    3.842948e-02    2.131137e-01    3.072762e+01    3.051450e+01    1.386000e+00    2.102063e-05    1.123182e-01    30     8
    694     3.6750     5.0750    4.219513e-06    3.828050e-02    3.827628e-02    2.131179e-01    3.076590e+01    3.055278e+01    1.388000e+00    2.102288e-05    1.123183e-01    30    26
    695     1.5750    -5.0750    4.182654e-06    3.880375e-02    3.879957e-02    2.131221e-01    3.080470e+01    3.059158e+01    1.390000e+00    2.070521e-05    1.123183e-01     1    20
    696    -4.7250     3.6750    4.181387e-06    3.843858e-02    3.843440e-02    2.131263e-01    3.084314e+01    3.063001e+01    1.392000e+00    2.079218e-05    1.123183e-01    26     2
    697     4.0250     5.0750    4.168498e-06    3.797590e-02    3.797173e-02    2.131304e-01    3.088112e+01    3.066799e+01    1.394000e+00    2.084768e-05    1.123183e-01    30    27
    698    -1.5750    -2.9750    4.143545e-06    3.963359e-02    3.962944e-02    2.131346e-01    3.092075e+01    3.070762e+01    1.396000e+00    2.030620e-05    1.123183e-01     7    11
    699     0.1750     0.5250    4.100072e-06    6.291857e-04    6.250856e-04    2.131387e-01    3.092138e+01    3.070824e+01    1.398000e+00    7.989922e-05    1.123183e-01    17    16
    700    -5.0750    -1.9250    4.072796e-06    3.895764e-02    3.895357e-02    2.131428e-01    3.096034e+01    3.074719e+01    1.400000e+00    2.012350e-05    1.123183e-01    10     1
    701     5.4250     4.3750    4.061109e-06    3.723797e-02    3.723391e-02    2.131468e-01    3.099757e+01    3.078443e+01    1.402000e+00    2.050071e-05    1.123183e-01    28    31
    702    -1.9250    -2.6250    4.045290e-06    4.040882e-02    4.040478e-02    2.131509e-01    3.103798e+01    3.082483e+01    1.404000e+00    1.964268e-05    1.123183e-01     8    10
    703    -4.0250     3.3250    4.035812e-06    3.901452e-02    3.901049e-02    2.131549e-01    3.107700e+01    3.086384e+01    1.406000e+00    1.992694e-05    1.123183e-01    25     4
    704    -2.9750    -2.9750    4.013570e-06    3.955989e-02    3.955588e-02    2.131589e-01    3.111656e+01    3.090340e+01    1.408000e+00    1.968669e-05    1.123183e-01     7     7
    705    -2.6250    -5.4250    4.002612e-06    3.837332e-02    3.836931e-02    2.131629e-01    3.115493e+01    3.094177e+01    1.410000e+00    1.991933e-05    1.123183e-01     0     8
    706    -2.9750     5.0750    3.962828e-06    3.838709e-02    3.838313e-02    2.131669e-01    3.119332e+01    3.098015e+01    1.412000e+00    1.971799e-05    1.123183e-01    30     7
    707    -1.2250    -2.9750    3.938295e-06    4.007442e-02    4.007048e-02    2.131708e-01    3.123339e+01    3.102022e+01    1.414000e+00    1.919901e-05    1.123183e-01     7    12
    708    -4.7250    -3.6750    3.899112e-06    3.843196e-02    3.842806e-02    2.131747e-01    3.127182e+01    3.105865e+01    1.416000e+00    1.939020e-05    1.123183e-01     5     2
    709     4.7250    -4.0250    3.847282e-06    3.834744e-02    3.834359e-02    2.131786e-01    3.131017e+01    3.109699e+01    1.418000e+00    1.915249e-05    1.123183e-01     4    29
    710    -2.6250     4.0250    3.822934e-06    3.879501e-02    3.879118e-02    2.131824e-01    3.134897e+01    3.113578e+01    1.420000e+00    1.892662e-05    1.123183e-01    27     8
    711     0.8750     3.3250    3.820750e-06    3.929215e-02    3.928833e-02    2.131862e-01    3.138826e+01    3.117507e+01    1.422000e+00    1.880160e-05    1.123183e-01    25    18
    712     3.3250     3.6750    3.810665e-06    3.889691e-02    3.889310e-02    2.131900e-01    3.142716e+01    3.121397e+01    1.424000e+00    1.884236e-05    1.123183e-01    26    25
    713    -4.3750     2.9750    3.795311e-06    3.900847e-02    3.900467e-02    2.131938e-01    3.146616e+01    3.125297e+01    1.426000e+00    1.874090e-05    1.123183e-01    24     3
    714    -2.2750     2.6250    3.791492e-06    3.982650e-02    3.982271e-02    2.131976e-01    3.150599e+01    3.129279e+01    1.428000e+00    1.853808e-05    1.123183e-01    23     9
    715    -3.6750    -2.9750    3.790684e-06    3.893980e-02    3.893601e-02    2.132014e-01    3.154493e+01    3.133173e+01    1.430000e+00    1.873374e-05    1.123183e-01     7     5
    716     2.2750    -4.0250    3.789046e-06    3.882541e-02    3.882162e-02    2.132052e-01    3.158376e+01    3.137055e+01    1.432000e+00    1.875186e-05    1.123183e-01     4    22
    717     0.1750    -5.4250    3.782152e-06    3.864125e-02    3.863747e-02    2.132090e-01    3.162240e+01    3.140919e+01    1.434000e+00    1.876010e-05    1.123183e-01     0    16
    718     3.6750     4.0250    3.776553e-06    3.879506e-02    3.879128e-02    2.132127e-01    3.166119e+01    3.144798e+01    1.436000e+00    1.869699e-05    1.123183e-01    27    26
    719    -2.9750    -5.0750    3.761332e-06    3.838555e-02    3.838179e-02    2.132165e-01    3.169958e+01    3.148636e+01    1.438000e+00    1.871580e-05    1.123183e-01     1     7
    720     0.1750     4.7250    3.729543e-06    3.871574e-02    3.871201e-02    2.132202e-01    3.173829e+01    3.152507e+01    1.440000e+00    1.848224e-05    1.123183e-01    29    16
    721     5.0750    -2.9750    3.705248e-06    3.848252e-02    3.847881e-02    2.132239e-01    3.177678e+01    3.156355e+01    1.442000e+00    1.841466e-05    1.123183e-01     7    30
    722     0.5250     4.3750    3.697147e-06    3.906938e-02    3.906569e-02    2.132276e-01    3.181585e+01    3.160262e+01    1.444000e+00    1.824266e-05    1.123183e-01    28    17
    723    -3.6750     2.9750    3.685622e-06    3.895459e-02    3.895090e-02    2.132313e-01    3.185480e+01    3.164157e+01    1.446000e+00    1.821126e-05    1.123183e-01    24     5
    724     1.2250     3.3250    3.679804e-06    3.905883e-02    3.905515e-02    2.132350e-01    3.189386e+01    3.168062e+01    1.448000e+00    1.815942e-05    1.123183e-01    25    19
    725     3.6750    -2.6250    3.663196e-06    3.925588e-02    3.925222e-02    2.132387e-01    3.193312e+01    3.171988e+01    1.450000e+00    1.803424e-05    1.123183e-01     8    26
    726    -2.6250    -4.0250    3.644121e-06    3.880621e-02    3.880256e-02    2.132423e-01    3.197192e+01    3.175868e+01    1.452000e+00    1.803891e-05    1.123183e-01     4     8
    727     1.9250    -5.0750    3.633249e-06    3.868211e-02    3.867847e-02    2.132459e-01    3.201060e+01    3.179736e+01    1.454000e+00    1.801250e-05    1.123183e-01     1    21
    728     3.3250    -4.0250    3.623339e-06    3.894495e-02    3.894133e-02    2.132496e-01    3.204955e+01    3.183630e+01    1.456000e+00    1.790563e-05    1.123183e-01     4    25
    729     2.2750     5.0750    3.615225e-06    3.858378e-02    3.858016e-02    2.132532e-01    3.208813e+01    3.187488e+01    1.458000e+00    1.794485e-05    1.123183e-01    30    22
    730    -1.9250     2.6250    3.611492e-06    4.057665e-02    4.057304e-02    2.132568e-01    3.212871e+01    3.191545e+01    1.460000e+00    1.750179e-05    1.123183e-01    23    10
    731     0.1750     5.4250    3.591541e-06    3.869687e-02    3.869328e-02    2.132604e-01    3.216741e+01    3.195415e+01    1.462000e+00    1.780251e-05    1.123183e-01    31    16
    732    -2.2750    -2.6250    3.590051e-06    3.965825e-02    3.965466e-02    2.132640e-01    3.220706e+01    3.199380e+01    1.464000e+00    1.758860e-05    1.123183e-01     8     9
    733     1.9250     4.3750    3.585238e-06    3.876953e-02    3.876594e-02    2.132676e-01    3.224583e+01    3.203257e+01    1.466000e+00    1.775542e-05    1.123183e-01    28    21
    734    -1.9250    -5.4250    3.581861e-06    3.839769e-02    3.839411e-02    2.132711e-01    3.228423e+01    3.207096e+01    1.468000e+00    1.782014e-05    1.123183e-01     0    10
    735     1.2250    -5.0750    3.558616e-06    3.886985e-02    3.886629e-02    2.132747e-01    3.232310e+01    3.210983e+01    1.470000e+00    1.760195e-05    1.123183e-01     1    19
    736    -5.0750     1.9250    3.554318e-06    3.898853e-02    3.898497e-02    2.132782e-01    3.236209e+01    3.214881e+01    1.472000e+00    1.755522e-05    1.123183e-01    21     1
    737     4.3750    -3.6750    3.541832e-06    3.850508e-02    3.850154e-02    2.132818e-01    3.240059e+01    3.218731e+01    1.474000e+00    1.759763e-05    1.123183e-01     5    28
    738    -0.5250     3.6750    3.536117e-06    3.877995e-02    3.877641e-02    2.132853e-01    3.243937e+01    3.222609e+01    1.476000e+00    1.750993e-05    1.123183e-01    26    14
    739    -4.0250     1.5750    3.474070e-06    4.004888e-02    4.004541e-02    2.132888e-01    3.247942e+01    3.226613e+01    1.478000e+00    1.694117e-05    1.123183e-01    20     4
    740    -0.8750     4.3750    3.437657e-06    3.898653e-02    3.898309e-02    2.132922e-01    3.251841e+01    3.230512e+01    1.480000e+00    1.697946e-05    1.123184e-01    28    13
    741    -0.5250    -5.4250    3.421954e-06    3.861447e-02    3.861105e-02    2.132957e-01    3.255702e+01    3.234373e+01    1.482000e+00    1.697913e-05    1.123184e-01     0    14
    742     3.3250    -5.0750    3.419394e-06    3.837023e-02    3.836681e-02    2.132991e-01    3.259539e+01    3.238210e+01    1.484000e+00    1.701767e-05    1.123184e-01     1    25
    743    -1.9250     2.2750    3.389605e-06    4.087918e-02    4.087580e-02    2.133025e-01    3.263627e+01    3.242297e+01    1.486000e+00    1.636849e-05    1.123184e-01    22    10
    744     1.5750    -4.3750    3.367219e-06    3.877486e-02    3.877149e-02    2.133058e-01    3.267505e+01    3.246174e+01    1.488000e+00    1.667467e-05    1.123184e-01     3    20
    745     5.4250     3.6750    3.344263e-06    3.786639e-02    3.786304e-02    2.133092e-01    3.271292e+01    3.249961e+01    1.490000e+00    1.674861e-05    1.123184e-01    26    31
    746    -1.9250     3.6750    3.339431e-06    3.943289e-02    3.942955e-02    2.133125e-01    3.275235e+01    3.253904e+01    1.492000e+00    1.640523e-05    1.123184e-01    26    10
    747    -4.0250    -3.3250    3.333766e-06    3.899314e-02    3.898981e-02    2.133159e-01    3.279134e+01    3.257803e+01    1.494000e+00    1.646501e-05    1.123184e-01     6     4
    748    -3.6750     3.3250    3.319725e-06    3.895980e-02    3.895648e-02    2.133192e-01    3.283030e+01    3.261698e+01    1.496000e+00    1.640233e-05    1.123184e-01    25     5
    749    -2.6250    -3.6750    3.308730e-06    3.896545e-02    3.896214e-02    2.133225e-01    3.286927e+01    3.265594e+01    1.498000e+00    1.634688e-05    1.123184e-01     5     8
    750    -4.0250    -1.5750    3.294550e-06    3.998793e-02    3.998464e-02    2.133258e-01    3.290925e+01    3.269593e+01    1.500000e+00    1.607744e-05    1.123184e-01    11     4
    751    -1.5750     2.6250    3.283704e-06    4.064084e-02    4.063755e-02    2.133291e-01    3.294990e+01    3.273657e+01    1.502000e+00    1.590137e-05    1.123184e-01    23    11
    752     5.0750     4.7250    3.281839e-06    3.727286e-02    3.726957e-02    2.133323e-01    3.298717e+01    3.277384e+01    1.504000e+00    1.655972e-05    1.123184e-01    29    30
    753     5.4250     4.7250    3.260205e-06    3.669233e-02    3.668907e-02    2.133356e-01    3.302386e+01    3.281052e+01    1.506000e+00    1.657350e-05    1.123184e-01    29    31
    754     2.2750     5.4250    3.258408e-06    3.838955e-02    3.838629e-02    2.133389e-01    3.306225e+01    3.284891e+01    1.508000e+00    1.621263e-05    1.123184e-01    31    22
    755    -2.9750    -4.7250    3.207645e-06    3.850347e-02    3.850026e-02    2.133421e-01    3.310075e+01    3.288741e+01    1.510000e+00    1.593760e-05    1.123184e-01     2     7
    756     5.0750    -4.7250    3.206335e-06    3.723193e-02    3.722872e-02    2.133453e-01    3.313799e+01    3.292464e+01    1.512000e+00    1.618718e-05    1.123184e-01     2    30
    757     0.8750    -4.3750    3.179974e-06    3.892521e-02    3.892203e-02    2.133485e-01    3.317691e+01    3.296356e+01    1.514000e+00    1.571851e-05    1.123184e-01     3    18
    758    -1.5750    -5.0750    3.176532e-06    3.878829e-02    3.878511e-02    2.133516e-01    3.321570e+01    3.300235e+01    1.516000e+00    1.572782e-05    1.123184e-01     1    11
    759    -0.8750     4.7250    3.157819e-06    3.873890e-02    3.873574e-02    2.133548e-01    3.325444e+01    3.304108e+01    1.518000e+00    1.564465e-05    1.123184e-01    29    13
    760    -3.6750     2.2750    3.157235e-06    3.971860e-02    3.971545e-02    2.133579e-01    3.329416e+01    3.308080e+01    1.520000e+00    1.545702e-05    1.123184e-01    22     5
    761    -0.1750    -5.0750    3.140157e-06    3.887901e-02    3.887587e-02    2.133611e-01    3.333304e+01    3.311967e+01    1.522000e+00    1.553047e-05    1.123184e-01     1    15
    762    -1.9250    -2.2750    3.111020e-06    4.093972e-02    4.093661e-02    2.133642e-01    3.337397e+01    3.316061e+01    1.524000e+00    1.501265e-05    1.123184e-01     9    10
    763    -3.6750    -3.3250    3.110589e-06    3.897427e-02    3.897116e-02    2.133673e-01    3.341295e+01    3.319958e+01    1.526000e+00    1.536635e-05    1.123184e-01     6     5
    764     4.0250     4.3750    3.105719e-06    3.841584e-02    3.841274e-02    2.133704e-01    3.345137e+01    3.323799e+01    1.528000e+00    1.544791e-05    1.123184e-01    28    27
    765     1.9250    -5.4250    3.099208e-06    3.840120e-02    3.839810e-02    2.133735e-01    3.348977e+01    3.327639e+01    1.530000e+00    1.541832e-05    1.123184e-01     0    21
    766    -2.6250     3.6750    3.058559e-06    3.903134e-02    3.902829e-02    2.133766e-01    3.352880e+01    3.331542e+01    1.532000e+00    1.509882e-05    1.123184e-01    26     8
    767     5.4250    -2.2750    3.052444e-06    3.853459e-02    3.853154e-02    2.133796e-01    3.356733e+01    3.335395e+01    1.534000e+00    1.516067e-05    1.123184e-01     9    31
    768     0.8750     5.0750    3.010369e-06    3.889252e-02    3.888951e-02    2.133826e-01    3.360622e+01    3.339284e+01    1.536000e+00    1.488613e-05    1.123184e-01    30    18
    769     2.6250     2.9750    2.995543e-06    3.936691e-02    3.936391e-02    2.133856e-01    3.364559e+01    3.343221e+01    1.538000e+00    1.472764e-05    1.123184e-01    24    23
    770     3.3250    -2.9750    2.966707e-06    3.926294e-02    3.925997e-02    2.133886e-01    3.368485e+01    3.347147e+01    1.540000e+00    1.460424e-05    1.123184e-01     7    25
    771    -2.2750     2.9750    2.964041e-06    3.912783e-02    3.912487e-02    2.133916e-01    3.372398e+01    3.351059e+01    1.542000e+00    1.461506e-05    1.123184e-01    24     9
    772    -4.7250    -2.9750    2.947965e-06    3.862268e-02    3.861973e-02    2.133945e-01    3.376261e+01    3.354921e+01    1.544000e+00    1.462589e-05    1.123184e-01     7     2
    773     4.3750     5.0750    2.926601e-06    3.756381e-02    3.756089e-02    2.133974e-01    3.380017e+01    3.358677e+01    1.546000e+00    1.471290e-05    1.123184e-01    30    28
    774     5.4250     2.2750    2.925064e-06    3.854107e-02    3.853815e-02    2.134004e-01    3.383871e+01    3.362531e+01    1.548000e+00    1.452687e-05    1.123184e-01    22    31
    775    -4.3750    -2.9750    2.921353e-06    3.897597e-02    3.897305e-02    2.134033e-01    3.387769e+01    3.366428e+01    1.550000e+00    1.443125e-05    1.123184e-01     7     3
    776    -1.9250     5.4250    2.899926e-06    3.841162e-02    3.840872e-02    2.134062e-01    3.391610e+01    3.370269e+01    1.552000e+00    1.442508e-05    1.123184e-01    31    10
    777    -1.5750     2.9750    2.890162e-06    3.982487e-02    3.982198e-02    2.134091e-01    3.395592e+01    3.374251e+01    1.554000e+00    1.413155e-05    1.123184e-01    24    11
    778     4.3750     3.3250    2.875315e-06    3.879141e-02    3.878853e-02    2.134119e-01    3.399471e+01    3.378130e+01    1.556000e+00    1.423593e-05    1.123184e-01    25    28
    779    -2.9750     4.7250    2.843567e-06    3.854642e-02    3.854357e-02    2.134148e-01    3.403326e+01    3.381985e+01    1.558000e+00    1.412121e-05    1.123184e-01    29     7
    780     0.1750    -4.7250    2.824174e-06    3.871663e-02    3.871380e-02    2.134176e-01    3.407198e+01    3.385856e+01    1.560000e+00    1.399556e-05    1.123184e-01     2    16
    781    -2.2750    -2.9750    2.816686e-06    3.913734e-02    3.913452e-02    2.134204e-01    3.411111e+01    3.389769e+01    1.562000e+00    1.388691e-05    1.123184e-01     7     9
    782     5.4250    -4.7250    2.795564e-06    3.653928e-02    3.653649e-02    2.134232e-01    3.414765e+01    3.393423e+01    1.564000e+00    1.423973e-05    1.123184e-01     2    31
    783     4.3750    -5.0750    2.766924e-06    3.750216e-02    3.749940e-02    2.134260e-01    3.418516e+01    3.397173e+01    1.566000e+00    1.392104e-05    1.123184e-01     1    28
    784     5.0750     2.9750    2.753217e-06    3.848865e-02    3.848590e-02    2.134287e-01    3.422364e+01    3.401022e+01    1.568000e+00    1.368230e-05    1.123184e-01    24    30
    785    -5.0750     3.6750    2.721400e-06    3.828536e-02    3.828264e-02    2.134315e-01    3.426193e+01    3.404850e+01    1.570000e+00    1.355826e-05    1.123184e-01    26     1
    786     1.2250    -4.3750    2.700332e-06    3.883925e-02    3.883655e-02    2.134342e-01    3.430077e+01    3.408733e+01    1.572000e+00    1.336177e-05    1.123184e-01     3    19
    787     4.3750     3.6750    2.684764e-06    3.852937e-02    3.852669e-02    2.134369e-01    3.433930e+01    3.412586e+01    1.574000e+00    1.333542e-05    1.123184e-01    26    28
    788     4.0250     5.4250    2.594460e-06    3.747378e-02    3.747119e-02    2.134394e-01    3.437677e+01    3.416333e+01    1.576000e+00    1.305805e-05    1.123184e-01    31    27
    789    -4.7250     2.9750    2.578580e-06    3.865652e-02    3.865394e-02    2.134420e-01    3.441543e+01    3.420199e+01    1.578000e+00    1.278797e-05    1.123184e-01    24     2
    790     0.5250    -5.4250    2.558899e-06    3.861838e-02    3.861582e-02    2.134446e-01    3.445405e+01    3.424060e+01    1.580000e+00    1.269633e-05    1.123184e-01     0    17
    791    -1.9250    -4.0250    2.538218e-06    3.897941e-02    3.897687e-02    2.134471e-01    3.449303e+01    3.427958e+01    1.582000e+00    1.253813e-05    1.123184e-01     4    10
    792     0.5250     4.0250    2.509396e-06    3.925963e-02    3.925712e-02    2.134496e-01    3.453229e+01    3.431884e+01    1.584000e+00    1.235360e-05    1.123184e-01    27    17
    793     3.3250    -3.6750    2.501921e-06    3.891430e-02    3.891180e-02    2.134521e-01    3.457120e+01    3.435775e+01    1.586000e+00    1.236866e-05    1.123184e-01     5    25
    794     3.3250     4.7250    2.489184e-06    3.842103e-02    3.841854e-02    2.134546e-01    3.460962e+01    3.439617e+01    1.588000e+00    1.238055e-05    1.123184e-01    29    25
    795     3.3250     4.0250    2.472825e-06    3.895931e-02    3.895684e-02    2.134571e-01    3.464858e+01    3.443512e+01    1.590000e+00    1.221811e-05    1.123184e-01    27    25
    796    -0.1750     5.0750    2.455171e-06    3.886671e-02    3.886425e-02    2.134596e-01    3.468745e+01    3.447399e+01    1.592000e+00    1.214462e-05    1.123184e-01    30    15
    797    -1.5750    -2.6250    2.444813e-06    4.065296e-02    4.065052e-02    2.134620e-01    3.472810e+01    3.451464e+01    1.594000e+00    1.183746e-05    1.123184e-01     8    11
    798     3.3250     5.0750    2.411150e-06    3.837846e-02    3.837605e-02    2.134644e-01    3.476648e+01    3.455301e+01    1.596000e+00    1.199876e-05    1.123184e-01    30    25
    799    -0.8750     5.4250    2.394153e-06    3.862266e-02    3.862027e-02    2.134668e-01    3.480510e+01    3.459163e+01    1.598000e+00    1.187832e-05    1.123184e-01    31    13
    800     4.0250    -4.3750    2.348833e-06    3.841245e-02    3.841010e-02    2.134692e-01    3.484351e+01    3.463004e+01    1.600000e+00    1.168374e-05    1.123184e-01     3    27
    801    -1.9250    -3.6750    2.347373e-06    3.942323e-02    3.942088e-02    2.134715e-01    3.488294e+01    3.466947e+01    1.602000e+00    1.153315e-05    1.123184e-01     5    10
    802    -1.5750     4.0250    2.330074e-06    3.925865e-02    3.925632e-02    2.134738e-01    3.492220e+01    3.470872e+01    1.604000e+00    1.147097e-05    1.123184e-01    27    11
    803     5.4250    -3.6750    2.327528e-06    3.780973e-02    3.780740e-02    2.134762e-01    3.496001e+01    3.474653e+01    1.606000e+00    1.166508e-05    1.123184e-01     5    31
    804    -5.0750     1.5750    2.323455e-06    3.917146e-02    3.916914e-02    2.134785e-01    3.499918e+01    3.478570e+01    1.608000e+00    1.145049e-05    1.123184e-01    20     1
    805    -3.6750    -2.2750    2.318729e-06    3.965334e-02    3.965102e-02    2.134808e-01    3.503883e+01    3.482535e+01    1.610000e+00    1.136091e-05    1.123184e-01     9     5
    806     4.7250    -3.3250    2.316047e-06    3.848429e-02    3.848197e-02    2.134831e-01    3.507731e+01    3.486383e+01    1.612000e+00    1.151043e-05    1.123184e-01     6    29
    807     4.7250    -4.7250    2.300580e-06    3.754215e-02    3.753985e-02    2.134854e-01    3.511486e+01    3.490137e+01    1.614000e+00    1.156897e-05    1.123184e-01     2    29
    808    -2.9750     3.3250    2.195836e-06    3.919258e-02    3.919038e-02    2.134876e-01    3.515405e+01    3.494056e+01    1.616000e+00    1.081879e-05    1.123184e-01    25     7
    809    -5.0750    -3.6750    2.189269e-06    3.824070e-02    3.823851e-02    2.134898e-01    3.519229e+01    3.497880e+01    1.618000e+00    1.091326e-05    1.123184e-01     5     1
    810     2.2750    -5.0750    2.179967e-06    3.853297e-02    3.853079e-02    2.134920e-01    3.523082e+01    3.501733e+01    1.620000e+00    1.082765e-05    1.123184e-01     1    22
    811    -5.0750    -1.5750    2.172528e-06    3.915077e-02    3.914860e-02    2.134942e-01    3.526997e+01    3.505648e+01    1.622000e+00    1.070939e-05    1.123184e-01    11     1
    812    -0.8750     3.3250    2.168017e-06    3.925791e-02    3.925574e-02    2.134963e-01    3.530923e+01    3.509574e+01    1.624000e+00    1.067327e-05    1.123184e-01    25    13
    813     1.5750    -5.4250    2.166960e-06    3.844643e-02    3.844426e-02    2.134985e-01    3.534768e+01    3.513418e+01    1.626000e+00    1.077455e-05    1.123184e-01     0    20
    814    -3.3250     4.7250    2.090386e-06    3.840961e-02    3.840752e-02    2.135006e-01    3.538609e+01    3.517259e+01    1.628000e+00    1.039855e-05    1.123184e-01    29     6
    815    -0.8750    -4.3750    2.078737e-06    3.891247e-02    3.891039e-02    2.135027e-01    3.542500e+01    3.521150e+01    1.630000e+00    1.027686e-05    1.123184e-01     3    13
    816     0.5250     5.4250    2.064309e-06    3.867400e-02    3.867194e-02    2.135047e-01    3.546367e+01    3.525017e+01    1.632000e+00    1.023541e-05    1.123184e-01    31    17
    817     2.9750    -4.0250    2.049857e-06    3.890874e-02    3.890669e-02    2.135068e-01    3.550258e+01    3.528908e+01    1.634000e+00    1.013455e-05    1.123184e-01     4    24
    818     1.9250     5.4250    2.047063e-06    3.841746e-02    3.841541e-02    2.135088e-01    3.554100e+01    3.532749e+01    1.636000e+00    1.018206e-05    1.123184e-01    31    21
    819    -2.9750    -3.3250    2.034137e-06    3.912112e-02    3.911909e-02    2.135109e-01    3.558012e+01    3.536661e+01    1.638000e+00    1.003083e-05    1.123184e-01     6     7
    820    -3.6750    -5.4250    2.032202e-06    3.767554e-02    3.767351e-02    2.135129e-01    3.561780e+01    3.540428e+01    1.640000e+00    1.020221e-05    1.123184e-01     0     5
    821     0.8750     4.3750    2.030224e-06    3.899797e-02    3.899594e-02    2.135149e-01    3.565680e+01    3.544328e+01    1.642000e+00    1.002656e-05    1.123184e-01    28    18
    822    -3.3250    -4.7250    2.020745e-06    3.839707e-02    3.839505e-02    2.135169e-01    3.569519e+01    3.548168e+01    1.644000e+00    1.005370e-05    1.123184e-01     2     6
    823    -3.6750    -2.6250    2.020424e-06    3.918678e-02    3.918476e-02    2.135190e-01    3.573438e+01    3.552086e+01    1.646000e+00    9.955266e-06    1.123184e-01     8     5
    824     4.7250     4.7250    2.016126e-06    3.760241e-02    3.760039e-02    2.135210e-01    3.577198e+01    3.555846e+01    1.648000e+00    1.013085e-05    1.123184e-01    29    29
    825     1.5750     4.3750    2.015966e-06    3.880277e-02    3.880076e-02    2.135230e-01    3.581078e+01    3.559726e+01    1.650000e+00    9.979932e-06    1.123184e-01    28    20
    826     4.0250    -5.4250    1.985734e-06    3.741805e-02    3.741606e-02    2.135250e-01    3.584820e+01    3.563468e+01    1.652000e+00    1.000144e-05    1.123184e-01     0    27
    827     0.8750    -5.0750    1.981769e-06    3.888681e-02    3.888483e-02    2.135270e-01    3.588709e+01    3.567356e+01    1.654000e+00    9.800560e-06    1.123184e-01     1    18
    828    -4.7250     4.0250    1.917233e-06    3.834133e-02    3.833942e-02    2.135289e-01    3.592543e+01    3.571190e+01    1.656000e+00    9.545297e-06    1.123184e-01    27     2
    829     2.6250    -2.9750    1.910161e-06    3.941234e-02    3.941043e-02    2.135308e-01    3.596484e+01    3.575131e+01    1.658000e+00    9.386315e-06    1.123184e-01     7    23
    830     4.7250     5.0750    1.882646e-06    3.726066e-02    3.725877e-02    2.135327e-01    3.600210e+01    3.578857e+01    1.660000e+00    9.501222e-06    1.123184e-01    30    29
    831    -0.8750    -3.3250    1.880124e-06    3.910599e-02    3.910411e-02    2.135345e-01    3.604121e+01    3.582767e+01    1.662000e+00    9.273081e-06    1.123184e-01     6    13
    832    -2.2750    -5.0750    1.851756e-06    3.851199e-02    3.851014e-02    2.135364e-01    3.607972e+01    3.586618e+01    1.664000e+00    9.199877e-06    1.123184e-01     1     9
    833    -2.2750     4.7250    1.832310e-06    3.889404e-02    3.889221e-02    2.135382e-01    3.611862e+01    3.590508e+01    1.666000e+00    9.060649e-06    1.123184e-01    29     9
    834     3.3250     2.9750    1.829682e-06    3.932970e-02    3.932787e-02    2.135401e-01    3.615794e+01    3.594440e+01    1.668000e+00    8.999843e-06    1.123184e-01    24    25
    835    -3.6750     3.6750    1.827193e-06    3.899058e-02    3.898875e-02    2.135419e-01    3.619694e+01    3.598339e+01    1.670000e+00    9.024700e-06    1.123184e-01    26     5
    836    -3.6750     5.4250    1.795070e-06    3.775682e-02    3.775502e-02    2.135437e-01    3.623469e+01    3.602115e+01    1.672000e+00    9.002554e-06    1.123184e-01    31     5
    837     0.8750    -5.4250    1.772784e-06    3.857507e-02    3.857330e-02    2.135455e-01    3.627327e+01    3.605972e+01    1.674000e+00    8.800690e-06    1.123184e-01     0    18
    838     2.6250     4.0250    1.758614e-06    3.878706e-02    3.878530e-02    2.135472e-01    3.631205e+01    3.609851e+01    1.676000e+00    8.707629e-06    1.123184e-01    27    23
    839    -3.6750     2.6250    1.735112e-06    3.924615e-02    3.924442e-02    2.135489e-01    3.635130e+01    3.613775e+01    1.678000e+00    8.543318e-06    1.123184e-01    23     5
    840     4.3750    -3.3250    1.722859e-06    3.874839e-02    3.874667e-02    2.135507e-01    3.639005e+01    3.617650e+01    1.680000e+00    8.534641e-06    1.123184e-01     6    28
    841    -0.1750     3.6750    1.719663e-06    3.874268e-02    3.874096e-02    2.135524e-01    3.642879e+01    3.621524e+01    1.682000e+00    8.519408e-06    1.123184e-01    26    15
    842    -4.0250     5.4250    1.716245e-06    3.743200e-02    3.743028e-02    2.135541e-01    3.646622e+01    3.625267e+01    1.684000e+00    8.642620e-06    1.123184e-01    31     4
    843    -4.0250    -5.4250    1.715109e-06    3.738091e-02    3.737920e-02    2.135558e-01    3.650360e+01    3.629005e+01    1.686000e+00    8.642502e-06    1.123184e-01     0     4
    844    -3.3250    -4.3750    1.708138e-06    3.861656e-02    3.861485e-02    2.135575e-01    3.654222e+01    3.632866e+01    1.688000e+00    8.475438e-06    1.123184e-01     3     6
    845    -1.9250     4.0250    1.705686e-06    3.905260e-02    3.905090e-02    2.135592e-01    3.658127e+01    3.636771e+01    1.690000e+00    8.418207e-06    1.123184e-01    27    10
    846     1.2250    -5.4250    1.688031e-06    3.851318e-02    3.851149e-02    2.135609e-01    3.661979e+01    3.640623e+01    1.692000e+00    8.386352e-06    1.123184e-01     0    19
    847     2.9750    -2.9750    1.676192e-06    3.957686e-02    3.957519e-02    2.135626e-01    3.665936e+01    3.644580e+01    1.694000e+00    8.220330e-06    1.123184e-01     7    24
    848    -3.6750    -3.6750    1.649685e-06    3.897327e-02    3.897162e-02    2.135642e-01    3.669834e+01    3.648477e+01    1.696000e+00    8.149706e-06    1.123184e-01     5     5
    849     5.0750    -4.3750    1.635305e-06    3.753087e-02    3.752924e-02    2.135659e-01    3.673587e+01    3.652230e+01    1.698000e+00    8.224728e-06    1.123184e-01     3    30
    850     1.2250     4.3750    1.620517e-06    3.889773e-02    3.889611e-02    2.135675e-01    3.677477e+01    3.656120e+01    1.700000e+00    8.013003e-06    1.123184e-01    28    19
    851    -4.7250    -4.0250    1.606849e-06    3.830565e-02    3.830404e-02    2.135691e-01    3.681307e+01    3.659950e+01    1.702000e+00    8.003562e-06    1.123184e-01     4     2
    852    -2.6250    -3.3250    1.598388e-06    3.944741e-02    3.944581e-02    2.135707e-01    3.685252e+01    3.663895e+01    1.704000e+00    7.851003e-06    1.123184e-01     6     8
    853     4.7250     3.3250    1.591790e-06    3.850023e-02    3.849864e-02    2.135723e-01    3.689102e+01    3.667745e+01    1.706000e+00    7.909491e-06    1.123184e-01    25    29
    854     3.3250    -4.7250    1.591027e-06    3.840353e-02    3.840194e-02    2.135739e-01    3.692942e+01    3.671585e+01    1.708000e+00    7.915155e-06    1.123184e-01     2    25
    855    -0.8750    -5.4250    1.568919e-06    3.856711e-02    3.856554e-02    2.135755e-01    3.696799e+01    3.675441e+01    1.710000e+00    7.789421e-06    1.123184e-01     0    13
    856    -5.4250     4.3750    1.567613e-06    3.718125e-02    3.717968e-02    2.135770e-01    3.700517e+01    3.679159e+01    1.712000e+00    7.919375e-06    1.123184e-01    28     0
    857    -3.3250     4.3750    1.565637e-06    3.866764e-02    3.866607e-02    2.135786e-01    3.704384e+01    3.683026e+01    1.714000e+00    7.763512e-06    1.123184e-01    28     6
    858    -5.4250    -4.3750    1.539652e-06    3.711991e-02    3.711837e-02    2.135801e-01    3.708096e+01    3.686738e+01    1.716000e+00    7.784222e-06    1.123184e-01     3     0
    859     4.7250    -5.0750    1.535287e-06    3.721522e-02    3.721368e-02    2.135817e-01    3.711817e+01    3.690459e+01    1.718000e+00    7.752715e-06    1.123184e-01     1    29
    860     0.1750    -4.0250    1.523219e-06    3.926508e-02    3.926355e-02    2.135832e-01    3.715744e+01    3.694386e+01    1.720000e+00    7.498302e-06    1.123184e-01     4    16
    861     5.0750     4.0250    1.493825e-06    3.800835e-02    3.800686e-02    2.135847e-01    3.719545e+01    3.698186e+01    1.722000e+00    7.468207e-06    1.123184e-01    27    30
    862     4.3750    -4.7250    1.477860e-06    3.798684e-02    3.798536e-02    2.135862e-01    3.723343e+01    3.701985e+01    1.724000e+00    7.390381e-06    1.123184e-01     2    28
    863     0.5250    -4.0250    1.458346e-06    3.929829e-02    3.929683e-02    2.135876e-01    3.727273e+01    3.705914e+01    1.726000e+00    7.176074e-06    1.123184e-01     4    17
    864    -2.6250     3.3250    1.439385e-06    3.948990e-02    3.948846e-02    2.135891e-01    3.731222e+01    3.709863e+01    1.728000e+00    7.066400e-06    1.123184e-01    25     8
    865    -2.6250     4.3750    1.436040e-06    3.892428e-02    3.892284e-02    2.135905e-01    3.735115e+01    3.713756e+01    1.730000e+00    7.098531e-06    1.123184e-01    28     8
    866     4.3750     4.3750    1.427219e-06    3.837330e-02    3.837187e-02    2.135919e-01    3.738952e+01    3.717593e+01    1.732000e+00    7.102903e-06    1.123184e-01    28    28
    867    -1.5750    -4.0250    1.420497e-06    3.918779e-02    3.918637e-02    2.135933e-01    3.742871e+01    3.721511e+01    1.734000e+00    6.999201e-06    1.123184e-01     4    11
    868    -5.4250     3.3250    1.420092e-06    3.815392e-02    3.815250e-02    2.135948e-01    3.746686e+01    3.725327e+01    1.736000e+00    7.086712e-06    1.123184e-01    25     0
    869     2.9750     2.9750    1.419992e-06    3.959613e-02    3.959471e-02    2.135962e-01    3.750646e+01    3.729286e+01    1.738000e+00    6.962287e-06    1.123184e-01    24    24
    870    -2.9750     5.4250    1.416811e-06    3.831385e-02    3.831243e-02    2.135976e-01    3.754477e+01    3.733117e+01    1.740000e+00    7.056302e-06    1.123184e-01    31     7
    871     2.6250     5.0750    1.407819e-06    3.844488e-02    3.844347e-02    2.135990e-01    3.758322e+01    3.736962e+01    1.742000e+00    7.000153e-06    1.123184e-01    30    23
    872     0.1750     0.1750    1.364154e-06    2.076436e-04    2.062794e-04    2.136004e-01    3.758342e+01    3.736982e+01    1.744000e+00    2.902451e-05    1.123184e-01    16    16
    873    -2.9750     3.6750    1.354920e-06    3.883861e-02    3.883725e-02    2.136017e-01    3.762226e+01    3.740866e+01    1.746000e+00    6.704572e-06    1.123184e-01    26     7
    874     1.5750     5.4250    1.349269e-06    3.848200e-02    3.848065e-02    2.136031e-01    3.766074e+01    3.744714e+01    1.748000e+00    6.705953e-06    1.123184e-01    31    20
    875    -0.1750     4.7250    1.310597e-06    3.871325e-02    3.871194e-02    2.136044e-01    3.769946e+01    3.748585e+01    1.750000e+00    6.495226e-06    1.123184e-01    29    15
    876    -4.3750     4.0250    1.304945e-06    3.842913e-02    3.842783e-02    2.136057e-01    3.773789e+01    3.752428e+01    1.752000e+00    6.489898e-06    1.123184e-01    27     3
    877    -2.2750     5.0750    1.303426e-06    3.855888e-02    3.855758e-02    2.136070e-01    3.777645e+01    3.756284e+01    1.754000e+00    6.471969e-06    1.123184e-01    30     9
    878    -5.4250    -4.0250    1.289441e-06    3.741262e-02    3.741133e-02    2.136083e-01    3.781386e+01    3.760025e+01    1.756000e+00    6.494964e-06    1.123184e-01     4     0
    879    -4.3750    -4.0250    1.280366e-06    3.842640e-02    3.842512e-02    2.136096e-01    3.785228e+01    3.763868e+01    1.758000e+00    6.367880e-06    1.123184e-01     4     3
    880    -2.2750     3.3250    1.271128e-06    3.941117e-02    3.940990e-02    2.136108e-01    3.789170e+01    3.767809e+01    1.760000e+00    6.246317e-06    1.123184e-01    25     9
    881    -1.2250    -4.3750    1.268520e-06    3.882637e-02    3.882510e-02    2.136121e-01    3.793052e+01    3.771691e+01    1.762000e+00    6.277982e-06    1.123184e-01     3    12
    882    -1.5750    -5.4250    1.261786e-06    3.843714e-02    3.843587e-02    2.136134e-01    3.796896e+01    3.775535e+01    1.764000e+00    6.274636e-06    1.123184e-01     0    11
    883     2.6250    -4.0250    1.260134e-06    3.879296e-02    3.879170e-02    2.136146e-01    3.800775e+01    3.779414e+01    1.766000e+00    6.239035e-06    1.123184e-01     4    23
    884    -4.0250    -5.0750    1.255478e-06    3.783454e-02    3.783328e-02    2.136159e-01    3.804559e+01    3.783197e+01    1.768000e+00    6.290316e-06    1.123184e-01     1     4
    885    -2.9750    -3.6750    1.239904e-06    3.882796e-02    3.882672e-02    2.136171e-01    3.808441e+01    3.787080e+01    1.770000e+00    6.136242e-06    1.123184e-01     5     7
    886     3.6750     3.6750    1.233989e-06    3.899444e-02    3.899320e-02    2.136184e-01    3.812341e+01    3.790979e+01    1.772000e+00    6.094559e-06    1.123184e-01    26    26
    887    -5.0750     5.0750    1.233188e-06    3.664022e-02    3.663899e-02    2.136196e-01    3.816005e+01    3.794643e+01    1.774000e+00    6.273394e-06    1.123184e-01    30     1
    888     2.9750    -5.0750    1.230611e-06    3.838362e-02    3.838239e-02    2.136208e-01    3.819843e+01    3.798481e+01    1.776000e+00    6.123668e-06    1.123184e-01     1    24
    889    -2.2750    -4.7250    1.227934e-06    3.886317e-02    3.886194e-02    2.136221e-01    3.823730e+01    3.802367e+01    1.778000e+00    6.074386e-06    1.123184e-01     2     9
    890     2.9750     4.0250    1.218877e-06    3.888703e-02    3.888581e-02    2.136233e-01    3.827618e+01    3.806256e+01    1.780000e+00    6.027826e-06    1.123184e-01    27    24
    891     5.4250    -4.0250    1.215610e-06    3.746487e-02    3.746365e-02    2.136245e-01    3.831365e+01    3.810002e+01    1.782000e+00    6.119025e-06    1.123184e-01     4    31
    892    -5.0750    -5.0750    1.207615e-06    3.646150e-02    3.646029e-02    2.136257e-01    3.835011e+01    3.813648e+01    1.784000e+00    6.157560e-06    1.123184e-01     1     1
    893     5.0750     4.3750    1.204403e-06    3.758516e-02    3.758395e-02    2.136269e-01    3.838769e+01    3.817407e+01    1.786000e+00    6.053393e-06    1.123184e-01    28    30
    894     0.8750     5.4250    1.199452e-06    3.862968e-02    3.862848e-02    2.136281e-01    3.842632e+01    3.821270e+01    1.788000e+00    5.950516e-06    1.123184e-01    31    18
    895    -2.2750    -3.6750    1.194680e-06    3.925839e-02    3.925719e-02    2.136293e-01    3.846558e+01    3.825195e+01    1.790000e+00    5.881516e-06    1.123184e-01     5     9
    896     0.1750    -0.1750    1.187534e-06    2.117820e-04    2.105944e-04    2.136305e-01    3.846579e+01    3.825216e+01    1.792000e+00    2.524401e-05    1.123184e-01    15    16
    897    -5.4250     4.0250    1.180816e-06    3.745145e-02    3.745027e-02    2.136317e-01    3.850325e+01    3.828961e+01    1.794000e+00    5.944894e-06    1.123184e-01    27     0
    898    -4.7250     2.6250    1.174522e-06    3.892594e-02    3.892477e-02    2.136328e-01    3.854217e+01    3.832854e+01    1.796000e+00    5.805712e-06    1.123184e-01    23     2
    899     5.0750     5.0750    1.167401e-06    3.678681e-02    3.678564e-02    2.136340e-01    3.857896e+01    3.836532e+01    1.798000e+00    5.927502e-06    1.123184e-01    30    30
    900    -4.0250     5.0750    1.143459e-06    3.791462e-02    3.791348e-02    2.136351e-01    3.861687e+01    3.840324e+01    1.800000e+00    5.723325e-06    1.123184e-01    30     4
    901    -2.6250     2.6250    1.137049e-06    3.934063e-02    3.933949e-02    2.136363e-01    3.865621e+01    3.844258e+01    1.802000e+00    5.592225e-06    1.123184e-01    23     8
    902    -2.6250    -2.6250    1.137013e-06    3.931242e-02    3.931128e-02    2.136374e-01    3.869553e+01    3.848189e+01    1.804000e+00    5.593959e-06    1.123184e-01     8     8
    903    -5.0750    -4.7250    1.132903e-06    3.717720e-02    3.717607e-02    2.136386e-01    3.873270e+01    3.851907e+01    1.806000e+00    5.723605e-06    1.123184e-01     2     1
    904    -2.6250     2.2750    1.119202e-06    4.017410e-02    4.017298e-02    2.136397e-01    3.877288e+01    3.855924e+01    1.808000e+00    5.449790e-06    1.123184e-01    22     8
    905    -0.1750    -3.6750    1.119078e-06    3.876637e-02    3.876525e-02    2.136408e-01    3.881164e+01    3.859800e+01    1.810000e+00    5.542471e-06    1.123184e-01     5    15
    906    -4.7250    -2.6250    1.110867e-06    3.888606e-02    3.888495e-02    2.136419e-01    3.885053e+01    3.863689e+01    1.812000e+00    5.493746e-06    1.123184e-01     8     2
    907    -3.3250     2.9750    1.095847e-06    3.926636e-02    3.926526e-02    2.136430e-01    3.888980e+01    3.867615e+01    1.814000e+00    5.394434e-06    1.123184e-01    24     6
    908    -5.4250     4.7250    1.095193e-06    3.650643e-02    3.650533e-02    2.136441e-01    3.892630e+01    3.871266e+01    1.816000e+00    5.581075e-06    1.123184e-01    29     0
    909    -5.0750     4.7250    1.070031e-06    3.722619e-02    3.722512e-02    2.136452e-01    3.896353e+01    3.874988e+01    1.818000e+00    5.402594e-06    1.123184e-01    29     1
    910    -5.4250    -3.3250    1.055402e-06    3.810096e-02    3.809991e-02    2.136462e-01    3.900163e+01    3.878798e+01    1.820000e+00    5.270294e-06    1.123184e-01     6     0
    911     4.3750     4.7250    1.050970e-06    3.805556e-02    3.805451e-02    2.136473e-01    3.903969e+01    3.882604e+01    1.822000e+00    5.251138e-06    1.123184e-01    29    28
    912    -2.6250    -4.3750    1.049430e-06    3.892734e-02    3.892630e-02    2.136483e-01    3.907861e+01    3.886496e+01    1.824000e+00    5.187295e-06    1.123184e-01     3     8
    913     1.2250     5.4250    1.048382e-06    3.856213e-02    3.856108e-02    2.136494e-01    3.911718e+01    3.890353e+01    1.826000e+00    5.205393e-06    1.123184e-01    31    19
    914    -2.6250    -4.7250    1.047607e-06    3.869658e-02    3.869554e-02    2.136504e-01    3.915587e+01    3.894222e+01    1.828000e+00    5.192947e-06    1.123184e-01     2     8
    915    -2.6250     2.9750    1.027098e-06    3.941787e-02    3.941684e-02    2.136514e-01    3.919529e+01    3.898164e+01    1.830000e+00    5.046759e-06    1.123184e-01    24     8
    916    -2.9750    -5.4250    1.026472e-06    3.827369e-02    3.827266e-02    2.136525e-01    3.923356e+01    3.901991e+01    1.832000e+00    5.114825e-06    1.123184e-01     0     7
    917    -2.6250    -2.9750    1.023538e-06    3.945928e-02    3.945826e-02    2.136535e-01    3.927302e+01    3.905937e+01    1.834000e+00    5.026757e-06    1.123184e-01     7     8
    918    -2.6250    -2.2750    1.012167e-06    4.000575e-02    4.000473e-02    2.136545e-01    3.931303e+01    3.909937e+01    1.836000e+00    4.938471e-06    1.123184e-01     9     8
    919    -0.5250    -4.7250    1.004929e-06    3.872570e-02    3.872469e-02    2.136555e-01    3.935175e+01    3.913810e+01    1.838000e+00    4.979617e-06    1.123184e-01     2    14
    920    -4.3750    -3.6750    1.004453e-06    3.847925e-02    3.847824e-02    2.136565e-01    3.939023e+01    3.917658e+01    1.840000e+00    4.992386e-06    1.123184e-01     5     3
    921     0.1750     4.0250    1.004345e-06    3.921186e-02    3.921086e-02    2.136575e-01    3.942945e+01    3.921579e+01    1.842000e+00    4.947281e-06    1.123184e-01    27    16
    922    -5.4250    -4.7250    9.938189e-07    3.629926e-02    3.629827e-02    2.136585e-01    3.946574e+01    3.925209e+01    1.844000e+00    5.078160e-06    1.123184e-01     2     0
    923    -2.2750    -3.3250    9.771770e-07    3.944851e-02    3.944753e-02    2.136595e-01    3.950519e+01    3.929153e+01    1.846000e+00    4.799695e-06    1.123184e-01     6     9
    924    -3.6750     4.0250    9.504910e-07    3.875296e-02    3.875201e-02    2.136604e-01    3.954395e+01    3.933029e+01    1.848000e+00    4.708292e-06    1.123184e-01    27     5
    925    -1.2250     4.3750    9.432774e-07    3.888211e-02    3.888117e-02    2.136614e-01    3.958283e+01    3.936917e+01    1.850000e+00    4.665173e-06    1.123184e-01    28    12
    926     5.0750    -4.0250    9.399043e-07    3.794779e-02    3.794685e-02    2.136623e-01    3.962078e+01    3.940711e+01    1.852000e+00    4.702536e-06    1.123184e-01     4    30
    927     0.5250     5.0750    9.319566e-07    3.887464e-02    3.887371e-02    2.136633e-01    3.965965e+01    3.944599e+01    1.854000e+00    4.609605e-06    1.123184e-01    30    17
    928    -3.3250     5.0750    9.304150e-07    3.837187e-02    3.837094e-02    2.136642e-01    3.969802e+01    3.948436e+01    1.856000e+00    4.630546e-06    1.123184e-01    30     6
    929    -5.0750     5.4250    9.298588e-07    3.441575e-02    3.441482e-02    2.136651e-01    3.973244e+01    3.951877e+01    1.858000e+00    4.872668e-06    1.123184e-01    31     1
    930     4.0250    -3.6750    9.155636e-07    3.877750e-02    3.877659e-02    2.136660e-01    3.977122e+01    3.955755e+01    1.860000e+00    4.533915e-06    1.123184e-01     5    27
    931    -4.3750     4.3750    9.153388e-07    3.834923e-02    3.834831e-02    2.136669e-01    3.980956e+01    3.959590e+01    1.862000e+00    4.556793e-06    1.123184e-01    28     3
    932     4.3750    -4.3750    8.947754e-07    3.834756e-02    3.834666e-02    2.136678e-01    3.984791e+01    3.963424e+01    1.864000e+00    4.454517e-06    1.123184e-01     3    28
    933    -4.3750     3.6750    8.930469e-07    3.850021e-02    3.849931e-02    2.136687e-01    3.988641e+01    3.967274e+01    1.866000e+00    4.437526e-06    1.123184e-01    26     3
    934    -3.6750    -4.0250    8.799584e-07    3.870213e-02    3.870125e-02    2.136696e-01    3.992511e+01    3.971145e+01    1.868000e+00    4.361631e-06    1.123184e-01     4     5
    935    -1.9250     5.0750    8.798804e-07    3.871440e-02    3.871352e-02    2.136705e-01    3.996383e+01    3.975016e+01    1.870000e+00    4.360587e-06    1.123184e-01    30    10
    936    -5.0750    -5.4250    8.722804e-07    3.385159e-02    3.385072e-02    2.136714e-01    3.999768e+01    3.978401e+01    1.872000e+00    4.606771e-06    1.123184e-01     0     1
    937     4.0250    -4.7250    8.626416e-07    3.831410e-02    3.831323e-02    2.136722e-01    4.003599e+01    3.982232e+01    1.874000e+00    4.296327e-06    1.123184e-01     2    27
    938     2.6250    -5.0750    8.450883e-07    3.841889e-02    3.841804e-02    2.136731e-01    4.007441e+01    3.986074e+01    1.876000e+00    4.203445e-06    1.123184e-01     1    23
    939    -4.3750    -4.3750    8.423414e-07    3.831617e-02    3.831532e-02    2.136739e-01    4.011273e+01    3.989906e+01    1.878000e+00    4.195116e-06    1.123185e-01     3     3
    940     5.4250     4.0250    8.240379e-07    3.750736e-02    3.750653e-02    2.136747e-01    4.015024e+01    3.993656e+01    1.880000e+00    4.145755e-06    1.123185e-01    27    31
    941    -2.2750     3.6750    8.232145e-07    3.932650e-02    3.932567e-02    2.136756e-01    4.018956e+01    3.997589e+01    1.882000e+00    4.049435e-06    1.123185e-01    26     9
    942     5.0750    -5.0750    8.089275e-07    3.663886e-02    3.663805e-02    2.136764e-01    4.022620e+01    4.001253e+01    1.884000e+00    4.115218e-06    1.123185e-01     1    30
    943    -3.3250    -2.9750    8.059737e-07    3.919809e-02    3.919728e-02    2.136772e-01    4.026540e+01    4.005172e+01    1.886000e+00    3.970801e-06    1.123185e-01     7     6
    944    -1.5750     5.4250    7.882098e-07    3.847042e-02    3.846963e-02    2.136780e-01    4.030387e+01    4.009019e+01    1.888000e+00    3.918039e-06    1.123185e-01    31    11
    945     0.1750    -5.0750    7.825632e-07    3.887628e-02    3.887550e-02    2.136787e-01    4.034275e+01    4.012907e+01    1.890000e+00    3.870612e-06    1.123185e-01     1    16
    946     2.9750     5.0750    7.699063e-07    3.838613e-02    3.838536e-02    2.136795e-01    4.038113e+01    4.016745e+01    1.892000e+00    3.831048e-06    1.123185e-01    30    24
    947     5.4250    -5.4250    7.687787e-07    2.960009e-02    2.959932e-02    2.136803e-01    4.041073e+01    4.019705e+01    1.894000e+00    4.324659e-06    1.123185e-01     0    31
    948    -0.1750    -4.7250    7.620405e-07    3.871493e-02    3.871417e-02    2.136810e-01    4.044945e+01    4.023577e+01    1.896000e+00    3.776567e-06    1.123185e-01     2    15
    949    -4.0250     3.6750    7.565228e-07    3.877718e-02    3.877643e-02    2.136818e-01    4.048823e+01    4.027454e+01    1.898000e+00    3.746359e-06    1.123185e-01    26     4
    950    -3.3250    -4.0250    7.414749e-07    3.892649e-02    3.892575e-02    2.136825e-01    4.052715e+01    4.031347e+01    1.900000e+00    3.665138e-06    1.123185e-01     4     6
    951     3.6750    -3.6750    7.221340e-07    3.898498e-02    3.898426e-02    2.136833e-01    4.056614e+01    4.035245e+01    1.902000e+00    3.566988e-06    1.123185e-01     5    26
    952    -1.2250     5.4250    7.157932e-07    3.855051e-02    3.854979e-02    2.136840e-01    4.060469e+01    4.039100e+01    1.904000e+00    3.554558e-06    1.123185e-01    31    12
    953    -3.3250    -5.0750    7.128523e-07    3.835679e-02    3.835607e-02    2.136847e-01    4.064304e+01    4.042936e+01    1.906000e+00    3.548440e-06    1.123185e-01     1     6
    954    -2.6250     4.7250    7.067833e-07    3.874999e-02    3.874928e-02    2.136854e-01    4.068179e+01    4.046811e+01    1.908000e+00    3.501215e-06    1.123185e-01    29     8
    955    -2.9750    -4.3750    6.955123e-07    3.884190e-02    3.884121e-02    2.136861e-01    4.072064e+01    4.050695e+01    1.910000e+00    3.441503e-06    1.123185e-01     3     7
    956    -0.5250     4.7250    6.672398e-07    3.871600e-02    3.871534e-02    2.136868e-01    4.075935e+01    4.054567e+01    1.912000e+00    3.306708e-06    1.123185e-01    29    14
    957    -3.3250     4.0250    6.451807e-07    3.894966e-02    3.894901e-02    2.136874e-01    4.079830e+01    4.058461e+01    1.914000e+00    3.188253e-06    1.123185e-01    27     6
    958     5.4250     5.4250    6.105702e-07    3.047972e-02    3.047911e-02    2.136880e-01    4.082878e+01    4.061509e+01    1.916000e+00    3.387859e-06    1.123185e-01    31    31
    959     4.0250     3.6750    6.097096e-07    3.882107e-02    3.882046e-02    2.136886e-01    4.086760e+01    4.065391e+01    1.918000e+00    3.017711e-06    1.123185e-01    26    27
    960     4.3750     5.4250    5.788834e-07    3.721077e-02    3.721019e-02    2.136892e-01    4.090481e+01    4.069112e+01    1.920000e+00    2.923380e-06    1.123185e-01    31    28
    961    -4.7250    -5.4250    5.762743e-07    3.628677e-02    3.628620e-02    2.136898e-01    4.094110e+01    4.072741e+01    1.922000e+00    2.945110e-06    1.123185e-01     0     2
    962    -3.6750     4.3750    5.749554e-07    3.845993e-02    3.845935e-02    2.136904e-01    4.097956e+01    4.076587e+01    1.924000e+00    2.858371e-06    1.123185e-01    28     5
    963     5.0750    -5.4250    5.594983e-07    3.436498e-02    3.436442e-02    2.136909e-01    4.101393e+01    4.080023e+01    1.926000e+00    2.933957e-06    1.123185e-01     0    30
    964    -4.0250    -4.7250    5.531697e-07    3.828029e-02    3.827974e-02    2.136915e-01    4.105221e+01    4.083851e+01    1.928000e+00    2.756190e-06    1.123185e-01     2     4
    965    -4.0250    -3.6750    5.523423e-07    3.873035e-02    3.872980e-02    2.136920e-01    4.109094e+01    4.087724e+01    1.930000e+00    2.736820e-06    1.123185e-01     5     4
    966    -4.7250     5.4250    5.521985e-07    3.652490e-02    3.652435e-02    2.136926e-01    4.112746e+01    4.091377e+01    1.932000e+00    2.813334e-06    1.123185e-01    31     2
    967    -1.9250    -5.0750    5.505654e-07    3.865839e-02    3.865784e-02    2.136931e-01    4.116612e+01    4.095243e+01    1.934000e+00    2.730429e-06    1.123185e-01     1    10
    968     0.5250    -5.0750    5.354572e-07    3.888113e-02    3.888059e-02    2.136937e-01    4.120500e+01    4.099131e+01    1.936000e+00    2.648259e-06    1.123185e-01     1    17
    969    -3.6750    -4.3750    5.242261e-07    3.843631e-02    3.843579e-02    2.136942e-01    4.124344e+01    4.102974e+01    1.938000e+00    2.606934e-06    1.123185e-01     3     5
    970     3.6750     4.7250    5.175224e-07    3.839111e-02    3.839059e-02    2.136947e-01    4.128183e+01    4.106813e+01    1.940000e+00    2.575037e-06    1.123185e-01    29    26
    971    -4.3750     4.7250    5.107356e-07    3.799258e-02    3.799207e-02    2.136952e-01    4.131982e+01    4.110613e+01    1.942000e+00    2.553899e-06    1.123185e-01    29     3
    972     4.0250     4.7250    5.080643e-07    3.834493e-02    3.834442e-02    2.136957e-01    4.135817e+01    4.114447e+01    1.944000e+00    2.529423e-06    1.123185e-01    29    27
    973     0.1750     5.0750    4.981871e-07    3.886391e-02    3.886341e-02    2.136962e-01    4.139703e+01    4.118333e+01    1.946000e+00    2.464449e-06    1.123185e-01    30    16
    974    -2.9750     4.3750    4.851579e-07    3.887981e-02    3.887933e-02    2.136967e-01    4.143591e+01    4.122221e+01    1.948000e+00    2.399529e-06    1.123185e-01    28     7
    975    -4.0250     4.7250    4.845107e-07    3.832117e-02    3.832068e-02    2.136972e-01    4.147423e+01    4.126053e+01    1.950000e+00    2.412872e-06    1.123185e-01    29     4
    976    -5.0750    -4.3750    4.822670e-07    3.747189e-02    3.747141e-02    2.136977e-01    4.151170e+01    4.129800e+01    1.952000e+00    2.427398e-06    1.123185e-01     3     1
    977    -4.3750    -4.7250    4.743694e-07    3.791583e-02    3.791535e-02    2.136982e-01    4.154962e+01    4.133592e+01    1.954000e+00    2.374333e-06    1.123185e-01     2     3
    978    -1.2250    -5.4250    4.690596e-07    3.850190e-02    3.850143e-02    2.136986e-01    4.158812e+01    4.137442e+01    1.956000e+00    2.330708e-06    1.123185e-01     0    12
    979    -3.6750    -5.0750    4.652984e-07    3.818827e-02    3.818781e-02    2.136991e-01    4.162631e+01    4.141261e+01    1.958000e+00    2.321022e-06    1.123185e-01     1     5
    980    -2.9750     4.0250    4.585549e-07    3.890536e-02    3.890490e-02    2.136995e-01    4.166521e+01    4.145151e+01    1.960000e+00    2.267247e-06    1.123185e-01    27     7
    981    -4.3750     3.3250    4.566432e-07    3.873864e-02    3.873818e-02    2.137000e-01    4.170395e+01    4.149025e+01    1.962000e+00    2.262410e-06    1.123185e-01    25     3
    982    -5.4250    -3.6750    4.528717e-07    3.772470e-02    3.772425e-02    2.137005e-01    4.174168e+01    4.152798e+01    1.964000e+00    2.272178e-06    1.123185e-01     5     0
    983    -5.4250     5.0750    4.437749e-07    3.436987e-02    3.436942e-02    2.137009e-01    4.177605e+01    4.156235e+01    1.966000e+00    2.326962e-06    1.123185e-01    30     0
    984     3.6750    -4.7250    4.414303e-07    3.838878e-02    3.838834e-02    2.137013e-01    4.181444e+01    4.160073e+01    1.968000e+00    2.196491e-06    1.123185e-01     2    26
    985    -3.3250    -5.4250    4.187726e-07    3.802162e-02    3.802120e-02    2.137018e-01    4.185246e+01    4.163876e+01    1.970000e+00    2.093287e-06    1.123185e-01     0     6
    986    -5.4250     3.6750    3.913953e-07    3.778209e-02    3.778170e-02    2.137021e-01    4.189024e+01    4.167654e+01    1.972000e+00    1.962320e-06    1.123185e-01    26     0
    987    -4.3750    -3.3250    3.901347e-07    3.869653e-02    3.869614e-02    2.137025e-01    4.192894e+01    4.171523e+01    1.974000e+00    1.933899e-06    1.123185e-01     6     3
    988     5.4250     5.0750    3.876881e-07    3.486436e-02    3.486397e-02    2.137029e-01    4.196380e+01    4.175010e+01    1.976000e+00    2.019189e-06    1.123185e-01    30    31
    989    -5.0750     4.3750    3.824728e-07    3.752371e-02    3.752333e-02    2.137033e-01    4.200132e+01    4.178762e+01    1.978000e+00    1.923843e-06    1.123185e-01    28     1
    990    -4.7250    -5.0750    3.792105e-07    3.716653e-02    3.716616e-02    2.137037e-01    4.203849e+01    4.182479e+01    1.980000e+00    1.916111e-06    1.123185e-01     1     2
    991    -5.4250    -5.0750    3.712690e-07    3.385507e-02    3.385470e-02    2.137041e-01    4.207235e+01    4.185864e+01    1.982000e+00    1.960700e-06    1.123185e-01     1     0
    992     4.3750    -5.4250    3.550683e-07    3.715697e-02    3.715661e-02    2.137044e-01    4.210950e+01    4.189580e+01    1.984000e+00    1.794343e-06    1.123185e-01     0    28
    993     5.0750     5.4250    3.512628e-07    3.485984e-02    3.485949e-02    2.137048e-01    4.214436e+01    4.193066e+01    1.986000e+00    1.829588e-06    1.123185e-01    31    30
    994    -4.7250     4.3750    3.485615e-07    3.799986e-02    3.799951e-02    2.137051e-01    4.218236e+01    4.196866e+01    1.988000e+00    1.742803e-06    1.123185e-01    28     2
    995    -4.7250     5.0750    3.448018e-07    3.721976e-02    3.721941e-02    2.137055e-01    4.221958e+01    4.200588e+01    1.990000e+00    1.741066e-06    1.123185e-01    30     2
    996    -2.9750    -4.0250    3.444854e-07    3.892268e-02    3.892233e-02    2.137058e-01    4.225850e+01    4.204480e+01    1.992000e+00    1.702892e-06    1.123185e-01     4     7
    997    -4.3750     5.0750    3.420102e-07    3.750807e-02    3.750772e-02    2.137061e-01    4.229601e+01    4.208231e+01    1.994000e+00    1.720657e-06    1.123185e-01    30     3
    998    -3.6750     5.0750    3.342677e-07    3.824587e-02    3.824553e-02    2.137065e-01    4.233426e+01    4.212055e+01    1.996000e+00    1.666218e-06    1.123185e-01    30     5
    999     4.7250     4.3750    3.337309e-07    3.806686e-02    3.806653e-02    2.137068e-01    4.237233e+01    4.215862e+01    1.998000e+00    1.667254e-06    1.123185e-01    28    29
   1000    -5.0750     4.0250    3.278015e-07    3.793235e-02    3.793202e-02    2.137071e-01    4.241026e+01    4.219655e+01    2.000000e+00    1.640389e-06    1.123185e-01    27     1
   1001    -4.3750    -5.0750    3.247972e-07    3.744948e-02    3.744916e-02    2.137075e-01    4.244771e+01    4.223400e+01    2.002000e+00    1.635271e-06    1.123185e-01     1     3
   1002    -3.3250    -3.6750    3.126497e-07    3.893305e-02    3.893274e-02    2.137078e-01    4.248664e+01    4.227293e+01    2.004000e+00    1.545323e-06    1.123185e-01     5     6
   1003     4.7250    -5.4250    2.963935e-07    3.649222e-02    3.649193e-02    2.137081e-01    4.252313e+01    4.230942e+01    2.006000e+00    1.510708e-06    1.123185e-01     0    29
   1004     4.7250    -4.3750    2.925099e-07    3.800262e-02    3.800233e-02    2.137084e-01    4.256114e+01    4.234743e+01    2.008000e+00    1.462496e-06    1.123185e-01     3    29
   1005    -3.3250     5.4250    2.903648e-07    3.809873e-02    3.809844e-02    2.137087e-01    4.259923e+01    4.238553e+01    2.010000e+00    1.450031e-06    1.123185e-01    31     6
   1006    -3.3250     3.6750    2.893507e-07    3.891493e-02    3.891465e-02    2.137089e-01    4.263815e+01    4.242444e+01    2.012000e+00    1.430481e-06    1.123185e-01    26     6
   1007    -4.7250    -4.3750    2.439463e-07    3.792794e-02    3.792770e-02    2.137092e-01    4.267608e+01    4.246237e+01    2.014000e+00    1.220828e-06    1.123185e-01     3     2
   1008    -3.3250     3.3250    2.361990e-07    3.890647e-02    3.890623e-02    2.137094e-01    4.271498e+01    4.250127e+01    2.016000e+00    1.167833e-06    1.123185e-01    25     6
   1009    -3.3250    -3.3250    2.259998e-07    3.888725e-02    3.888702e-02    2.137097e-01    4.275387e+01    4.254016e+01    2.018000e+00    1.117668e-06    1.123185e-01     6     6
   1010     5.4250    -5.0750    2.232715e-07    3.441849e-02    3.441827e-02    2.137099e-01    4.278829e+01    4.257458e+01    2.020000e+00    1.169960e-06    1.123185e-01     1    31
   1011    -5.0750    -4.0250    2.189275e-07    3.786787e-02    3.786765e-02    2.137101e-01    4.282616e+01    4.261245e+01    2.022000e+00    1.096447e-06    1.123185e-01     4     1
   1012    -4.0250    -4.3750    2.174818e-07    3.841015e-02    3.840993e-02    2.137103e-01    4.286457e+01    4.265086e+01    2.024000e+00    1.081873e-06    1.123185e-01     3     4
   1013    -4.3750     5.4250    2.001373e-07    3.716604e-02    3.716584e-02    2.137105e-01    4.290173e+01    4.268802e+01    2.026000e+00    1.011281e-06    1.123185e-01    31     3
   1014    -3.6750     4.7250    1.993562e-07    3.839134e-02    3.839114e-02    2.137107e-01    4.294012e+01    4.272641e+01    2.028000e+00    9.919379e-07    1.123185e-01    29     5
   1015    -4.0250     4.3750    1.913086e-07    3.841287e-02    3.841267e-02    2.137109e-01    4.297854e+01    4.276483e+01    2.030000e+00    9.516420e-07    1.123185e-01    28     4
   1016     4.7250     5.4250    1.903452e-07    3.667578e-02    3.667559e-02    2.137111e-01    4.301521e+01    4.280150e+01    2.032000e+00    9.678796e-07    1.123185e-01    31    29
   1017    -4.3750    -5.4250    1.737897e-07    3.709671e-02    3.709653e-02    2.137113e-01    4.305231e+01    4.283860e+01    2.034000e+00    8.789273e-07    1.123185e-01     0     3
   1018    -3.6750    -4.7250    1.561745e-07    3.838534e-02    3.838518e-02    2.137114e-01    4.309069e+01    4.287698e+01    2.036000e+00    7.771366e-07    1.123185e-01     2     5
   1019    -4.7250    -4.7250    1.246432e-07    3.747744e-02    3.747732e-02    2.137115e-01    4.312817e+01    4.291446e+01    2.038000e+00    6.273260e-07    1.123185e-01     2     2
   1020    -5.4250     5.4250    1.094706e-07    2.959994e-02    2.959984e-02    2.137117e-01    4.315777e+01    4.294406e+01    2.040000e+00    6.158194e-07    1.123185e-01    31     0
   1021    -4.0250     4.0250    1.033646e-07    3.849973e-02    3.849963e-02    2.137118e-01    4.319627e+01    4.298256e+01    2.042000e+00    5.136240e-07    1.123185e-01    27     4
   1022    -4.7250     4.7250    1.002407e-07    3.754173e-02    3.754163e-02    2.137119e-01    4.323381e+01    4.302010e+01    2.044000e+00    5.040986e-07    1.123185e-01    29     2
   1023    -4.0250    -4.0250    9.750704e-08    3.847388e-02    3.847378e-02    2.137120e-01    4.327229e+01    4.305858e+01    2.046000e+00    4.846721e-07    1.123185e-01     4     4
   1024    -5.4250    -5.4250    9.028100e-08    2.866914e-02    2.866905e-02    2.137121e-01    4.330096e+01    4.308724e+01    2.048000e+00    5.155193e-07    1.123185e-01     0     0
# 
# --- SNR COMPARISON ---
# Flux scaling factor:    4.000000e-01
# Dark current per pixel: 2.000000e-03
# IFS optimal cumulative SNR: 1.123185e-01  (N=1024 pixels)
# IFS time for SNR=20:       31707.19 sec (8.81 hr)
# MEFS planet coupled:    2.742783e-01
# MEFS background coupled: 1.878088e+00
# MEFS SNR (no dark):     2.955992e-01
# MEFS SNR (with dark):   1.868666e-01
# MEFS / IFS SNR ratio:   1.663721
# MEFS time for SNR=20:      11455.04 sec (3.18 hr)
# IFS/MEFS time ratio:    2.767967
